job_id,skill_id
1,1
1,3
1,4
1,10
1,18
1,39
1,45
2,1
2,3
2,4
2,45
2,46
3,1
3,2
3,3
3,4
3,10
3,25
3,38
4,2
4,3
4,5
4,10
4,38
4,43
5,1
5,2
5,3
5,5
5,38
6,1
6,2
6,3
6,4
6,5
6,10
7,1
7,2
7,3
7,4
7,5
8,1
8,3
8,4
8,45
8,46
8,47
9,3
9,4
9,12
9,25
9,28
9,36
10,1
10,2
10,4
10,5
10,10
11,1
11,2
11,3
11,4
11,5
11,29
12,1
12,2
12,3
12,4
12,5
12,10
12,45
13,1
13,3
13,4
13,9
13,45
13,46
13,47
14,1
14,2
14,3
14,4
14,5
14,10
14,46
15,3
15,4
15,36
15,45
15,47
16,1
16,4
16,12
16,36
16,45
17,1
17,2
17,3
17,10
17,38
18,1
18,3
18,10
18,13
18,39
18,45
19,1
19,2
19,4
19,16
19,24
19,33
19,37
20,1
20,2
20,3
20,4
20,5
20,10
21,1
21,2
21,7
21,8
21,26
21,27
22,2
22,3
22,4
22,5
22,10
23,1
23,2
23,3
23,4
23,5
23,10
24,2
24,3
24,4
24,5
24,10
25,1
25,4
25,10
25,39
25,45
26,1
26,2
26,7
26,20
26,26
26,27
27,1
27,3
27,4
27,10
27,16
27,39
28,2
28,3
28,4
28,5
28,10
29,2
29,3
29,10
29,19
29,38
30,1
30,3
30,4
30,12
30,25
30,36
31,1
31,2
31,3
31,4
31,5
31,10
32,3
32,4
32,25
32,36
32,39
33,1
33,3
33,4
33,13
33,45
33,46
33,47
34,3
34,4
34,12
34,25
35,1
35,7
35,8
35,11
35,26
35,27
36,1
36,3
36,4
36,10
36,45
37,3
37,4
37,25
37,36
38,2
38,3
38,4
38,5
38,10
39,1
39,3
39,4
39,10
39,22
39,39
39,45
40,2
40,3
40,4
40,12
40,25
40,36
41,1
41,2
41,3
41,10
41,38
42,1
42,4
42,21
42,45
42,47
43,1
43,2
43,3
43,4
43,5
44,1
44,2
44,3
44,4
44,5
44,23
45,1
45,4
45,5
45,10
45,41
46,1
46,10
46,39
46,45
47,1
47,2
47,10
47,25
47,38
48,1
48,2
48,3
48,22
48,24
48,33
49,1
49,2
49,3
49,12
49,25
50,1
50,4
50,11
50,45
50,46
50,47
51,1
51,3
51,4
51,28
51,46
51,47
52,1
52,3
52,4
52,21
52,45
52,46
52,47
53,4
53,5
53,10
53,30
53,36
54,1
54,2
54,4
54,10
54,32
54,36
55,1
55,2
55,22
55,24
55,33
55,37
56,1
56,3
56,4
56,12
56,21
56,36
57,2
57,3
57,4
57,5
57,7
57,10
58,1
58,2
58,3
58,4
58,5
58,10
58,47
59,1
59,2
59,3
59,25
60,1
60,3
60,4
60,29
60,45
60,46
60,47
61,1
61,3
61,4
61,5
61,10
62,1
62,3
62,4
62,41
62,46
63,1
63,2
63,10
63,25
63,38
64,1
64,12
64,45
64,46
64,47
65,1
65,4
65,5
65,10
65,25
66,3
66,4
66,10
66,45
67,2
67,7
67,8
67,27
68,1
68,2
68,3
68,4
68,5
68,10
68,30
69,1
69,3
69,4
69,39
69,45
70,1
70,4
70,10
70,36
71,1
71,3
71,12
71,25
72,1
72,20
72,45
72,46
72,47
73,1
73,3
73,4
73,12
73,25
73,36
74,1
74,2
74,3
74,4
74,5
74,10
75,1
75,3
75,4
75,10
75,38
75,39
75,45
76,1
76,2
76,3
76,4
76,5
76,10
76,22
77,1
77,3
77,4
77,30
77,45
77,46
77,47
78,1
78,2
78,4
78,5
78,10
78,24
79,1
79,3
79,4
79,45
79,46
79,47
80,1
80,2
80,3
80,4
80,5
80,10
80,38
81,1
81,2
81,7
81,8
81,24
81,26
81,27
82,1
82,3
82,4
82,45
82,46
82,47
83,1
83,2
83,4
83,5
83,10
83,36
84,2
84,34
84,36
84,37
85,1
85,2
85,16
85,22
85,24
85,33
85,37
86,1
86,2
86,4
86,5
86,12
86,36
87,1
87,3
87,4
87,45
88,1
88,4
88,12
88,36
88,46
89,2
89,7
89,8
89,27
90,1
90,3
90,4
90,10
90,30
90,39
91,2
91,16
91,22
91,24
91,26
91,33
91,37
92,1
92,2
92,28
92,36
92,45
93,1
93,2
93,3
93,4
93,10
94,1
94,2
94,3
94,4
94,5
95,1
95,2
95,7
95,8
95,12
95,26
95,27
96,1
96,2
96,8
96,26
96,27
97,1
97,3
97,4
97,7
97,45
97,46
97,47
98,1
98,2
98,7
98,8
98,13
98,26
98,27
99,1
99,2
99,4
99,10
99,36
100,1
100,3
100,25
100,36
101,1
101,2
101,3
101,4
101,5
101,10
102,2
102,3
102,4
102,10
102,11
103,1
103,4
103,10
103,45
104,1
104,2
104,3
104,4
104,5
104,10
105,1
105,2
105,4
105,5
105,10
106,1
106,2
106,7
106,8
106,26
106,27
107,1
107,2
107,4
107,36
108,1
108,3
108,4
108,10
108,45
108,46
108,47
109,1
109,4
109,10
109,25
109,39
109,45
110,1
110,2
110,3
110,4
110,5
110,10
110,27
111,1
111,3
111,17
111,45
111,46
111,47
112,1
112,2
112,10
112,36
113,2
113,16
113,19
113,22
113,24
113,33
114,2
114,3
114,10
114,25
114,38
115,1
115,2
115,3
115,4
115,5
115,10
115,39
116,1
116,2
116,22
116,24
116,37
117,1
117,2
117,4
117,5
117,10
117,14
118,1
118,2
118,3
118,5
118,10
118,38
119,1
119,2
119,7
119,8
119,11
119,26
119,27
120,1
120,2
120,3
120,5
120,10
120,36
121,1
121,2
121,7
121,8
121,17
121,26
121,27
122,1
122,4
122,10
122,39
122,45
123,1
123,2
123,3
123,4
123,5
123,34
124,1
124,3
124,46
124,47
125,3
125,4
125,12
125,24
125,25
125,36
126,1
126,3
126,4
126,10
126,39
126,45
127,2
127,3
127,5
127,10
127,22
128,1
128,2
128,3
128,5
128,22
129,2
129,3
129,4
129,5
129,10
130,2
130,28
130,29
130,34
130,36
130,37
131,1
131,3
131,12
131,25
132,1
132,3
132,9
132,12
132,25
132,36
133,2
133,7
133,8
133,26
133,27
134,1
134,3
134,46
134,47
135,1
135,2
135,3
135,10
135,38
136,1
136,2
136,3
136,4
136,5
136,10
136,39
137,1
137,3
137,4
137,10
137,39
137,45
138,1
138,2
138,3
138,4
138,5
138,8
138,10
139,1
139,2
139,4
139,5
139,10
140,2
140,3
140,10
140,25
140,38
141,2
141,3
141,4
141,5
141,10
141,35
142,1
142,4
142,12
142,36
143,1
143,2
143,3
143,4
143,5
143,10
143,20
144,1
144,2
144,16
144,22
144,24
144,33
144,37
145,2
145,3
145,5
145,10
146,1
146,2
146,24
146,33
146,37
147,1
147,2
147,16
147,22
147,24
147,33
147,37
148,1
148,2
148,3
148,5
148,6
148,10
148,38
149,2
149,27
149,28
149,34
149,37
150,2
150,16
150,33
150,37
150,46
151,1
151,2
151,3
151,5
151,10
151,12
152,1
152,45
152,46
152,47
153,2
153,3
153,5
153,10
153,20
154,3
154,4
154,45
154,46
154,47
155,1
155,3
155,4
155,46
155,47
156,2
156,10
156,25
156,38
157,3
157,4
157,45
157,46
158,1
158,2
158,3
158,4
158,5
158,10
159,1
159,2
159,3
159,4
159,5
159,10
159,12
160,1
160,3
160,4
160,45
160,46
160,47
161,1
161,4
161,22
161,45
161,46
161,47
162,2
162,3
162,4
162,5
163,1
163,2
163,28
163,34
163,36
164,1
164,2
164,7
164,8
164,26
164,27
164,40
165,1
165,2
165,3
165,4
165,5
165,10
166,1
166,4
166,26
166,45
166,47
167,1
167,3
167,4
167,10
167,39
167,45
168,1
168,3
168,39
168,45
169,1
169,3
169,4
169,10
169,39
169,45
170,1
170,2
170,25
170,38
171,3
171,4
171,45
171,46
171,47
172,1
172,2
172,3
172,4
172,5
172,10
173,1
173,2
173,3
173,10
173,25
173,38
174,1
174,2
174,5
174,27
174,36
175,1
175,3
175,4
175,12
175,25
176,1
176,3
176,4
176,37
176,45
176,46
176,47
177,1
177,2
177,3
177,5
177,10
177,38
178,1
178,2
178,3
178,4
178,5
178,10
179,1
179,7
179,8
179,22
179,26
179,27
180,1
180,2
180,5
180,10
180,24
181,1
181,2
181,3
181,5
181,10
182,3
182,4
182,12
182,25
183,1
183,2
183,22
183,24
183,33
183,37
184,1
184,2
184,4
184,5
184,10
184,27
185,1
185,3
185,4
185,45
185,46
185,47
186,1
186,2
186,5
186,10
186,21
187,2
187,5
187,10
187,36
188,1
188,2
188,5
188,10
188,13
188,38
189,1
189,2
189,7
189,8
189,26
189,27
190,3
190,4
190,10
190,39
190,45
191,1
191,2
191,3
191,4
191,5
191,10
191,38
192,1
192,28
192,36
192,37
193,1
193,3
193,12
193,25
193,36
194,1
194,2
194,16
194,22
194,24
194,37
194,44
195,1
195,16
195,22
195,33
196,1
196,3
196,45
196,46
196,47
197,1
197,3
197,4
197,12
197,25
197,27
198,2
198,3
198,4
198,5
198,10
199,1
199,2
199,3
199,4
199,5
199,10
200,1
200,3
200,4
200,12
200,23
200,36
201,4
201,45
201,46
201,47
202,1
202,2
202,3
202,4
202,5
203,1
203,3
203,4
203,5
203,10
203,45
204,1
204,2
204,26
204,27
205,1
205,3
205,4
205,45
205,46
205,47
206,1
206,2
206,3
206,5
206,10
206,38
207,2
207,3
207,4
207,5
207,10
208,1
208,2
208,4
208,10
209,1
209,3
209,4
209,46
209,47
210,1
210,2
210,3
210,4
210,5
210,10
211,1
211,3
211,4
211,9
211,45
211,46
211,47
212,1
212,3
212,4
212,10
212,39
212,45
213,16
213,24
213,33
213,37
214,1
214,4
214,5
214,10
215,1
215,3
215,4
215,35
215,45
215,46
215,47
216,1
216,3
216,4
216,46
217,1
217,2
217,3
217,5
217,10
217,33
217,38
218,1
218,2
218,3
218,10
218,25
218,38
219,1
219,3
219,4
219,10
219,39
219,45
220,2
220,3
220,4
220,5
220,10
220,17
221,2
221,4
221,5
221,10
222,1
222,4
222,10
222,38
222,39
222,45
223,1
223,2
223,28
223,30
223,34
223,36
223,37
224,1
224,3
224,5
224,10
224,38
225,1
225,3
225,4
225,26
225,45
225,46
225,47
226,1
226,3
226,4
226,12
226,25
226,36
227,1
227,2
227,4
227,5
227,10
228,2
228,3
228,4
228,10
228,13
229,1
229,2
229,3
229,4
229,5
229,10
229,25
230,1
230,2
230,3
230,4
230,5
230,10
230,15
231,1
231,2
231,28
231,34
231,36
231,37
232,1
232,2
232,3
232,4
232,5
232,10
233,1
233,2
233,5
233,10
233,43
234,1
234,2
234,4
234,5
234,10
234,16
235,1
235,3
235,4
235,12
235,25
235,36
236,1
236,2
236,3
236,4
236,5
236,10
237,7
237,8
237,26
237,27
238,1
238,2
238,3
238,5
238,10
238,38
239,4
239,5
239,10
239,36
240,1
240,3
240,4
240,10
240,39
240,45
241,2
241,16
241,22
241,24
241,33
241,37
242,1
242,4
242,5
242,10
242,43
243,1
243,3
243,4
243,12
243,25
243,36
244,1
244,3
244,4
244,5
245,2
245,4
245,5
245,10
246,1
246,3
246,12
246,25
247,1
247,3
247,4
247,7
247,45
247,46
247,47
248,2
248,3
248,5
248,10
248,25
249,2
249,4
249,5
249,10
249,34
250,1
250,3
250,4
250,10
251,1
251,4
251,18
251,39
251,45
252,1
252,3
252,4
252,45
252,46
252,47
253,1
253,3
253,4
253,5
253,10
253,30
254,1
254,4
254,5
254,36
254,46
255,1
255,3
255,4
255,12
255,25
255,36
256,1
256,3
256,4
256,10
256,39
257,1
257,2
257,3
257,9
257,10
257,25
257,38
258,2
258,5
258,10
258,38
259,1
259,2
259,5
259,10
260,1
260,3
260,34
260,45
260,47
261,1
261,2
261,3
261,4
261,5
261,10
261,21
262,1
262,3
262,46
262,47
263,1
263,2
263,3
263,5
263,10
263,20
264,1
264,2
264,3
264,10
264,16
264,25
264,38
265,1
265,3
265,4
265,12
265,25
265,36
266,1
266,2
266,4
266,5
266,10
266,31
267,2
267,3
267,4
267,5
267,10
267,18
268,1
268,22
268,24
268,37
269,1
269,2
269,3
269,4
269,9
269,10
270,1
270,3
270,4
270,13
270,45
270,46
270,47
271,2
271,28
271,34
271,36
271,37
272,1
272,2
272,3
272,5
272,10
272,13
272,38
273,1
273,2
273,7
273,8
273,17
273,26
273,27
274,1
274,2
274,4
274,6
274,10
274,36
275,2
275,3
275,4
275,5
275,12
276,1
276,2
276,5
276,10
277,1
277,3
277,4
277,23
277,46
278,2
278,21
278,28
278,34
278,36
279,1
279,3
279,4
279,19
279,45
279,46
279,47
280,3
280,4
280,5
280,10
281,1
281,2
281,3
281,4
281,5
281,10
282,1
282,3
282,4
282,45
282,47
283,1
283,2
283,3
283,4
283,5
283,10
283,45
284,1
284,3
284,4
284,10
284,39
285,1
285,3
285,38
285,46
285,47
286,2
286,5
286,10
286,36
287,1
287,3
287,4
287,5
287,10
287,31
288,1
288,2
288,3
288,4
288,5
288,10
289,1
289,2
289,7
289,8
289,26
289,27
290,1
290,2
290,3
290,4
290,5
290,10
290,18
291,2
291,4
291,5
291,10
291,13
292,1
292,3
292,4
292,12
292,25
292,36
292,37
293,1
293,2
293,7
293,8
293,27
293,46
294,1
294,4
294,5
294,10
294,32
294,36
295,1
295,2
295,3
295,4
295,5
295,8
296,1
296,3
296,10
296,39
296,45
297,3
297,4
297,39
297,45
297,46
298,3
298,4
298,21
298,45
298,46
298,47
299,3
299,4
299,5
299,10
300,2
300,3
300,5
300,10
300,28
301,1
301,3
301,4
301,5
302,1
302,2
302,3
302,4
302,5
302,10
302,17
303,1
303,3
303,4
303,10
303,46
304,2
304,5
304,7
304,8
304,27
305,1
305,2
305,3
305,5
305,10
305,38
306,1
306,2
306,4
306,5
306,10
306,26
306,36
307,1
307,2
307,4
307,5
307,10
308,1
308,3
308,5
308,10
309,1
309,3
309,4
309,12
309,25
309,32
309,36
310,1
310,3
310,4
310,22
310,25
311,1
311,2
311,4
311,5
311,6
311,10
312,3
312,4
312,12
312,23
312,25
312,36
313,1
313,2
313,4
313,5
313,10
314,3
314,4
314,5
314,10
314,35
315,1
315,2
315,4
315,5
315,36
316,1
316,2
316,3
316,4
316,5
316,10
316,23
317,1
317,3
317,4
317,10
318,1
318,2
318,3
318,4
318,5
318,10
319,3
319,4
319,7
319,45
319,46
319,47
320,1
320,2
320,22
320,24
320,33
320,37
320,41
321,1
321,2
321,4
321,5
321,10
322,1
322,2
322,8
322,26
322,27
323,1
323,2
323,14
323,16
323,22
323,24
323,37
324,1
324,2
324,7
324,28
324,34
324,36
324,37
325,1
325,2
325,3
325,4
325,5
325,10
326,1
326,2
326,3
326,5
326,11
326,38
327,1
327,2
327,3
327,4
327,5
327,9
327,10
328,1
328,2
328,3
328,5
328,10
328,24
329,1
329,2
329,3
329,4
329,5
329,10
329,18
330,1
330,2
330,4
330,5
330,10
331,1
331,2
331,4
331,5
331,10
331,32
331,36
332,1
332,2
332,3
332,5
332,10
332,38
333,3
333,4
333,12
333,36
334,1
334,3
334,4
334,30
334,45
334,46
334,47
335,2
335,3
335,4
335,5
336,1
336,2
336,5
336,10
336,31
337,1
337,2
337,3
337,4
337,10
337,42
338,4
338,5
338,10
338,13
338,36
339,1
339,3
339,4
339,12
339,25
339,36
340,1
340,3
340,5
340,38
341,1
341,2
341,4
341,5
341,10
342,1
342,2
342,5
342,10
343,3
343,4
343,44
343,45
343,46
343,47
344,1
344,2
344,5
344,10
344,30
345,1
345,3
345,4
345,10
346,1
346,2
346,4
346,5
346,36
346,47
347,1
347,3
347,4
347,12
347,25
347,36
347,43
348,1
348,2
348,7
348,8
348,24
348,27
349,1
349,2
349,3
349,25
349,38
350,1
350,3
350,4
350,36
350,45
350,46
350,47
351,1
351,2
351,3
351,10
351,25
351,38
351,42
352,1
352,2
352,3
352,4
353,1
353,4
353,5
353,12
353,25
353,36
354,1
354,3
354,4
354,5
355,1
355,3
355,4
355,10
355,39
355,45
356,1
356,2
356,4
356,5
356,40
357,1
357,3
357,12
357,25
357,36
358,1
358,2
358,4
358,5
358,10
359,1
359,2
359,4
359,5
359,36
360,1
360,2
360,3
360,4
360,5
360,10
360,11
361,1
361,2
361,4
361,36
361,37
362,1
362,3
362,4
362,45
362,46
362,47
363,3
363,4
363,12
363,25
363,36
363,40
364,1
364,2
364,3
364,10
364,25
364,38
364,39
365,1
365,3
365,5
365,10
366,2
366,3
366,5
366,10
366,27
366,38
367,1
367,2
367,8
367,26
368,1
368,2
368,3
368,4
368,10
368,20
369,1
369,3
369,4
369,25
369,36
370,2
370,7
370,26
370,27
370,43
371,1
371,2
371,3
371,5
371,10
371,38
371,40
372,1
372,2
372,4
372,5
372,13
372,36
373,1
373,2
373,3
373,4
373,10
373,30
374,1
374,4
374,5
374,10
374,36
374,46
375,1
375,2
375,16
375,19
375,22
375,24
375,33
375,37
376,2
376,3
376,5
376,10
376,47
377,2
377,3
377,4
377,10
377,37
378,1
378,2
378,3
378,5
378,10
378,38
379,1
379,2
379,4
379,5
379,10
379,29
380,1
380,3
380,4
380,45
380,46
380,47
381,1
381,4
381,45
381,46
382,1
382,2
382,3
382,4
382,5
382,10
383,1
383,2
383,4
383,5
383,10
383,36
384,1
384,2
384,4
384,5
384,36
385,1
385,2
385,4
385,10
385,15
385,36
386,1
386,2
386,3
386,10
386,41
387,2
387,7
387,8
387,26
387,27
388,1
388,10
388,39
388,45
389,1
389,2
389,16
389,22
389,33
389,37
390,2
390,3
390,5
390,10
390,39
391,3
391,45
391,46
391,47
392,1
392,2
392,3
392,4
392,5
392,10
392,20
393,1
393,3
393,4
393,10
393,39
393,45
394,1
394,2
394,3
394,4
395,2
395,3
395,4
395,5
395,10
396,1
396,2
396,3
396,4
396,5
396,10
397,1
397,2
397,3
397,4
397,5
397,10
398,1
398,2
398,3
398,4
398,5
398,10
399,1
399,2
399,3
399,4
399,45
399,46
399,47
400,1
400,2
400,3
400,10
400,14
400,25
401,1
401,2
401,4
401,5
401,6
401,10
401,36
402,1
402,2
402,3
402,38
403,1
403,2
403,3
403,4
403,5
404,1
404,2
404,3
404,5
404,38
405,1
405,3
405,4
405,12
405,25
405,32
405,36
406,1
406,2
406,3
406,5
406,10
406,38
407,1
407,2
407,7
407,8
407,26
407,27
408,1
408,2
408,6
408,10
408,36
409,1
409,3
409,4
409,12
409,36
410,1
410,2
410,3
410,4
410,10
410,46
411,1
411,24
411,33
411,37
412,1
412,2
412,3
412,4
412,5
412,10
412,11
413,1
413,2
413,3
413,4
413,5
413,10
414,1
414,3
414,4
414,8
414,45
414,46
414,47
415,1
415,16
415,24
415,33
415,37
416,1
416,2
416,3
416,5
416,10
416,22
416,38
417,1
417,2
417,3
417,5
417,28
418,1
418,2
418,3
418,36
418,38
419,1
419,2
419,28
419,34
419,36
419,37
420,1
420,3
420,4
420,42
420,45
420,46
420,47
421,1
421,2
421,4
421,5
421,10
421,36
422,1
422,3
422,4
422,28
422,45
422,46
422,47
423,1
423,2
423,28
423,36
423,37
424,1
424,2
424,3
424,10
424,25
424,31
424,38
425,1
425,12
425,25
425,36
426,1
426,2
426,3
426,10
426,25
426,38
426,43
427,3
427,4
427,5
427,8
427,10
428,1
428,3
428,5
428,10
428,28
429,1
429,2
429,3
429,4
429,5
429,10
430,1
430,2
430,3
430,4
430,5
430,10
431,1
431,2
431,4
431,10
432,1
432,2
432,3
432,10
432,36
432,38
433,3
433,45
433,46
433,47
434,1
434,2
434,4
434,5
434,10
434,36
435,3
435,17
435,45
435,46
435,47
436,1
436,7
436,26
436,27
436,40
437,2
437,3
437,4
437,5
437,10
437,24
438,3
438,4
438,17
438,45
438,46
439,1
439,4
439,10
439,36
440,1
440,2
440,3
440,4
440,5
440,10
441,1
441,7
441,26
441,27
442,1
442,2
442,3
442,4
442,5
442,6
443,1
443,2
443,7
443,8
443,26
443,27
443,40
444,1
444,2
444,22
444,26
444,37
445,1
445,2
445,3
445,4
445,5
445,10
446,1
446,2
446,3
446,10
446,25
446,38
446,42
447,3
447,5
447,10
447,38
448,1
448,2
448,3
448,10
448,25
448,38
448,43
449,1
449,3
449,4
449,45
449,47
450,1
450,2
450,28
450,34
450,36
450,37
451,1
451,3
451,12
451,36
451,45
452,1
452,3
452,7
452,12
452,36
453,1
453,2
453,4
453,5
453,10
453,36
454,2
454,3
454,10
454,11
454,25
454,38
455,1
455,3
455,4
455,10
455,16
456,1
456,2
456,5
456,10
456,26
457,1
457,3
457,4
457,42
457,46
458,1
458,3
458,19
458,25
458,38
459,1
459,3
459,4
459,39
460,1
460,3
460,45
460,46
460,47
461,1
461,3
461,4
461,35
461,45
461,46
461,47
462,2
462,20
462,28
462,36
462,37
463,1
463,2
463,3
463,5
463,10
464,1
464,2
464,4
464,10
464,36
465,1
465,2
465,3
465,5
465,10
465,28
466,1
466,3
466,4
466,7
466,45
466,46
466,47
467,1
467,3
467,4
467,12
467,25
467,36
468,1
468,4
468,10
468,45
469,1
469,3
469,4
469,10
469,39
469,45
470,1
470,3
470,4
470,10
470,39
470,45
471,1
471,2
471,3
471,5
471,10
472,1
472,2
472,3
472,4
472,5
472,7
472,10
473,1
473,2
473,3
473,4
473,34
474,1
474,2
474,3
474,5
474,10
474,38
474,43
475,1
475,3
475,39
475,45
476,2
476,3
476,4
476,10
476,37
477,1
477,2
477,5
477,10
477,38
478,1
478,2
478,3
478,4
478,5
478,10
479,1
479,2
479,3
479,4
479,10
479,25
479,38
480,1
480,3
480,4
480,46
480,47
481,2
481,3
481,10
481,25
481,38
482,1
482,2
482,5
482,36
483,1
483,2
483,3
483,4
483,5
484,1
484,3
484,4
484,10
484,26
484,39
484,45
485,2
485,28
485,34
485,36
485,37
486,1
486,2
486,4
486,5
486,10
486,36
487,1
487,2
487,28
487,34
487,36
487,37
488,1
488,2
488,3
488,5
488,8
489,1
489,3
489,4
489,10
489,39
489,45
490,1
490,5
490,10
490,36
491,2
491,4
491,5
491,10
491,47
492,1
492,4
492,39
492,45
492,46
492,47
493,1
493,3
493,4
493,10
493,45
494,2
494,7
494,8
494,26
494,27
495,1
495,2
495,3
495,4
495,5
495,10
496,1
496,3
496,4
496,5
496,10
496,27
497,1
497,2
497,3
497,4
497,5
497,10
497,22
498,1
498,2
498,3
498,10
499,1
499,2
499,8
499,26
499,47
500,4
500,45
500,46
500,47
501,3
501,4
501,12
501,25
502,1
502,3
502,4
502,10
502,45
503,1
503,2
503,3
503,10
504,1
504,2
504,3
504,5
504,36
504,38
505,1
505,3
505,45
505,46
505,47
506,1
506,2
506,4
506,5
506,10
506,36
506,40
507,3
507,4
507,12
507,25
508,1
508,7
508,8
508,11
508,26
508,27
509,1
509,2
509,3
509,5
509,10
509,38
510,1
510,2
510,3
510,5
510,10
510,38
511,2
511,4
511,5
511,36
512,3
512,4
512,45
512,46
512,47
513,1
513,2
513,3
513,10
513,25
513,36
513,38
514,3
514,4
514,25
514,36
515,1
515,2
515,3
515,4
515,5
515,10
515,35
516,1
516,2
516,3
516,4
516,5
516,10
517,1
517,2
517,7
517,8
517,26
517,27
517,31
518,1
518,2
518,3
518,4
518,5
518,10
519,1
519,5
519,10
519,38
520,1
520,3
520,4
520,10
520,39
520,45
521,1
521,2
521,3
521,5
521,10
522,2
522,7
522,26
522,27
523,1
523,2
523,7
523,8
523,23
523,26
524,1
524,3
524,4
524,10
524,22
525,1
525,2
525,3
525,4
525,5
525,22
526,1
526,2
526,3
526,10
526,25
526,38
526,47
527,1
527,2
527,4
527,5
527,36
528,2
528,3
528,4
528,5
528,10
528,34
529,3
529,4
529,24
529,45
529,47
530,1
530,3
530,10
530,25
530,38
531,1
531,2
531,4
531,5
531,36
532,1
532,2
532,3
532,10
532,19
532,38
533,1
533,4
533,26
533,45
533,46
534,3
534,4
534,12
534,25
534,34
534,36
535,1
535,2
535,5
535,10
535,13
535,36
536,1
536,3
536,5
536,10
536,34
537,1
537,2
537,3
537,4
537,5
537,10
538,1
538,2
538,7
538,8
538,19
538,27
539,1
539,4
539,5
539,10
539,27
540,2
540,3
540,5
540,10
540,12
541,1
541,2
541,3
541,4
541,5
541,10
542,2
542,16
542,22
542,33
542,37
543,2
543,3
543,4
543,5
543,10
544,1
544,2
544,13
544,28
544,34
544,36
544,37
545,1
545,4
545,5
545,10
545,20
545,36
546,1
546,3
546,4
546,45
547,1
547,2
547,3
547,4
547,5
547,10
548,2
548,28
548,34
548,36
548,45
549,1
549,2
549,3
549,5
549,10
549,32
550,1
550,2
550,4
550,5
550,10
550,33
551,2
551,3
551,4
551,5
551,10
552,1
552,2
552,4
552,10
552,36
553,1
553,2
553,3
553,4
553,5
553,10
553,41
554,1
554,2
554,3
554,10
554,18
554,25
555,1
555,2
555,3
555,5
555,10
555,36
555,38
556,1
556,2
556,3
556,5
556,10
556,38
557,2
557,28
557,34
557,36
557,37
558,2
558,7
558,8
558,26
558,27
558,33
559,1
559,2
559,3
559,10
559,13
559,25
559,38
560,1
560,2
560,3
560,4
560,5
560,10
561,1
561,3
561,4
561,33
561,45
561,46
561,47
562,1
562,2
562,4
562,5
562,10
563,2
563,4
563,5
563,10
563,22
564,2
564,3
564,5
564,10
564,26
565,1
565,3
565,33
565,46
565,47
566,1
566,4
566,10
566,39
566,45
567,1
567,2
567,4
567,10
567,27
568,1
568,10
568,39
568,45
569,1
569,2
569,3
569,4
569,5
569,10
570,1
570,2
570,4
570,5
570,19
571,1
571,2
571,4
571,5
571,10
571,30
571,36
572,1
572,2
572,3
572,10
572,25
572,38
573,1
573,2
573,4
573,5
573,10
573,36
574,1
574,3
574,4
574,5
574,45
574,46
574,47
575,3
575,4
575,12
575,25
575,30
575,36
576,1
576,12
576,25
576,36
576,43
577,1
577,2
577,3
577,4
577,5
577,10
577,47
578,1
578,2
578,10
578,36
579,1
579,2
579,3
579,4
579,5
579,10
579,33
580,1
580,3
580,4
580,10
580,45
581,1
581,3
581,10
581,25
581,38
582,1
582,4
582,45
582,46
582,47
583,1
583,2
583,3
583,5
583,10
583,38
584,1
584,2
584,3
584,5
584,10
584,25
584,38
585,1
585,3
585,4
585,10
585,39
585,45
585,47
586,1
586,3
586,5
586,10
587,1
587,2
587,3
587,10
587,25
587,38
588,1
588,2
588,31
588,34
588,37
589,2
589,3
589,4
589,10
590,2
590,3
590,4
590,5
590,10
591,1
591,2
591,3
591,6
591,10
592,1
592,4
592,10
592,45
593,1
593,3
593,4
593,25
594,1
594,2
594,3
594,38
595,2
595,3
595,4
595,10
596,1
596,2
596,3
596,5
596,10
596,34
596,38
597,1
597,3
597,4
597,10
597,39
597,45
598,1
598,3
598,39
598,45
599,1
599,3
599,4
599,10
599,39
599,45
600,1
600,2
600,3
600,4
600,5
600,10
601,1
601,2
601,16
601,22
601,24
601,32
601,33
601,37
602,1
602,2
602,3
602,5
602,10
602,38
603,1
603,2
603,10
603,25
604,2
604,4
604,5
604,10
604,43
605,1
605,2
605,7
605,8
606,1
606,2
606,5
606,29
606,36
607,1
607,2
607,5
607,10
608,1
608,2
608,16
608,33
608,37
609,1
609,2
609,3
609,25
610,1
610,2
610,10
610,25
610,38
611,1
611,2
611,3
611,4
611,5
611,10
612,1
612,3
612,4
612,5
612,10
613,1
613,3
613,4
613,12
613,25
613,36
614,1
614,2
614,3
614,10
614,38
615,3
615,4
615,28
615,39
615,45
616,1
616,2
616,7
616,8
616,26
616,27
617,2
617,3
617,4
617,5
617,10
618,3
618,4
618,5
618,10
618,22
619,1
619,3
619,4
619,12
619,42
620,3
620,4
620,10
620,39
620,45
621,1
621,2
621,10
621,22
621,24
621,37
622,1
622,2
622,5
622,10
622,20
623,1
623,2
623,28
623,34
623,36
623,37
624,1
624,3
624,4
624,5
624,8
624,10
625,1
625,2
625,3
625,4
625,5
625,10
626,1
626,2
626,24
626,28
626,34
626,36
626,37
627,4
627,45
627,46
627,47
628,1
628,3
628,4
628,13
628,45
628,46
628,47
629,1
629,3
629,4
629,16
629,45
629,46
630,1
630,2
630,10
630,25
630,38
631,2
631,28
631,34
631,36
631,37
632,1
632,2
632,7
632,8
632,26
632,27
633,1
633,2
633,3
633,5
633,10
633,38
634,1
634,2
634,3
634,10
634,15
634,25
634,38
635,1
635,2
635,3
635,5
635,10
636,1
636,2
636,4
636,5
636,10
637,2
637,3
637,4
637,5
637,10
638,1
638,3
638,4
638,5
638,6
638,10
639,1
639,3
639,4
639,10
639,13
639,39
640,1
640,3
640,4
640,10
640,45
640,46
640,47
641,1
641,2
641,3
641,25
641,38
642,1
642,2
642,16
642,22
642,24
642,33
642,37
643,1
643,2
643,3
643,5
643,10
643,38
644,1
644,3
644,4
644,25
644,45
644,46
645,2
645,3
645,5
645,7
645,10
645,38
646,1
646,2
646,3
646,4
646,10
647,1
647,3
647,4
647,5
647,10
648,3
648,4
648,5
648,10
649,1
649,2
649,3
649,4
649,9
650,1
650,2
650,20
650,28
650,34
650,37
651,1
651,2
651,7
651,8
651,27
651,43
652,1
652,2
652,3
652,4
652,5
653,1
653,2
653,7
653,8
653,26
653,27
654,1
654,2
654,16
654,22
654,24
654,33
655,1
655,2
655,3
655,4
655,5
655,10
656,1
656,2
656,24
656,33
656,37
657,1
657,3
657,4
657,46
657,47
658,1
658,20
658,22
658,24
658,37
659,1
659,14
659,34
659,36
659,37
660,1
660,2
660,28
660,34
660,36
660,37
661,2
661,3
661,10
661,25
661,33
661,38
662,1
662,2
662,3
662,4
662,5
663,1
663,7
663,8
663,26
664,1
664,2
664,3
664,10
664,25
664,38
665,1
665,2
665,3
665,4
665,5
665,10
666,1
666,2
666,3
666,4
666,5
666,41
667,1
667,2
667,3
667,5
667,10
667,24
668,2
668,4
668,5
668,10
669,1
669,3
669,10
669,25
669,38
670,1
670,4
670,10
670,39
670,44
671,1
671,2
671,3
671,5
671,10
671,26
672,1
672,16
672,22
672,33
672,37
673,1
673,2
673,3
673,4
673,5
673,10
674,1
674,2
674,3
674,4
674,5
674,10
675,3
675,37
675,45
675,46
675,47
676,1
676,2
676,3
676,5
676,10
677,2
677,3
677,10
677,25
678,1
678,2
678,10
678,36
679,1
679,2
679,3
679,4
679,5
679,10
679,30
680,1
680,2
680,7
680,8
680,27
680,45
681,1
681,2
681,5
681,10
681,42
682,28
682,34
682,36
682,37
683,1
683,2
683,3
683,10
683,32
683,38
684,1
684,2
684,3
684,4
684,5
685,3
685,6
685,10
685,39
685,45
686,1
686,3
686,4
686,10
687,1
687,2
687,3
687,4
687,5
688,1
688,3
688,45
688,46
688,47
689,2
689,8
689,26
689,27
689,41
690,3
690,4
690,5
690,10
691,1
691,2
691,3
691,5
691,10
691,26
691,38
692,1
692,3
692,4
692,5
692,10
693,1
693,3
693,4
693,12
693,25
693,36
694,1
694,2
694,3
694,10
694,25
694,36
695,1
695,2
695,28
695,36
695,37
696,2
696,16
696,22
696,24
696,33
696,37
697,1
697,2
697,4
697,5
697,10
697,29
697,36
698,1
698,3
698,4
698,8
698,46
698,47
699,1
699,3
699,4
699,12
699,30
699,36
700,1
700,2
700,4
700,10
701,1
701,3
701,5
701,10
701,31
702,1
702,2
702,10
702,25
702,38
703,1
703,2
703,3
703,25
704,1
704,3
704,4
704,5
704,45
704,46
705,3
705,4
705,45
705,46
705,47
706,1
706,4
706,45
706,46
706,47
707,1
707,2
707,3
707,4
707,5
707,10
708,1
708,2
708,16
708,22
708,24
708,33
708,37
709,1
709,3
709,5
709,10
709,25
709,38
710,1
710,13
710,16
710,22
710,33
711,1
711,2
711,3
711,4
711,5
711,10
711,15
712,1
712,2
712,3
712,5
712,10
712,14
713,2
713,3
713,10
713,25
714,2
714,3
714,5
714,10
714,38
715,1
715,3
715,4
715,19
715,45
715,46
716,2
716,28
716,34
716,36
716,37
717,2
717,7
717,8
717,26
717,27
717,43
718,1
718,2
718,7
718,26
718,27
718,28
719,1
719,2
719,3
719,4
719,5
720,1
720,2
720,3
720,10
720,38
721,1
721,3
721,4
721,10
721,39
721,45
722,1
722,3
722,4
722,31
722,45
722,46
722,47
723,2
723,4
723,5
723,10
724,1
724,3
724,4
724,12
724,25
724,33
724,36
725,1
725,2
725,4
725,5
725,10
725,36
726,1
726,3
726,4
726,12
726,17
726,25
726,36
727,1
727,2
727,3
727,10
727,24
727,25
727,38
728,1
728,2
728,3
728,4
728,5
728,10
728,41
729,1
729,22
729,24
729,31
729,33
730,1
730,2
730,3
730,4
730,5
730,10
730,14
731,1
731,2
731,28
731,34
731,37
732,1
732,2
732,4
732,10
732,36
732,45
733,1
733,3
733,4
733,43
733,47
734,1
734,3
734,4
734,8
734,45
734,46
734,47
735,1
735,2
735,3
735,4
735,5
735,10
736,1
736,3
736,4
736,5
736,24
737,1
737,2
737,3
737,4
737,5
737,10
738,1
738,3
738,4
738,12
738,25
738,36
739,1
739,3
739,4
739,13
739,45
739,47
740,1
740,2
740,4
740,5
740,10
740,12
740,36
741,1
741,2
741,3
741,5
741,10
741,26
742,1
742,2
742,5
742,10
742,17
742,38
743,1
743,3
743,4
743,33
743,39
743,45
744,1
744,4
744,7
744,45
744,46
744,47
745,1
745,2
745,3
745,4
745,5
745,10
745,44
746,1
746,2
746,3
746,4
746,5
746,10
747,1
747,3
747,4
747,10
747,29
747,39
747,45
748,1
748,3
748,10
748,22
748,25
748,38
749,3
749,10
749,39
749,45
750,1
750,2
750,3
750,5
750,10
750,38
751,1
751,3
751,4
751,33
751,46
751,47
752,1
752,7
752,26
752,27
753,1
753,2
753,3
753,10
753,25
753,38
753,45
754,1
754,3
754,4
754,12
754,25
754,36
754,41
755,1
755,2
755,21
755,28
755,34
755,36
755,37
756,1
756,3
756,5
756,10
756,38
757,1
757,3
757,4
757,46
757,47
758,1
758,3
758,7
758,10
758,25
758,38
759,1
759,4
759,45
759,46
759,47
760,1
760,3
760,45
760,46
760,47
761,1
761,3
761,4
761,45
761,46
761,47
762,1
762,2
762,10
762,25
762,38
763,1
763,4
763,5
763,10
763,36
763,46
764,1
764,2
764,5
764,38
764,45
765,1
765,2
765,3
765,4
765,5
765,9
765,10
766,3
766,4
766,12
766,18
766,36
767,2
767,3
767,5
767,10
767,23
768,3
768,4
768,10
768,39
768,45
769,1
769,3
769,4
769,12
769,15
769,25
769,36
770,2
770,3
770,10
770,25
770,27
770,38
771,1
771,3
771,4
771,12
771,25
772,1
772,2
772,3
772,10
772,46
773,1
773,7
773,8
773,10
773,27
774,1
774,2
774,4
774,5
774,10
774,36
775,1
775,2
775,3
775,10
775,25
775,38
776,1
776,3
776,10
776,36
776,39
777,1
777,3
777,4
777,12
777,25
777,36
778,2
778,28
778,34
778,36
778,37
779,4
779,12
779,25
779,36
779,41
780,1
780,2
780,3
780,10
780,25
780,38
780,42
781,1
781,2
781,5
781,10
781,26
782,1
782,2
782,4
782,5
782,10
782,17
783,1
783,2
783,3
783,4
783,38
784,1
784,4
784,5
784,10
785,1
785,2
785,4
785,5
785,10
785,16
785,36
786,1
786,2
786,4
786,5
786,10
787,1
787,2
787,28
787,34
788,1
788,2
788,3
788,5
789,1
789,2
789,4
789,5
789,10
789,31
789,36
790,1
790,2
790,16
790,22
790,24
790,37
791,1
791,3
791,4
791,10
791,39
791,45
792,3
792,4
792,45
792,46
792,47
793,1
793,2
793,3
793,10
793,25
793,38
794,2
794,4
794,5
794,10
794,36
794,38
795,4
795,12
795,25
795,36
796,1
796,2
796,5
796,25
796,38
797,1
797,2
797,3
797,4
797,5
798,1
798,2
798,16
798,22
798,24
798,30
798,33
798,37
799,1
799,2
799,3
799,4
799,5
799,10
799,12
800,2
800,3
800,4
800,5
800,11
801,1
801,3
801,4
801,45
801,46
801,47
802,1
802,2
802,3
802,4
802,5
802,10
802,29
803,1
803,2
803,3
803,5
803,10
803,38
804,1
804,4
804,12
804,25
804,36
805,1
805,7
805,8
805,26
805,27
806,3
806,4
806,12
806,25
807,1
807,2
807,3
807,10
808,1
808,2
808,3
808,4
808,5
808,10
809,1
809,3
809,4
809,12
809,36
810,2
810,7
810,8
810,26
810,27
811,2
811,4
811,5
811,10
811,17
812,1
812,2
812,3
812,5
812,10
812,38
813,1
813,2
813,3
813,4
813,5
813,10
814,1
814,2
814,3
814,5
814,38
815,1
815,5
815,10
815,36
815,41
816,2
816,4
816,5
816,10
817,1
817,2
817,3
817,4
817,10
817,27
818,3
818,4
818,10
818,31
818,45
819,1
819,2
819,3
819,4
819,5
819,10
819,15
820,1
820,2
820,3
820,4
820,5
820,10
821,1
821,2
821,7
821,8
821,26
822,2
822,7
822,8
822,26
822,32
823,1
823,2
823,3
823,4
823,5
823,10
823,27
824,2
824,4
824,5
824,10
824,36
824,39
825,1
825,2
825,5
825,10
825,38
826,1
826,2
826,4
826,5
826,10
827,1
827,2
827,3
827,5
827,6
827,38
828,3
828,4
828,12
828,36
829,1
829,2
829,34
829,36
829,37
830,3
830,4
830,5
830,10
830,26
831,1
831,2
831,3
831,4
831,5
832,1
832,2
832,3
832,5
832,10
832,28
832,38
833,1
833,3
833,4
833,5
833,10
834,1
834,2
834,4
834,5
834,36
835,1
835,2
835,3
835,4
835,42
836,1
836,3
836,4
836,45
836,46
836,47
837,1
837,2
837,3
837,10
837,25
837,38
838,1
838,3
838,4
838,41
838,45
838,46
838,47
839,2
839,16
839,22
839,24
839,33
839,37
840,1
840,2
840,3
840,4
840,5
840,10
841,1
841,2
841,4
841,5
841,10
841,28
842,1
842,2
842,3
842,4
842,5
842,10
843,1
843,10
843,23
843,25
843,38
844,1
844,2
844,4
844,5
844,10
844,11
844,36
845,1
845,2
845,3
845,4
845,5
845,10
846,1
846,10
846,25
846,38
846,39
847,1
847,2
847,3
847,25
847,38
847,39
848,1
848,3
848,4
848,20
848,45
848,46
848,47
849,3
849,4
849,5
849,10
850,1
850,3
850,4
850,46
851,1
851,2
851,28
851,34
851,36
851,37
852,1
852,2
852,4
852,5
852,10
852,36
853,2
853,3
853,4
853,5
853,44
854,2
854,4
854,5
854,10
854,34
855,2
855,3
855,10
855,38
856,1
856,2
856,33
856,37
856,45
857,1
857,5
857,10
857,38
857,46
858,1
858,2
858,7
858,15
858,26
858,27
859,1
859,2
859,16
859,22
859,33
860,3
860,45
860,46
860,47
861,1
861,3
861,4
861,16
861,46
861,47
862,1
862,2
862,3
862,5
862,10
862,27
863,1
863,2
863,4
863,5
863,10
863,36
864,2
864,3
864,4
864,5
865,1
865,2
865,3
865,4
866,1
866,2
866,3
866,4
866,5
866,10
866,33
867,1
867,2
867,27
867,28
867,34
867,36
867,37
868,1
868,2
868,3
868,4
868,10
868,15
869,1
869,2
869,3
869,4
869,5
869,10
870,3
870,4
870,41
870,45
870,47
871,1
871,2
871,10
871,25
871,38
872,1
872,3
872,4
872,10
872,45
873,1
873,2
873,3
873,4
873,5
873,8
873,10
874,1
874,2
874,28
874,34
874,36
874,37
874,42
875,1
875,4
875,10
875,29
875,45
876,1
876,3
876,4
876,10
877,2
877,3
877,4
877,5
878,1
878,2
878,3
878,4
879,1
879,2
879,3
879,5
879,38
880,1
880,2
880,3
880,4
880,5
880,10
880,24
881,1
881,12
881,20
881,25
881,36
882,1
882,3
882,45
882,46
882,47
883,1
883,3
883,4
883,5
884,1
884,3
884,4
884,12
884,25
884,36
885,1
885,2
885,22
885,24
885,33
885,37
886,1
886,2
886,3
886,4
886,5
886,10
887,1
887,2
887,4
887,5
887,10
888,1
888,4
888,10
888,39
888,45
889,1
889,2
889,6
889,7
889,8
889,26
889,27
890,1
890,3
890,4
890,6
890,10
891,1
891,3
891,4
891,12
891,15
891,25
891,36
892,1
892,2
892,4
892,10
892,34
893,1
893,2
893,3
893,4
893,5
893,10
893,16
894,1
894,2
894,3
894,5
894,38
895,1
895,3
895,10
895,19
895,25
895,38
896,1
896,3
896,4
896,25
897,1
897,2
897,3
897,4
897,22
898,2
898,4
898,5
898,36
899,1
899,4
899,5
899,10
899,20
900,1
900,2
900,3
900,4
900,5
900,10
901,1
901,2
901,3
901,5
901,10
902,1
902,3
902,25
902,32
902,36
903,1
903,2
903,3
903,4
903,5
903,30
904,2
904,3
904,5
904,10
904,38
905,1
905,2
905,3
905,4
905,5
905,10
906,1
906,2
906,5
906,26
906,36
907,1
907,3
907,6
907,10
907,25
907,38
908,1
908,4
908,39
908,45
909,1
909,3
909,4
909,45
909,46
909,47
910,1
910,3
910,4
910,12
910,25
910,36
910,39
911,1
911,3
911,10
911,26
911,39
911,45
912,1
912,2
912,5
912,38
913,2
913,10
913,25
913,30
913,38
914,1
914,3
914,10
914,39
914,45
915,3
915,4
915,10
915,39
915,45
916,1
916,2
916,3
916,10
916,19
917,1
917,2
917,3
917,10
917,25
917,38
918,1
918,4
918,39
918,45
919,1
919,2
919,7
919,8
919,26
919,27
920,1
920,2
920,3
920,4
920,5
920,10
920,46
921,2
921,7
921,8
921,26
922,1
922,3
922,4
922,5
922,10
922,16
923,1
923,2
923,3
923,4
923,10
923,14
924,1
924,2
924,3
924,4
924,5
924,10
925,1
925,2
925,3
925,4
925,5
925,10
925,23
926,1
926,45
926,46
926,47
927,3
927,4
927,13
927,39
927,45
928,1
928,3
928,10
928,27
928,39
928,45
929,1
929,3
929,4
929,37
929,45
929,46
929,47
930,3
930,4
930,16
930,45
930,46
930,47
931,1
931,2
931,3
931,4
931,5
931,7
931,10
932,2
932,3
932,10
932,25
932,36
932,38
933,1
933,2
933,3
933,4
933,5
933,37
934,1
934,2
934,3
934,4
934,5
934,10
935,1
935,3
935,5
935,29
935,38
936,1
936,2
936,22
936,24
936,37
937,1
937,2
937,28
937,34
937,36
937,37
938,1
938,2
938,3
938,4
938,5
938,10
939,1
939,2
939,3
939,10
939,25
939,38
940,1
940,2
940,7
940,8
940,26
940,27
941,1
941,2
941,3
941,4
941,10
942,1
942,3
942,4
942,46
943,1
943,2
943,3
943,5
943,10
943,22
944,1
944,2
944,4
944,5
944,36
944,45
945,1
945,2
945,16
945,24
945,33
945,37
946,1
946,2
946,3
946,10
946,25
946,38
947,1
947,2
947,3
947,4
947,5
947,45
948,1
948,3
948,4
948,45
948,46
948,47
949,1
949,2
949,4
949,5
949,10
949,36
950,1
950,2
950,4
950,10
950,19
950,36
951,2
951,3
951,4
951,5
951,10
952,1
952,3
952,4
952,34
952,45
952,46
952,47
953,1
953,2
953,3
953,5
953,10
953,17
953,38
954,1
954,4
954,12
954,25
955,1
955,3
955,4
955,10
955,39
955,45
956,1
956,4
956,10
956,39
957,1
957,2
957,7
957,16
957,33
957,37
958,1
958,2
958,4
958,36
959,1
959,3
959,4
959,39
959,45
959,46
959,47
960,1
960,2
960,3
960,4
960,5
960,10
961,3
961,4
961,5
961,10
962,2
962,3
962,15
962,25
962,38
963,1
963,3
963,45
963,46
963,47
964,2
964,3
964,5
964,10
964,26
964,38
965,1
965,3
965,4
965,46
965,47
966,1
966,3
966,4
966,12
966,25
966,36
966,37
967,1
967,3
967,4
967,8
967,10
967,45
968,1
968,2
968,3
968,10
968,18
968,25
968,38
969,1
969,2
969,4
969,5
969,10
969,26
969,36
970,1
970,2
970,3
970,5
970,7
971,1
971,2
971,3
971,10
971,25
971,38
972,1
972,2
972,8
972,26
973,1
973,2
973,4
973,5
973,10
973,47
974,2
974,8
974,26
974,27
975,1
975,2
975,7
975,8
975,26
975,27
976,1
976,2
976,3
976,5
976,8
976,10
977,1
977,2
977,3
977,10
977,39
977,45
978,1
978,3
978,45
978,46
978,47
979,1
979,3
979,4
979,45
980,3
980,4
980,12
980,25
980,36
981,1
981,2
981,3
981,4
981,5
981,10
982,1
982,2
982,3
982,4
982,5
982,10
983,1
983,2
983,4
983,5
983,10
983,28
983,36
984,1
984,2
984,3
984,10
985,1
985,7
985,8
985,26
985,27
986,1
986,2
986,3
986,10
986,25
987,2
987,3
987,4
987,5
988,1
988,2
988,3
988,7
988,10
988,25
988,38
989,1
989,3
989,4
989,10
989,12
989,25
989,36
990,1
990,2
990,5
990,16
990,22
990,33
990,37
991,1
991,2
991,28
991,34
992,1
992,2
992,3
992,5
992,10
992,28
992,38
993,1
993,2
993,3
993,10
993,25
993,34
993,38
994,1
994,2
994,3
994,4
994,5
994,10
994,13
995,1
995,3
995,5
995,10
996,1
996,4
996,25
996,36
996,43
997,1
997,2
997,4
997,5
997,10
997,23
998,1
998,2
998,5
998,10
998,45
999,1
999,2
999,16
999,22
999,24
999,33
999,37
1000,2
1000,3
1000,10
1000,25
1000,41
1001,1
1001,2
1001,3
1001,4
1001,5
1001,10
1002,1
1002,2
1002,28
1002,34
1002,36
1002,37
1003,2
1003,16
1003,22
1003,24
1003,33
1004,1
1004,3
1004,5
1004,10
1004,38
1005,2
1005,7
1005,8
1005,16
1005,26
1005,27
1006,1
1006,3
1006,4
1006,45
1006,46
1007,1
1007,4
1007,10
1007,39
1007,45
1008,1
1008,2
1008,3
1008,5
1008,10
1009,1
1009,2
1009,3
1009,4
1009,5
1009,10
1009,18
1010,1
1010,2
1010,3
1010,10
1010,25
1010,38
1011,3
1011,4
1011,10
1011,45
1012,1
1012,3
1012,4
1012,5
1012,45
1012,47
1013,1
1013,3
1013,4
1013,9
1013,12
1013,25
1013,36
1014,1
1014,4
1014,10
1014,39
1014,45
1015,1
1015,3
1015,4
1015,12
1015,25
1015,36
1016,1
1016,2
1016,3
1016,10
1016,46
1017,1
1017,2
1017,3
1017,4
1017,6
1017,10
1018,2
1018,16
1018,22
1018,24
1018,33
1018,37
1018,44
1019,1
1019,3
1019,4
1019,12
1019,25
1019,36
1020,1
1020,2
1020,5
1020,38
1020,43
1021,1
1021,2
1021,3
1021,4
1021,5
1021,8
1021,10
1022,1
1022,2
1022,4
1022,10
1022,36
1023,1
1023,2
1023,3
1023,4
1023,5
1023,10
1023,33
1024,1
1024,2
1024,3
1024,5
1024,38
1025,1
1025,2
1025,3
1025,4
1025,5
1025,10
1025,19
1026,1
1026,3
1026,10
1026,25
1026,38
1027,1
1027,2
1027,3
1027,4
1027,10
1027,37
1028,1
1028,3
1028,4
1028,5
1028,10
1029,3
1029,4
1029,5
1029,10
1029,44
1030,1
1030,2
1030,3
1030,4
1030,5
1030,27
1031,1
1031,2
1031,28
1031,37
1032,3
1032,4
1032,25
1032,36
1033,1
1033,2
1033,4
1033,5
1033,10
1033,36
1034,1
1034,3
1034,4
1034,12
1034,36
1034,47
1035,1
1035,2
1035,3
1035,4
1035,5
1035,10
1035,21
1036,1
1036,2
1036,7
1036,8
1036,27
1037,1
1037,4
1037,5
1037,10
1037,36
1038,1
1038,4
1038,14
1038,45
1038,46
1038,47
1039,1
1039,3
1039,4
1039,5
1040,2
1040,4
1040,5
1040,10
1041,1
1041,2
1041,4
1041,5
1041,10
1042,2
1042,3
1042,5
1042,10
1042,38
1043,1
1043,3
1043,4
1043,45
1043,46
1044,1
1044,2
1044,4
1044,5
1044,10
1044,39
1045,2
1045,4
1045,5
1045,10
1046,1
1046,2
1046,3
1046,4
1046,5
1046,10
1047,1
1047,2
1047,3
1047,4
1047,5
1047,10
1047,21
1048,1
1048,3
1048,4
1048,10
1048,35
1048,39
1048,45
1049,1
1049,2
1049,4
1049,5
1049,10
1049,36
1049,38
1050,1
1050,2
1050,3
1050,4
1050,5
1050,10
1051,2
1051,3
1051,4
1051,5
1051,7
1051,10
1052,1
1052,2
1052,7
1052,8
1052,9
1052,26
1052,27
1053,1
1053,2
1053,9
1053,28
1053,34
1053,36
1054,1
1054,2
1054,3
1054,4
1054,5
1054,10
1054,36
1055,1
1055,3
1055,4
1055,5
1055,10
1056,1
1056,2
1056,3
1056,5
1056,38
1057,1
1057,2
1057,3
1057,4
1058,1
1058,10
1058,39
1058,42
1058,45
1059,1
1059,2
1059,4
1059,33
1059,36
1060,1
1060,2
1060,5
1060,38
1061,1
1061,2
1061,4
1061,5
1061,10
1061,36
1062,1
1062,3
1062,4
1062,45
1062,46
1062,47
1063,1
1063,2
1063,4
1063,5
1063,10
1064,1
1064,3
1064,20
1064,45
1064,46
1065,1
1065,2
1065,4
1065,5
1065,36
1066,1
1066,3
1066,4
1066,42
1066,45
1067,1
1067,2
1067,28
1067,34
1067,36
1067,45
1068,2
1068,3
1068,4
1068,45
1068,47
1069,1
1069,2
1069,3
1069,10
1069,39
1070,1
1070,5
1070,10
1070,36
1070,40
1071,3
1071,4
1071,5
1071,9
1071,10
1072,1
1072,2
1072,28
1072,29
1072,36
1073,1
1073,3
1073,4
1073,8
1073,45
1073,46
1073,47
1074,1
1074,3
1074,4
1074,45
1074,46
1074,47
1075,1
1075,3
1075,4
1075,5
1075,10
1076,1
1076,2
1076,3
1076,5
1076,38
1077,1
1077,3
1077,4
1077,10
1077,39
1077,45
1078,2
1078,10
1078,25
1078,38
1079,1
1079,2
1079,3
1079,5
1079,24
1080,1
1080,3
1080,4
1080,10
1080,28
1081,2
1081,3
1081,4
1081,5
1081,21
1082,1
1082,3
1082,10
1082,25
1083,3
1083,4
1083,36
1083,45
1083,46
1084,2
1084,3
1084,4
1084,5
1084,10
1084,46
1085,1
1085,2
1085,10
1085,25
1085,38
1085,42
1086,2
1086,3
1086,4
1086,5
1086,10
1086,40
1087,1
1087,3
1087,4
1087,5
1087,10
1088,1
1088,2
1088,10
1088,16
1088,22
1088,24
1088,33
1088,37
1089,1
1089,5
1089,10
1089,38
1090,1
1090,2
1090,3
1090,4
1090,5
1090,10
1090,29
1091,1
1091,3
1091,10
1091,12
1091,25
1091,38
1092,1
1092,3
1092,25
1092,38
1093,1
1093,3
1093,4
1093,10
1093,39
1093,45
1094,1
1094,2
1094,3
1094,10
1094,38
1095,1
1095,3
1095,4
1095,45
1095,46
1095,47
1096,1
1096,3
1096,45
1096,47
1097,1
1097,2
1097,3
1097,5
1097,10
1097,28
1097,38
1098,1
1098,2
1098,3
1098,5
1098,33
1099,1
1099,3
1099,4
1099,28
1099,45
1100,3
1100,10
1100,39
1100,45
1101,1
1101,2
1101,3
1101,4
1101,5
1102,1
1102,2
1102,10
1102,25
1102,38
1103,1
1103,10
1103,25
1103,38
1104,1
1104,3
1104,4
1104,6
1104,45
1105,1
1105,2
1105,8
1105,9
1105,27
1106,1
1106,2
1106,16
1106,24
1106,27
1107,1
1107,4
1107,5
1107,10
1108,1
1108,3
1108,4
1108,10
1108,24
1108,39
1108,45
1109,1
1109,3
1109,12
1109,36
1110,1
1110,2
1110,7
1110,8
1110,26
1110,27
1111,3
1111,5
1111,10
1111,31
1111,38
1112,1
1112,3
1112,4
1112,36
1113,1
1113,2
1113,28
1113,34
1113,36
1113,37
1114,1
1114,4
1114,46
1114,47
1115,4
1115,45
1115,46
1115,47
1116,3
1116,4
1116,45
1116,46
1116,47
1117,1
1117,3
1117,4
1117,45
1117,46
1118,1
1118,3
1118,4
1118,45
1118,46
1118,47
1119,1
1119,4
1119,10
1119,45
1120,2
1120,3
1120,4
1120,5
1120,22
1121,1
1121,2
1121,10
1121,32
1121,38
1122,1
1122,2
1122,5
1122,10
1123,1
1123,2
1123,3
1123,10
1123,25
1123,38
1124,1
1124,2
1124,4
1124,5
1125,1
1125,2
1125,28
1125,34
1125,36
1125,37
1126,1
1126,2
1126,3
1126,4
1127,1
1127,3
1127,4
1127,5
1127,10
1127,19
1128,1
1128,2
1128,16
1128,22
1128,24
1128,33
1128,37
1129,2
1129,34
1129,36
1129,37
1130,3
1130,4
1130,11
1130,45
1130,46
1130,47
1131,1
1131,3
1131,4
1131,32
1131,45
1131,47
1132,1
1132,2
1132,3
1132,5
1132,38
1133,1
1133,2
1133,3
1133,5
1133,10
1133,38
1133,45
1134,1
1134,2
1134,3
1134,5
1134,10
1134,38
1135,1
1135,3
1135,4
1135,13
1135,45
1135,46
1135,47
1136,1
1136,4
1136,5
1136,10
1136,36
1137,2
1137,16
1137,22
1137,24
1137,33
1138,1
1138,27
1138,28
1138,34
1138,36
1139,1
1139,2
1139,5
1139,10
1140,1
1140,3
1140,4
1140,12
1140,36
1141,1
1141,3
1141,4
1141,10
1141,29
1141,39
1141,45
1142,1
1142,3
1142,4
1142,12
1142,25
1142,36
1142,43
1143,1
1143,3
1143,4
1143,45
1143,46
1143,47
1144,1
1144,3
1144,4
1144,8
1144,45
1144,46
1144,47
1145,1
1145,2
1145,7
1145,8
1145,27
1145,43
1146,1
1146,2
1146,3
1146,4
1146,5
1146,7
1146,10
1147,1
1147,2
1147,3
1147,4
1147,5
1147,10
1148,1
1148,4
1148,45
1148,47
1149,3
1149,4
1149,27
1149,39
1149,45
1150,1
1150,2
1150,7
1150,25
1150,38
1151,1
1151,2
1151,3
1151,4
1151,45
1151,46
1151,47
1152,4
1152,5
1152,10
1152,36
1153,1
1153,2
1153,3
1153,5
1153,10
1153,24
1153,38
1154,1
1154,3
1154,4
1154,10
1154,45
1155,1
1155,2
1155,36
1155,37
1156,2
1156,3
1156,4
1156,5
1156,10
1156,35
1157,1
1157,7
1157,8
1157,26
1157,27
1157,31
1158,1
1158,2
1158,10
1158,25
1158,38
1159,1
1159,2
1159,3
1159,10
1159,25
1159,27
1159,38
1160,1
1160,2
1160,3
1160,5
1160,10
1161,2
1161,3
1161,10
1161,34
1161,38
1162,1
1162,3
1162,4
1162,10
1162,34
1163,1
1163,2
1163,3
1163,5
1163,10
1163,13
1164,1
1164,3
1164,4
1164,45
1164,46
1164,47
1165,1
1165,4
1165,5
1165,10
1166,1
1166,3
1166,4
1166,25
1166,36
1167,1
1167,2
1167,4
1167,5
1167,10
1168,1
1168,3
1168,12
1168,25
1169,1
1169,4
1169,5
1169,10
1169,21
1170,2
1170,3
1170,8
1170,10
1170,25
1170,38
1171,1
1171,2
1171,5
1171,36
1172,2
1172,16
1172,22
1172,24
1172,33
1172,37
1173,1
1173,2
1173,3
1173,10
1173,25
1173,38
1173,39
1174,1
1174,2
1174,5
1174,10
1174,39
1175,1
1175,2
1175,3
1175,10
1175,25
1175,38
1176,1
1176,3
1176,25
1176,38
1176,44
1177,1
1177,2
1177,16
1177,21
1177,22
1177,24
1177,33
1177,37
1178,1
1178,2
1178,3
1178,4
1178,31
1179,1
1179,3
1179,5
1179,10
1179,11
1180,1
1180,2
1180,20
1180,28
1180,34
1180,36
1180,37
1181,1
1181,3
1181,4
1181,5
1181,10
1181,36
1182,1
1182,2
1182,3
1182,5
1182,10
1182,38
1183,3
1183,4
1183,45
1183,46
1183,47
1184,1
1184,3
1184,39
1184,45
1185,1
1185,2
1185,3
1185,10
1185,26
1185,38
1186,1
1186,3
1186,4
1186,12
1186,20
1186,36
1187,1
1187,3
1187,5
1187,10
1188,1
1188,2
1188,4
1188,10
1188,36
1189,1
1189,2
1189,3
1189,4
1189,10
1189,25
1190,1
1190,2
1190,5
1190,10
1190,36
1191,1
1191,2
1191,3
1191,10
1191,25
1191,38
1192,1
1192,2
1192,4
1192,5
1192,10
1192,16
1193,1
1193,3
1193,4
1193,12
1194,1
1194,2
1194,7
1194,8
1194,21
1194,26
1194,27
1195,3
1195,4
1195,19
1195,45
1195,46
1195,47
1196,1
1196,3
1196,4
1196,10
1196,39
1197,1
1197,2
1197,4
1197,5
1197,10
1197,47
1198,2
1198,4
1198,5
1198,10
1198,36
1199,1
1199,3
1199,5
1199,26
1199,38
1200,1
1200,2
1200,3
1200,4
1200,5
1200,10
1201,1
1201,3
1201,4
1201,10
1201,39
1201,45
1202,3
1202,4
1202,46
1202,47
1203,1
1203,2
1203,3
1203,5
1203,10
1203,30
1203,38
1204,1
1204,2
1204,16
1204,22
1204,37
1205,1
1205,3
1205,4
1205,5
1205,10
1205,39
1205,45
1206,1
1206,2
1206,3
1206,5
1206,10
1206,38
1207,1
1207,2
1207,3
1207,4
1207,10
1208,2
1208,3
1208,10
1208,25
1208,38
1209,1
1209,3
1209,4
1209,12
1209,25
1209,36
1210,1
1210,4
1210,5
1210,10
1210,36
1211,1
1211,3
1211,45
1211,46
1211,47
1212,1
1212,2
1212,7
1212,8
1212,26
1212,27
1213,1
1213,2
1213,3
1213,4
1213,5
1214,2
1214,3
1214,4
1214,5
1214,10
1215,1
1215,2
1215,3
1215,4
1215,5
1215,10
1216,1
1216,2
1216,3
1216,10
1216,21
1216,25
1217,1
1217,3
1217,45
1217,46
1218,1
1218,3
1218,4
1218,17
1218,45
1218,46
1218,47
1219,1
1219,2
1219,3
1219,4
1219,5
1219,10
1219,29
1220,1
1220,3
1220,4
1220,45
1220,46
1220,47
1221,1
1221,3
1221,4
1221,12
1221,25
1221,36
1222,1
1222,2
1222,3
1222,4
1222,10
1222,12
1223,1
1223,2
1223,3
1223,5
1223,10
1223,31
1223,38
1224,1
1224,3
1224,4
1224,10
1224,39
1224,45
1225,1
1225,2
1225,23
1225,33
1225,37
1226,1
1226,3
1226,4
1226,10
1226,28
1226,39
1226,45
1227,1
1227,4
1227,5
1227,10
1227,13
1228,1
1228,2
1228,3
1228,25
1228,35
1228,38
1229,1
1229,2
1229,3
1229,5
1229,7
1230,1
1230,12
1230,25
1230,36
1231,1
1231,3
1231,4
1231,10
1231,17
1231,39
1231,45
1232,1
1232,2
1232,3
1232,4
1232,5
1232,10
1232,23
1233,1
1233,16
1233,22
1233,35
1233,37
1234,2
1234,4
1234,5
1234,10
1234,19
1234,36
1235,2
1235,3
1235,5
1235,10
1235,38
1236,1
1236,2
1236,7
1236,8
1236,26
1236,27
1236,37
1237,2
1237,5
1237,10
1237,36
1238,1
1238,2
1238,10
1238,25
1239,2
1239,3
1239,10
1239,25
1239,29
1240,1
1240,2
1240,7
1240,8
1240,27
1241,1
1241,3
1241,5
1241,10
1242,2
1242,4
1242,5
1242,10
1242,12
1242,36
1243,1
1243,4
1243,5
1243,8
1243,10
1244,1
1244,2
1244,3
1244,4
1244,5
1244,10
1244,18
1245,1
1245,2
1245,4
1245,5
1245,10
1245,36
1246,1
1246,2
1246,4
1246,5
1246,10
1246,30
1247,1
1247,3
1247,4
1247,14
1247,45
1247,46
1247,47
1248,1
1248,3
1248,25
1248,38
1249,1
1249,3
1249,4
1249,10
1249,17
1249,39
1249,45
1250,1
1250,2
1250,4
1250,5
1251,1
1251,2
1251,3
1251,4
1251,5
1252,1
1252,3
1252,5
1252,10
1253,1
1253,2
1253,5
1253,28
1253,34
1253,36
1253,37
1254,1
1254,4
1254,12
1254,25
1255,2
1255,3
1255,10
1255,16
1255,25
1255,38
1256,2
1256,3
1256,5
1256,10
1257,1
1257,2
1257,4
1257,5
1257,10
1257,27
1257,36
1258,1
1258,2
1258,7
1258,26
1258,27
1258,42
1259,4
1259,10
1259,39
1259,45
1260,1
1260,3
1260,4
1260,10
1260,12
1260,25
1260,36
1261,1
1261,2
1261,3
1261,5
1261,10
1261,38
1262,1
1262,16
1262,22
1262,24
1262,37
1263,1
1263,5
1263,10
1263,36
1263,39
1264,1
1264,3
1264,4
1264,45
1264,46
1264,47
1265,1
1265,2
1265,3
1265,4
1265,5
1265,10
1265,29
1266,1
1266,3
1266,4
1266,12
1266,19
1266,36
1267,1
1267,3
1267,4
1267,12
1267,21
1267,25
1267,36
1268,2
1268,3
1268,4
1268,5
1268,10
1269,1
1269,2
1269,3
1269,5
1269,10
1270,1
1270,3
1270,4
1270,12
1270,25
1270,36
1271,1
1271,3
1271,4
1271,10
1271,39
1271,45
1272,3
1272,4
1272,45
1272,46
1272,47
1273,1
1273,3
1273,4
1273,5
1273,10
1274,1
1274,2
1274,16
1274,22
1274,24
1274,37
1274,42
1275,1
1275,2
1275,3
1275,5
1275,10
1276,3
1276,4
1276,5
1276,10
1277,1
1277,28
1277,34
1277,36
1277,37
1278,1
1278,3
1278,46
1278,47
1279,1
1279,2
1279,3
1279,4
1279,5
1280,1
1280,3
1280,4
1280,24
1280,45
1280,46
1280,47
1281,1
1281,3
1281,4
1281,10
1282,1
1282,2
1282,16
1282,22
1282,33
1282,37
1283,1
1283,2
1283,3
1283,4
1283,5
1283,9
1283,10
1284,1
1284,3
1284,10
1284,39
1285,1
1285,2
1285,3
1285,10
1285,25
1285,38
1286,1
1286,3
1286,45
1286,47
1287,1
1287,2
1287,3
1287,4
1287,5
1287,7
1287,10
1288,1
1288,2
1288,28
1288,34
1288,37
1289,1
1289,2
1289,3
1289,10
1290,1
1290,2
1290,3
1290,5
1290,9
1290,10
1290,38
1291,1
1291,3
1291,4
1291,45
1291,46
1292,1
1292,3
1292,4
1292,12
1292,36
1293,1
1293,2
1293,7
1293,8
1293,26
1293,27
1294,1
1294,10
1294,25
1294,38
1295,1
1295,2
1295,3
1295,10
1295,25
1295,38
1296,1
1296,2
1296,3
1296,10
1296,25
1296,38
1297,1
1297,2
1297,3
1297,10
1297,25
1297,38
1298,1
1298,2
1298,3
1298,5
1298,10
1298,38
1299,1
1299,2
1299,3
1299,5
1299,10
1299,40
1300,1
1300,3
1300,4
1300,33
1300,45
1300,47
1301,3
1301,4
1301,17
1301,25
1301,36
1302,1
1302,4
1302,25
1302,36
1302,39
1303,1
1303,27
1303,28
1303,34
1303,36
1303,37
1304,1
1304,3
1304,9
1304,25
1304,38
1305,1
1305,2
1305,5
1305,10
1305,38
1306,2
1306,7
1306,8
1306,26
1307,1
1307,2
1307,28
1307,34
1307,36
1307,37
1308,1
1308,2
1308,3
1308,5
1308,10
1309,1
1309,2
1309,3
1309,5
1309,10
1309,31
1309,38
1310,1
1310,2
1310,4
1310,36
1311,1
1311,3
1311,4
1311,12
1311,25
1311,36
1311,38
1312,1
1312,3
1312,5
1312,10
1313,1
1313,2
1313,3
1313,4
1313,5
1313,10
1314,1
1314,2
1314,28
1314,34
1314,36
1314,37
1315,1
1315,2
1315,3
1315,4
1315,5
1315,10
1316,1
1316,2
1316,3
1316,4
1316,5
1316,36
1317,1
1317,4
1317,15
1317,39
1317,45
1318,1
1318,2
1318,5
1318,10
1318,36
1319,3
1319,4
1319,45
1319,46
1319,47
1320,1
1320,2
1320,3
1320,5
1320,10
1320,29
1321,1
1321,2
1321,4
1321,5
1321,10
1321,36
1322,1
1322,2
1322,3
1322,4
1322,5
1322,10
1323,1
1323,4
1323,10
1323,39
1324,1
1324,2
1324,3
1324,5
1324,31
1325,1
1325,3
1325,9
1325,45
1325,46
1325,47
1326,1
1326,2
1326,3
1326,10
1326,25
1326,38
1327,1
1327,2
1327,3
1327,4
1327,17
1328,1
1328,2
1328,3
1328,10
1329,1
1329,2
1329,4
1329,5
1329,31
1330,1
1330,2
1330,3
1330,25
1330,38
1331,1
1331,2
1331,3
1331,4
1331,5
1331,10
1332,1
1332,2
1332,19
1332,28
1332,34
1332,36
1332,37
1333,1
1333,2
1333,3
1333,5
1333,10
1334,2
1334,3
1334,7
1334,8
1334,26
1334,27
1335,1
1335,2
1335,3
1335,4
1335,5
1335,10
1336,1
1336,2
1336,3
1336,4
1336,10
1337,1
1337,3
1337,4
1337,45
1337,46
1337,47
1338,1
1338,2
1338,4
1338,5
1338,36
1338,44
1339,3
1339,4
1339,5
1339,10
1339,38
1340,1
1340,3
1340,4
1340,5
1340,10
1341,1
1341,2
1341,3
1341,4
1341,5
1341,10
1342,1
1342,3
1342,4
1342,10
1342,45
1343,1
1343,2
1343,3
1343,10
1344,1
1344,2
1344,16
1344,33
1344,37
1345,1
1345,2
1345,3
1345,4
1345,5
1345,10
1345,47
1346,1
1346,2
1346,3
1346,4
1346,5
1346,10
1347,2
1347,3
1347,4
1347,5
1348,2
1348,4
1348,5
1348,10
1348,23
1348,36
1349,1
1349,3
1349,4
1349,45
1349,46
1349,47
1350,1
1350,3
1350,4
1350,29
1350,45
1350,47
1351,1
1351,3
1351,4
1351,45
1351,46
1351,47
1352,2
1352,20
1352,28
1352,36
1352,37
1353,1
1353,4
1353,10
1353,31
1353,39
1353,45
1354,1
1354,2
1354,3
1354,4
1354,10
1355,1
1355,2
1355,4
1355,5
1355,10
1355,36
1356,1
1356,3
1356,5
1356,10
1357,1
1357,2
1357,3
1357,5
1357,10
1357,25
1357,38
1358,1
1358,3
1358,4
1358,10
1358,39
1358,45
1359,1
1359,2
1359,3
1359,5
1359,10
1359,38
1360,1
1360,2
1360,3
1360,4
1360,5
1360,10
1360,20
1361,3
1361,4
1361,42
1361,45
1361,46
1362,1
1362,5
1362,10
1362,36
1363,1
1363,2
1363,3
1363,10
1364,1
1364,4
1364,23
1364,45
1364,46
1365,2
1365,7
1365,17
1365,26
1365,27
1366,1
1366,2
1366,4
1366,10
1367,1
1367,3
1367,4
1367,45
1367,46
1367,47
1368,2
1368,3
1368,5
1368,10
1369,2
1369,7
1369,8
1369,22
1369,26
1369,27
1370,4
1370,12
1370,25
1370,36
1371,1
1371,2
1371,3
1371,10
1371,25
1371,38
1371,45
1372,1
1372,3
1372,4
1372,12
1372,25
1372,36
1373,1
1373,2
1373,3
1373,5
1373,10
1373,30
1373,38
1374,2
1374,24
1374,33
1374,37
1375,1
1375,3
1375,45
1375,46
1375,47
1376,1
1376,2
1376,3
1376,10
1376,25
1376,27
1376,38
1377,1
1377,3
1377,12
1377,36
1378,1
1378,2
1378,3
1378,10
1378,25
1379,1
1379,2
1379,3
1379,5
1379,10
1380,1
1380,2
1380,3
1380,10
1380,25
1380,36
1380,38
1381,3
1381,4
1381,39
1381,45
1382,1
1382,2
1382,22
1382,33
1383,1
1383,4
1383,5
1383,10
1383,36
1383,42
1384,1
1384,2
1384,3
1384,4
1384,5
1384,10
1385,1
1385,3
1385,5
1385,10
1385,12
1385,38
1386,1
1386,2
1386,4
1386,5
1387,1
1387,2
1387,3
1387,4
1387,10
1387,33
1388,1
1388,2
1388,4
1388,5
1388,10
1389,1
1389,3
1389,4
1389,10
1389,22
1389,39
1389,45
1390,1
1390,3
1390,29
1390,45
1390,46
1390,47
1391,1
1391,2
1391,3
1391,4
1391,5
1391,10
1391,24
1392,1
1392,3
1392,4
1392,39
1392,45
1393,2
1393,16
1393,22
1393,37
1394,3
1394,4
1394,10
1394,29
1394,45
1395,1
1395,2
1395,3
1395,4
1395,5
1395,10
1396,1
1396,3
1396,4
1396,45
1396,47
1397,1
1397,2
1397,5
1397,10
1398,1
1398,3
1398,4
1398,10
1398,11
1398,39
1398,45
1399,1
1399,3
1399,4
1399,12
1400,1
1400,2
1400,3
1400,5
1401,1
1401,2
1401,3
1401,4
1401,5
1401,10
1402,1
1402,3
1402,45
1402,46
1402,47
1403,1
1403,2
1403,3
1403,10
1403,25
1403,38
1403,46
1404,1
1404,4
1404,5
1404,10
1404,38
1405,1
1405,2
1405,4
1405,5
1405,10
1405,36
1406,2
1406,16
1406,22
1406,24
1406,25
1407,2
1407,3
1407,4
1407,10
1407,40
1408,1
1408,4
1408,31
1408,45
1408,46
1409,3
1409,4
1409,27
1409,46
1409,47
1410,1
1410,2
1410,4
1410,5
1410,36
1411,1
1411,2
1411,3
1411,4
1411,10
1411,35
1412,1
1412,2
1412,3
1412,4
1412,19
1413,1
1413,3
1413,4
1413,5
1413,10
1414,1
1414,2
1414,3
1414,4
1414,5
1414,10
1414,12
1415,2
1415,3
1415,5
1415,10
1415,42
1416,1
1416,3
1416,4
1416,7
1416,45
1416,46
1416,47
1417,1
1417,3
1417,4
1417,18
1417,45
1417,46
1417,47
1418,1
1418,2
1418,3
1418,4
1418,5
1418,10
1418,23
1419,1
1419,4
1419,5
1419,9
1419,10
1420,1
1420,2
1420,3
1420,5
1421,2
1421,7
1421,22
1421,26
1421,27
1422,1
1422,4
1422,5
1422,10
1422,18
1423,1
1423,2
1423,6
1423,10
1423,25
1423,38
1424,1
1424,2
1424,3
1424,4
1424,5
1425,1
1425,2
1425,28
1425,34
1425,42
1426,3
1426,4
1426,32
1426,45
1426,47
1427,1
1427,2
1427,23
1427,34
1427,36
1427,37
1428,1
1428,2
1428,3
1428,10
1429,3
1429,4
1429,46
1429,47
1430,1
1430,2
1430,3
1430,5
1430,10
1430,38
1431,1
1431,2
1431,3
1431,10
1431,25
1432,1
1432,2
1432,3
1432,4
1432,5
1432,10
1432,38
1433,3
1433,4
1433,12
1433,25
1433,36
1433,45
1434,2
1434,3
1434,4
1434,5
1434,10
1435,1
1435,3
1435,4
1435,10
1435,22
1436,1
1436,3
1436,4
1436,10
1436,14
1436,39
1437,1
1437,2
1437,3
1437,4
1437,5
1437,10
1438,1
1438,2
1438,3
1438,4
1438,5
1438,29
1439,1
1439,2
1439,28
1439,37
1440,1
1440,2
1440,4
1440,10
1440,30
1440,36
1441,1
1441,2
1441,7
1441,8
1441,12
1441,26
1441,27
1442,1
1442,2
1442,3
1442,10
1442,25
1442,38
1443,1
1443,2
1443,7
1443,8
1443,26
1443,27
1444,1
1444,3
1444,45
1444,47
1445,1
1445,4
1445,12
1445,25
1445,36
1446,1
1446,3
1446,4
1446,7
1446,10
1446,39
1446,45
1447,1
1447,3
1447,4
1447,30
1447,45
1447,46
1447,47
1448,1
1448,2
1448,3
1448,4
1448,5
1448,10
1449,1
1449,3
1449,4
1449,10
1449,24
1449,39
1450,2
1450,16
1450,22
1450,24
1450,29
1450,33
1450,37
1451,1
1451,8
1451,26
1451,27
1451,44
1452,1
1452,3
1452,4
1452,45
1452,46
1452,47
1453,1
1453,2
1453,7
1453,8
1453,26
1454,1
1454,3
1454,4
1454,46
1454,47
1455,1
1455,3
1455,4
1455,44
1455,45
1455,46
1455,47
1456,1
1456,2
1456,3
1456,5
1456,38
1457,3
1457,4
1457,10
1457,33
1457,39
1457,45
1458,1
1458,2
1458,3
1458,7
1458,8
1458,26
1458,27
1459,1
1459,4
1459,14
1459,45
1459,46
1460,3
1460,4
1460,12
1460,25
1460,36
1461,3
1461,4
1461,45
1461,46
1461,47
1462,2
1462,3
1462,5
1462,10
1462,38
1462,39
1463,2
1463,28
1463,34
1463,36
1464,1
1464,3
1464,4
1464,45
1464,46
1464,47
1465,1
1465,2
1465,3
1465,4
1465,5
1465,6
1465,10
1466,1
1466,16
1466,22
1466,24
1467,1
1467,2
1467,4
1467,5
1467,10
1467,20
1468,1
1468,3
1468,4
1468,45
1468,46
1468,47
1469,1
1469,3
1469,4
1469,12
1469,25
1469,36
1470,2
1470,8
1470,26
1470,27
1471,1
1471,3
1471,4
1471,46
1472,1
1472,3
1472,4
1472,5
1472,10
1472,29
1473,1
1473,2
1473,3
1473,10
1473,25
1473,38
1474,1
1474,2
1474,3
1474,4
1474,10
1475,2
1475,3
1475,10
1475,38
1476,2
1476,3
1476,4
1476,5
1477,1
1477,2
1477,28
1477,34
1477,36
1477,37
1478,2
1478,10
1478,25
1478,38
1479,2
1479,16
1479,24
1479,37
1480,1
1480,2
1480,3
1480,10
1480,25
1480,38
1481,3
1481,4
1481,45
1481,47
1482,4
1482,12
1482,25
1482,36
1483,1
1483,7
1483,8
1483,23
1483,26
1483,27
1484,1
1484,2
1484,3
1484,4
1484,10
1485,3
1485,4
1485,14
1485,46
1485,47
1486,4
1486,5
1486,10
1486,36
1487,2
1487,3
1487,5
1487,10
1487,23
1488,1
1488,4
1488,14
1488,45
1488,47
1489,1
1489,2
1489,3
1489,4
1489,5
1489,10
1490,3
1490,10
1490,25
1490,38
1491,1
1491,2
1491,28
1491,36
1492,1
1492,2
1492,3
1492,5
1492,10
1492,38
1493,1
1493,3
1493,4
1493,40
1493,45
1493,46
1493,47
1494,1
1494,2
1494,4
1494,10
1495,2
1495,3
1495,5
1495,10
1496,1
1496,3
1496,4
1496,12
1496,25
1496,36
1497,1
1497,2
1497,3
1497,5
1497,10
1497,38
1498,1
1498,2
1498,3
1498,25
1499,1
1499,3
1499,4
1499,10
1499,35
1499,39
1499,45
1500,1
1500,2
1500,3
1500,10
1500,27
1501,1
1501,2
1501,10
1501,36
1501,41
1502,3
1502,4
1502,10
1502,39
1502,45
1503,1
1503,3
1503,4
1503,10
1503,39
1503,45
1504,2
1504,3
1504,4
1504,5
1504,10
1505,1
1505,16
1505,22
1505,24
1506,1
1506,2
1506,4
1506,5
1506,10
1506,30
1506,36
1507,1
1507,2
1507,4
1507,5
1507,20
1508,1
1508,2
1508,16
1508,22
1508,33
1509,1
1509,2
1509,3
1509,4
1509,5
1509,10
1509,36
1510,1
1510,2
1510,7
1510,8
1510,26
1510,27
1511,1
1511,2
1511,3
1511,4
1511,5
1511,10
1512,1
1512,2
1512,3
1512,10
1512,11
1512,38
1513,1
1513,2
1513,3
1513,5
1513,10
1513,38
1514,1
1514,2
1514,3
1514,4
1514,5
1515,1
1515,2
1515,28
1515,34
1515,36
1516,1
1516,2
1516,8
1516,26
1516,29
1517,1
1517,3
1517,4
1517,10
1517,39
1517,45
1518,1
1518,4
1518,10
1518,45
1519,1
1519,2
1519,3
1519,10
1519,25
1519,38
1519,47
1520,1
1520,4
1520,5
1520,45
1520,46
1520,47
1521,1
1521,3
1521,22
1521,39
1521,45
1522,1
1522,3
1522,4
1522,11
1522,12
1522,25
1522,36
1523,1
1523,4
1523,10
1523,40
1523,45
1524,1
1524,8
1524,28
1524,36
1524,37
1525,1
1525,2
1525,16
1525,33
1525,37
1525,39
1526,1
1526,2
1526,4
1526,10
1527,1
1527,2
1527,8
1527,24
1527,26
1527,27
1528,1
1528,4
1528,25
1528,36
1529,1
1529,4
1529,10
1529,39
1529,42
1529,45
1530,1
1530,2
1530,28
1530,34
1530,36
1530,37
1531,1
1531,3
1531,4
1531,5
1531,10
1531,17
1532,2
1532,3
1532,4
1532,5
1532,10
1533,2
1533,3
1533,4
1533,5
1533,15
1534,1
1534,2
1534,28
1534,36
1534,37
1535,2
1535,3
1535,5
1535,10
1535,11
1536,2
1536,3
1536,5
1536,10
1537,1
1537,2
1537,28
1537,34
1537,36
1537,37
1538,2
1538,3
1538,5
1538,10
1539,1
1539,2
1539,4
1539,36
1540,1
1540,3
1540,45
1540,46
1540,47
1541,1
1541,2
1541,3
1541,4
1541,5
1541,10
1541,45
1542,3
1542,4
1542,45
1542,46
1542,47
1543,1
1543,2
1543,26
1543,28
1543,34
1543,36
1543,37
1544,1
1544,4
1544,12
1544,25
1544,36
1544,47
1545,1
1545,2
1545,3
1545,4
1545,5
1545,10
1546,1
1546,2
1546,3
1546,10
1546,25
1546,38
1546,43
1547,1
1547,2
1547,4
1547,5
1547,21
1548,2
1548,5
1548,10
1548,17
1548,38
1549,1
1549,2
1549,3
1549,4
1549,5
1549,10
1549,26
1550,1
1550,3
1550,4
1550,45
1550,46
1550,47
1551,1
1551,3
1551,4
1551,37
1551,45
1551,46
1551,47
1552,1
1552,3
1552,4
1552,12
1552,25
1552,36
1553,2
1553,3
1553,4
1553,5
1553,10
1553,38
1554,1
1554,2
1554,3
1554,10
1554,25
1554,38
1555,1
1555,2
1555,5
1555,10
1555,25
1555,36
1556,1
1556,10
1556,39
1556,45
1557,1
1557,3
1557,4
1557,10
1557,23
1557,39
1558,1
1558,3
1558,4
1558,39
1558,40
1559,1
1559,3
1559,4
1559,19
1559,45
1559,46
1560,1
1560,2
1560,7
1560,16
1560,27
1561,1
1561,2
1561,7
1561,8
1561,26
1561,27
1561,46
1562,1
1562,2
1562,3
1562,4
1562,5
1562,10
1563,1
1563,3
1563,4
1563,45
1564,1
1564,2
1564,3
1564,10
1564,25
1564,38
1565,1
1565,2
1565,3
1565,5
1566,1
1566,2
1566,7
1566,12
1566,26
1566,27
1567,1
1567,3
1567,4
1567,5
1567,10
1568,1
1568,2
1568,28
1568,34
1568,36
1568,37
1568,44
1569,1
1569,2
1569,4
1569,5
1569,33
1570,1
1570,2
1570,3
1570,4
1570,5
1570,25
1571,1
1571,2
1571,22
1571,37
1572,1
1572,2
1572,5
1572,12
1572,36
1573,1
1573,2
1573,3
1573,4
1573,5
1573,10
1573,40
1574,1
1574,2
1574,3
1574,4
1574,5
1574,10
1575,1
1575,4
1575,45
1575,46
1575,47
1576,1
1576,2
1576,3
1576,10
1576,16
1577,1
1577,2
1577,3
1577,4
1577,5
1577,10
1578,1
1578,2
1578,3
1578,4
1578,5
1578,7
1578,10
1579,1
1579,4
1579,12
1579,25
1579,36
1579,47
1580,1
1580,2
1580,3
1580,5
1581,1
1581,2
1581,36
1581,37
1582,3
1582,4
1582,5
1582,10
1583,1
1583,4
1583,45
1583,47
1584,1
1584,2
1584,3
1584,4
1584,5
1584,10
1585,1
1585,2
1585,28
1585,34
1585,36
1585,43
1586,3
1586,5
1586,10
1586,38
1586,44
1587,1
1587,4
1587,10
1587,37
1587,39
1588,1
1588,2
1588,7
1588,8
1588,26
1588,27
1589,1
1589,2
1589,3
1589,10
1589,12
1589,38
1590,1
1590,3
1590,5
1590,10
1590,38
1591,1
1591,2
1591,16
1591,22
1591,24
1591,33
1591,37
1592,1
1592,2
1592,3
1592,10
1592,25
1592,38
1593,3
1593,4
1593,45
1593,46
1593,47
1594,1
1594,2
1594,3
1594,4
1594,5
1594,10
1594,33
1595,1
1595,3
1595,4
1595,5
1596,1
1596,3
1596,5
1596,10
1597,1
1597,2
1597,3
1597,4
1597,5
1597,10
1598,1
1598,2
1598,3
1598,5
1599,1
1599,2
1599,4
1599,5
1599,10
1599,39
1600,1
1600,2
1600,5
1600,38
1601,1
1601,4
1601,12
1601,25
1601,36
1602,1
1602,3
1602,4
1602,45
1602,47
1603,1
1603,3
1603,4
1603,39
1603,45
1603,47
1604,1
1604,2
1604,7
1604,8
1604,17
1604,26
1604,27
1605,3
1605,4
1605,12
1605,25
1605,38
1606,1
1606,2
1606,4
1606,5
1606,10
1607,1
1607,3
1607,4
1607,36
1607,45
1607,46
1608,1
1608,3
1608,6
1608,45
1608,46
1608,47
1609,1
1609,2
1609,16
1609,22
1609,24
1609,33
1609,37
1610,1
1610,3
1610,4
1610,14
1610,45
1610,46
1610,47
1611,1
1611,2
1611,28
1611,34
1611,39
1612,1
1612,2
1612,3
1612,4
1612,45
1612,46
1613,1
1613,3
1613,5
1613,10
1613,38
1614,1
1614,2
1614,3
1614,4
1614,5
1614,10
1615,1
1615,3
1615,4
1615,5
1615,10
1616,1
1616,2
1616,3
1616,4
1616,5
1616,6
1616,10
1617,1
1617,3
1617,4
1617,10
1617,39
1617,44
1617,45
1618,1
1618,2
1618,3
1618,5
1618,10
1618,26
1618,38
1619,1
1619,3
1619,4
1619,5
1619,12
1619,25
1619,36
1620,2
1620,3
1620,4
1620,5
1620,10
1621,1
1621,2
1621,3
1621,10
1621,38
1621,47
1622,1
1622,2
1622,5
1622,38
1622,41
1623,1
1623,2
1623,3
1623,4
1623,5
1623,10
1624,1
1624,2
1624,3
1624,10
1624,25
1624,38
1625,1
1625,4
1625,10
1625,33
1625,39
1625,45
1626,1
1626,2
1626,3
1626,4
1626,5
1626,10
1626,43
1627,1
1627,2
1627,3
1627,4
1627,5
1627,10
1627,41
1628,1
1628,3
1628,10
1628,45
1629,1
1629,2
1629,25
1629,38
1630,2
1630,3
1630,5
1630,37
1630,38
1631,3
1631,4
1631,10
1631,45
1632,2
1632,3
1632,5
1632,10
1632,17
1633,1
1633,2
1633,3
1633,38
1634,1
1634,12
1634,25
1634,36
1635,1
1635,3
1635,4
1635,45
1635,47
1636,1
1636,2
1636,3
1636,5
1636,10
1636,30
1637,1
1637,2
1637,3
1637,10
1637,25
1637,38
1638,2
1638,28
1638,34
1638,36
1639,1
1639,2
1639,10
1639,38
1640,1
1640,3
1640,5
1640,10
1640,38
1641,3
1641,4
1641,10
1641,39
1642,1
1642,2
1642,3
1642,5
1642,10
1642,23
1642,38
1643,1
1643,2
1643,19
1643,28
1643,34
1643,36
1643,37
1644,1
1644,2
1644,24
1644,33
1644,37
1645,1
1645,2
1645,3
1645,5
1645,10
1645,38
1646,1
1646,42
1646,45
1646,46
1646,47
1647,2
1647,16
1647,22
1647,33
1648,1
1648,2
1648,3
1648,4
1648,5
1649,1
1649,2
1649,5
1649,10
1650,1
1650,2
1650,7
1650,26
1650,27
1650,42
1651,1
1651,16
1651,18
1651,22
1651,24
1651,37
1652,1
1652,2
1652,3
1652,10
1652,25
1652,38
1653,2
1653,12
1653,22
1653,24
1653,33
1653,37
1654,1
1654,2
1654,3
1654,5
1654,10
1654,38
1655,1
1655,3
1655,4
1655,12
1655,25
1655,36
1655,43
1656,1
1656,2
1656,3
1656,10
1656,25
1656,38
1657,1
1657,2
1657,3
1657,5
1657,10
1657,38
1657,43
1658,2
1658,3
1658,5
1658,10
1659,16
1659,22
1659,33
1659,37
1660,1
1660,2
1660,4
1660,10
1660,36
1660,44
1661,1
1661,2
1661,4
1661,5
1661,10
1661,16
1662,1
1662,3
1662,4
1662,5
1662,10
1663,1
1663,2
1663,28
1663,34
1663,36
1663,37
1664,2
1664,16
1664,18
1664,24
1664,37
1665,3
1665,4
1665,10
1665,35
1665,39
1666,3
1666,4
1666,44
1666,46
1666,47
1667,1
1667,2
1667,3
1667,4
1667,10
1667,36
1668,1
1668,2
1668,3
1668,4
1668,5
1668,10
1668,39
1669,1
1669,2
1669,3
1669,4
1669,5
1669,20
1670,1
1670,2
1670,4
1670,5
1671,1
1671,2
1671,3
1671,10
1671,27
1671,38
1672,1
1672,16
1672,24
1672,33
1672,37
1673,1
1673,2
1673,5
1673,10
1673,25
1673,36
1674,1
1674,2
1674,3
1674,4
1674,5
1674,10
1675,1
1675,2
1675,3
1675,5
1675,10
1675,40
1676,1
1676,2
1676,3
1676,4
1676,5
1677,1
1677,2
1677,10
1677,25
1677,38
1678,4
1678,10
1678,28
1678,39
1678,45
1679,1
1679,2
1679,3
1679,4
1679,5
1679,10
1680,1
1680,2
1680,3
1680,10
1680,25
1680,38
1681,1
1681,12
1681,25
1681,36
1682,1
1682,2
1682,3
1682,38
1682,43
1683,1
1683,4
1683,11
1683,45
1683,46
1683,47
1684,1
1684,2
1684,22
1684,24
1684,33
1684,35
1685,1
1685,2
1685,3
1685,4
1685,5
1685,10
1686,1
1686,3
1686,4
1686,46
1687,2
1687,16
1687,22
1687,24
1687,33
1687,37
1688,1
1688,2
1688,16
1688,22
1688,24
1688,33
1688,44
1689,1
1689,16
1689,22
1689,24
1689,32
1689,33
1689,37
1690,1
1690,4
1690,5
1690,10
1690,16
1690,36
1691,1
1691,2
1691,3
1691,4
1691,5
1691,9
1691,10
1692,1
1692,2
1692,16
1692,33
1692,37
1693,1
1693,2
1693,4
1693,5
1693,10
1693,36
1693,39
1694,3
1694,4
1694,5
1694,10
1695,1
1695,3
1695,4
1695,12
1695,25
1695,34
1695,36
1696,1
1696,2
1696,16
1696,22
1696,24
1696,33
1696,37
1697,1
1697,3
1697,25
1697,36
1697,43
1698,1
1698,3
1698,4
1698,39
1698,46
1699,1
1699,2
1699,4
1699,5
1699,10
1699,36
1700,1
1700,3
1700,4
1700,34
1700,45
1700,46
1700,47
1701,1
1701,2
1701,3
1701,8
1701,10
1701,25
1701,38
1702,1
1702,3
1702,9
1702,45
1702,46
1702,47
1703,1
1703,2
1703,10
1703,11
1703,38
1704,1
1704,2
1704,3
1704,4
1704,5
1704,10
1705,1
1705,3
1705,4
1705,47
1706,3
1706,45
1706,46
1706,47
1707,1
1707,3
1707,4
1707,8
1707,10
1707,45
1708,1
1708,2
1708,3
1708,5
1708,10
1708,38
1709,1
1709,2
1709,7
1709,8
1709,26
1709,27
1709,34
1710,1
1710,2
1710,34
1710,36
1710,37
1711,1
1711,2
1711,3
1711,4
1711,5
1712,1
1712,4
1712,9
1712,10
1712,39
1713,1
1713,2
1713,3
1713,4
1713,5
1713,10
1714,1
1714,3
1714,4
1714,40
1714,46
1714,47
1715,1
1715,2
1715,4
1715,5
1715,10
1715,36
1716,1
1716,2
1716,28
1716,34
1716,36
1717,1
1717,7
1717,8
1717,26
1718,1
1718,12
1718,25
1718,36
1719,1
1719,2
1719,3
1719,4
1719,5
1719,10
1720,1
1720,2
1720,3
1720,4
1720,5
1720,9
1720,10
1721,1
1721,2
1721,3
1721,5
1721,16
1721,38
1722,1
1722,2
1722,3
1722,4
1722,5
1722,10
1723,3
1723,45
1723,46
1723,47
1724,1
1724,2
1724,3
1724,5
1724,10
1724,37
1725,1
1725,2
1725,4
1725,10
1726,1
1726,3
1726,4
1726,46
1726,47
1727,1
1727,2
1727,13
1727,16
1727,22
1727,24
1727,33
1728,1
1728,2
1728,3
1728,20
1728,38
1729,1
1729,4
1729,12
1729,19
1729,36
1730,1
1730,2
1730,7
1730,8
1730,26
1730,27
1730,42
1731,1
1731,3
1731,4
1731,5
1731,6
1731,10
1732,1
1732,2
1732,3
1732,4
1732,5
1732,10
1733,1
1733,3
1733,4
1733,45
1733,46
1733,47
1734,1
1734,2
1734,3
1734,4
1734,5
1734,10
1734,18
1735,1
1735,2
1735,3
1735,4
1735,5
1735,10
1735,23
1736,1
1736,2
1736,5
1736,10
1736,36
1736,38
1737,2
1737,3
1737,4
1737,5
1738,1
1738,2
1738,5
1738,10
1739,1
1739,2
1739,16
1739,22
1739,24
1739,33
1740,2
1740,4
1740,34
1740,36
1740,37
1741,4
1741,12
1741,25
1741,36
1742,2
1742,3
1742,10
1742,25
1742,38
1742,39
1743,1
1743,2
1743,28
1743,34
1743,36
1744,2
1744,3
1744,10
1744,25
1744,38
1745,1
1745,2
1745,4
1745,5
1745,34
1746,1
1746,2
1746,7
1746,8
1746,26
1746,27
1747,1
1747,3
1747,4
1747,39
1748,1
1748,2
1748,10
1748,25
1749,1
1749,2
1749,5
1749,10
1750,1
1750,5
1750,10
1750,29
1750,38
1751,1
1751,2
1751,3
1751,4
1751,5
1751,33
1752,1
1752,2
1752,5
1752,10
1752,36
1753,1
1753,2
1753,3
1753,4
1753,5
1753,10
1754,1
1754,4
1754,43
1754,45
1754,46
1754,47
1755,1
1755,2
1755,5
1755,10
1755,38
1756,1
1756,2
1756,3
1756,4
1756,5
1756,10
1757,1
1757,2
1757,3
1757,10
1757,25
1757,38
1757,45
1758,1
1758,2
1758,6
1758,7
1758,8
1758,26
1758,27
1759,1
1759,28
1759,34
1759,36
1759,37
1760,1
1760,3
1760,4
1760,10
1760,39
1760,45
1761,1
1761,2
1761,16
1761,22
1761,31
1762,1
1762,2
1762,3
1762,5
1762,38
1763,1
1763,3
1763,4
1763,12
1763,25
1763,31
1763,36
1764,1
1764,2
1764,4
1764,5
1764,10
1764,36
1765,1
1765,2
1765,4
1765,5
1765,10
1766,1
1766,2
1766,7
1766,8
1766,26
1766,27
1766,30
1767,1
1767,3
1767,10
1767,39
1767,45
1768,3
1768,4
1768,45
1768,46
1769,1
1769,2
1769,18
1769,28
1769,34
1769,36
1769,37
1770,2
1770,4
1770,5
1770,10
1770,36
1771,1
1771,3
1771,4
1771,10
1771,38
1771,39
1771,45
1772,1
1772,2
1772,4
1772,5
1772,10
1772,36
1773,1
1773,3
1773,4
1773,25
1773,36
1774,1
1774,3
1774,4
1774,5
1774,10
1775,1
1775,3
1775,4
1775,37
1775,47
1776,1
1776,2
1776,4
1776,5
1776,10
1776,36
1777,1
1777,2
1777,3
1777,4
1777,27
1778,1
1778,2
1778,3
1778,4
1778,5
1778,10
1779,1
1779,2
1779,4
1779,5
1779,10
1779,11
1779,36
1780,2
1780,4
1780,5
1780,10
1781,1
1781,2
1781,3
1781,4
1781,5
1781,10
1781,39
1782,1
1782,3
1782,4
1782,10
1783,1
1783,2
1783,4
1783,5
1783,10
1783,36
1784,2
1784,3
1784,5
1784,7
1784,10
1785,1
1785,3
1785,4
1785,8
1785,10
1786,1
1786,2
1786,5
1786,10
1787,1
1787,2
1787,7
1787,8
1787,27
1788,1
1788,2
1788,3
1788,25
1789,1
1789,2
1789,3
1789,10
1789,25
1789,38
1790,2
1790,3
1790,10
1790,25
1790,38
1790,46
1791,1
1791,2
1791,3
1791,4
1791,5
1792,1
1792,2
1792,4
1792,5
1792,44
1793,1
1793,3
1793,10
1793,38
1794,1
1794,2
1794,3
1794,4
1794,5
1794,10
1794,13
1795,2
1795,8
1795,26
1795,27
1796,1
1796,3
1796,34
1796,46
1796,47
1797,1
1797,3
1797,4
1797,12
1797,25
1797,36
1798,2
1798,15
1798,28
1798,34
1798,37
1799,1
1799,2
1799,3
1799,5
1799,10
1799,38
1799,44
1800,2
1800,3
1800,10
1800,25
1800,38
1801,1
1801,2
1801,28
1801,34
1801,37
1802,1
1802,2
1802,31
1802,34
1802,36
1802,37
1803,1
1803,3
1803,4
1803,10
1803,23
1803,39
1803,45
1804,2
1804,3
1804,4
1804,5
1804,10
1804,26
1805,1
1805,2
1805,3
1805,10
1806,1
1806,2
1806,3
1806,4
1806,5
1806,10
1807,1
1807,2
1807,28
1807,34
1807,36
1807,37
1807,40
1808,1
1808,2
1808,7
1808,8
1808,14
1808,26
1809,1
1809,3
1809,4
1809,45
1809,47
1810,1
1810,9
1810,28
1810,36
1810,37
1811,1
1811,4
1811,12
1811,25
1811,40
1812,1
1812,3
1812,4
1812,45
1812,46
1812,47
1813,1
1813,2
1813,28
1813,34
1813,36
1813,37
1814,1
1814,3
1814,4
1814,12
1814,25
1814,40
1815,1
1815,3
1815,5
1815,10
1815,35
1816,2
1816,3
1816,10
1816,25
1816,43
1817,1
1817,3
1817,10
1817,25
1817,41
1818,1
1818,2
1818,3
1818,4
1818,5
1818,10
1819,3
1819,4
1819,5
1819,8
1819,10
1820,1
1820,3
1820,4
1820,37
1820,45
1820,46
1820,47
1821,1
1821,3
1821,4
1821,5
1821,7
1821,10
1822,1
1822,3
1822,45
1822,47
1823,1
1823,3
1823,4
1823,45
1823,46
1824,1
1824,2
1824,4
1824,5
1824,10
1825,1
1825,2
1825,3
1825,4
1825,5
1825,10
1825,14
1826,1
1826,2
1826,3
1826,4
1826,5
1826,10
1827,1
1827,2
1827,4
1827,10
1827,17
1828,1
1828,2
1828,16
1828,28
1828,34
1828,36
1829,1
1829,2
1829,3
1829,4
1829,5
1829,10
1829,27
1830,1
1830,2
1830,4
1830,5
1830,10
1830,30
1830,36
1831,1
1831,3
1831,4
1831,17
1831,45
1831,46
1831,47
1832,1
1832,2
1832,4
1832,5
1832,10
1832,36
1833,1
1833,2
1833,8
1833,26
1833,27
1834,1
1834,2
1834,3
1834,5
1834,10
1835,1
1835,2
1835,4
1835,5
1835,10
1835,36
1836,3
1836,4
1836,40
1836,46
1836,47
1837,1
1837,2
1837,3
1837,5
1837,7
1837,38
1838,1
1838,2
1838,5
1838,10
1838,30
1838,38
1839,1
1839,2
1839,28
1839,31
1839,36
1840,1
1840,3
1840,4
1840,45
1840,46
1840,47
1841,1
1841,2
1841,4
1841,10
1842,1
1842,3
1842,45
1842,47
1843,1
1843,2
1843,3
1843,4
1843,5
1843,10
1843,35
1844,2
1844,3
1844,5
1844,10
1844,25
1845,2
1845,3
1845,4
1845,5
1846,2
1846,3
1846,10
1846,38
1847,2
1847,7
1847,26
1847,27
1848,2
1848,3
1848,10
1848,38
1849,1
1849,2
1849,3
1849,5
1849,10
1849,38
1850,1
1850,2
1850,10
1850,38
1851,1
1851,3
1851,4
1851,12
1851,25
1851,36
1852,1
1852,2
1852,3
1852,5
1852,10
1852,33
1852,38
1853,1
1853,3
1853,4
1853,6
1853,39
1853,45
1854,1
1854,3
1854,5
1854,10
1854,22
1855,1
1855,2
1855,7
1855,8
1856,1
1856,2
1856,3
1856,4
1856,5
1857,2
1857,3
1857,10
1857,25
1857,38
1858,1
1858,4
1858,29
1858,46
1858,47
1859,1
1859,2
1859,28
1859,34
1859,36
1859,37
1860,2
1860,3
1860,10
1860,25
1861,1
1861,2
1861,4
1861,5
1861,10
1861,13
1861,36
1862,1
1862,3
1862,4
1862,10
1863,1
1863,3
1863,4
1863,45
1863,46
1863,47
1864,1
1864,2
1864,28
1864,34
1864,36
1864,37
1865,1
1865,3
1865,4
1865,10
1865,39
1865,45
1866,1
1866,2
1866,3
1866,4
1866,5
1866,9
1866,10
1867,2
1867,16
1867,24
1867,33
1868,3
1868,4
1868,46
1868,47
1869,1
1869,2
1869,7
1869,8
1869,26
1869,27
1869,38
1870,1
1870,2
1870,3
1870,4
1870,5
1870,10
1870,34
1871,1
1871,3
1871,4
1871,12
1871,20
1871,25
1872,1
1872,4
1872,12
1872,25
1872,36
1873,2
1873,7
1873,8
1873,19
1873,26
1873,27
1874,1
1874,2
1874,3
1874,4
1874,10
1874,41
1875,1
1875,16
1875,22
1875,24
1875,27
1875,33
1875,37
1876,1
1876,3
1876,27
1876,45
1876,46
1877,1
1877,10
1877,27
1877,39
1877,45
1878,1
1878,2
1878,10
1878,25
1879,1
1879,3
1879,4
1879,45
1879,46
1879,47
1880,1
1880,2
1880,16
1880,22
1880,24
1880,33
1880,37
1881,1
1881,3
1881,4
1881,45
1881,46
1881,47
1882,1
1882,7
1882,8
1882,26
1882,41
1883,1
1883,3
1883,5
1883,10
1883,38
1884,1
1884,2
1884,3
1884,5
1884,10
1884,38
1884,39
1885,1
1885,3
1885,4
1885,45
1885,46
1885,47
1886,1
1886,3
1886,4
1886,12
1886,25
1887,2
1887,3
1887,5
1887,10
1888,1
1888,2
1888,20
1888,28
1888,34
1888,36
1889,1
1889,2
1889,5
1889,10
1889,13
1889,38
1890,3
1890,4
1890,11
1890,45
1890,46
1890,47
1891,1
1891,2
1891,3
1891,10
1891,25
1891,38
1892,1
1892,2
1892,4
1892,5
1892,10
1892,21
1893,1
1893,2
1893,8
1893,24
1893,26
1893,27
1894,1
1894,3
1894,10
1894,45
1894,47
1895,2
1895,3
1895,4
1895,5
1895,10
1896,3
1896,4
1896,16
1896,45
1896,46
1896,47
1897,1
1897,2
1897,3
1897,10
1897,36
1898,1
1898,3
1898,12
1898,25
1898,36
1899,1
1899,2
1899,3
1899,5
1899,10
1899,30
1900,1
1900,3
1900,4
1900,45
1900,46
1900,47
1901,1
1901,2
1901,16
1901,22
1901,24
1901,33
1901,37
1902,1
1902,2
1902,3
1902,4
1902,5
1902,10
1903,1
1903,3
1903,4
1903,12
1903,24
1903,25
1904,1
1904,2
1904,3
1904,4
1904,5
1904,10
1905,1
1905,9
1905,16
1905,22
1905,24
1905,33
1905,37
1906,1
1906,2
1906,5
1906,10
1906,22
1907,1
1907,2
1907,3
1907,4
1907,5
1907,10
1908,2
1908,3
1908,4
1908,5
1908,16
1909,1
1909,2
1909,16
1909,22
1909,37
1910,1
1910,2
1910,3
1910,4
1910,5
1910,10
1911,1
1911,2
1911,10
1911,25
1911,38
1912,1
1912,2
1912,4
1912,5
1912,10
1913,1
1913,8
1913,28
1913,34
1913,36
1913,37
1914,1
1914,3
1914,4
1914,29
1914,45
1914,47
1915,1
1915,3
1915,4
1915,46
1915,47
1916,2
1916,3
1916,4
1916,5
1916,10
1917,1
1917,2
1917,4
1917,10
1918,1
1918,3
1918,12
1918,36
1919,1
1919,16
1919,22
1919,24
1919,33
1919,37
1920,1
1920,2
1920,3
1920,5
1920,38
1920,42
1921,1
1921,4
1921,5
1921,10
1921,27
1922,1
1922,3
1922,10
1922,23
1922,39
1922,45
1923,1
1923,3
1923,4
1923,10
1923,39
1923,45
1924,1
1924,3
1924,10
1924,38
1925,1
1925,2
1925,3
1925,6
1925,10
1925,25
1925,38
1926,1
1926,3
1926,4
1926,11
1926,12
1927,1
1927,4
1927,23
1927,45
1927,46
1927,47
1928,2
1928,3
1928,4
1928,5
1928,10
1928,17
1929,1
1929,2
1929,3
1929,5
1929,9
1929,10
1929,38
1930,1
1930,2
1930,16
1930,28
1930,34
1930,36
1930,37
1931,1
1931,6
1931,10
1931,25
1931,38
1932,1
1932,2
1932,3
1932,4
1932,5
1932,12
1933,1
1933,2
1933,4
1933,5
1933,10
1933,36
1934,1
1934,2
1934,4
1934,5
1934,10
1935,1
1935,2
1935,3
1935,5
1935,9
1935,10
1935,38
1936,3
1936,10
1936,25
1936,38
1936,39
1937,1
1937,4
1937,12
1937,25
1937,29
1938,1
1938,3
1938,4
1938,34
1938,46
1939,1
1939,2
1939,3
1939,4
1939,7
1939,10
1940,1
1940,3
1940,4
1940,12
1940,25
1940,36
1941,1
1941,2
1941,7
1941,8
1941,26
1941,27
1942,1
1942,2
1942,3
1942,4
1942,5
1942,10
1943,1
1943,2
1943,3
1943,4
1943,5
1943,10
1943,17
1944,1
1944,2
1944,7
1944,8
1944,26
1944,27
1945,1
1945,2
1945,3
1945,4
1945,5
1945,6
1945,10
1946,1
1946,3
1946,33
1946,45
1946,46
1946,47
1947,2
1947,3
1947,7
1947,10
1947,25
1947,38
1948,2
1948,7
1948,26
1948,27
1949,3
1949,4
1949,45
1949,46
1950,2
1950,3
1950,10
1950,25
1951,1
1951,3
1951,4
1951,10
1951,27
1951,45
1952,1
1952,2
1952,10
1952,38
1953,1
1953,2
1953,3
1953,4
1953,5
1953,10
1953,40
1954,2
1954,34
1954,36
1954,37
1955,1
1955,2
1955,16
1955,22
1955,24
1955,33
1955,37
1956,2
1956,3
1956,5
1956,10
1957,1
1957,2
1957,4
1957,5
1957,10
1957,28
1958,1
1958,2
1958,8
1958,10
1958,38
1959,1
1959,3
1959,4
1959,11
1959,46
1959,47
1960,1
1960,45
1960,46
1960,47
1961,1
1961,3
1961,4
1961,10
1961,45
1962,1
1962,2
1962,3
1962,5
1962,13
1963,1
1963,3
1963,4
1963,10
1963,45
1964,1
1964,2
1964,3
1964,25
1964,46
1965,1
1965,2
1965,3
1965,4
1966,1
1966,2
1966,4
1966,5
1966,10
1966,20
1967,1
1967,3
1967,4
1967,5
1968,1
1968,2
1968,4
1968,10
1969,1
1969,3
1969,10
1969,39
1969,45
1970,1
1970,2
1970,4
1970,28
1970,34
1970,36
1970,37
1971,1
1971,2
1971,3
1971,5
1971,10
1971,38
1972,1
1972,4
1972,19
1972,45
1972,46
1972,47
1973,2
1973,3
1973,6
1973,10
1973,38
1974,1
1974,3
1974,4
1974,12
1974,25
1974,36
1975,1
1975,3
1975,4
1975,32
1975,45
1975,46
1975,47
1976,1
1976,2
1976,4
1976,5
1976,10
1976,33
1976,36
1977,3
1977,5
1977,12
1977,25
1977,36
1978,1
1978,3
1978,15
1978,46
1978,47
1979,1
1979,3
1979,4
1979,28
1979,45
1979,46
1979,47
1980,1
1980,2
1980,3
1980,4
1980,5
1980,10
1981,1
1981,2
1981,3
1981,4
1981,5
1981,10
1981,21
1982,1
1982,2
1982,10
1982,38
1983,3
1983,4
1983,5
1983,10
1983,47
1984,1
1984,2
1984,7
1984,26
1985,1
1985,2
1985,3
1985,5
1985,10
1985,38
1986,1
1986,2
1986,7
1986,28
1986,34
1986,36
1986,37
1987,1
1987,3
1987,12
1987,25
1987,36
1988,1
1988,2
1988,4
1988,5
1988,10
1988,37
1989,1
1989,5
1989,10
1989,27
1989,38
1990,1
1990,2
1990,34
1990,36
1990,37
1991,3
1991,4
1991,45
1991,46
1991,47
1992,1
1992,3
1992,4
1992,12
1992,25
1992,36
1993,1
1993,2
1993,3
1993,10
1993,25
1993,38
1993,39
1994,1
1994,2
1994,8
1994,26
1994,27
1994,34
1995,1
1995,3
1995,5
1995,31
1995,38
1996,1
1996,3
1996,4
1996,12
1996,25
1996,36
1997,1
1997,2
1997,3
1997,10
1997,25
1997,38
1998,1
1998,3
1998,4
1998,10
1998,30
1998,39
1998,45
1999,1
1999,3
1999,4
1999,36
1999,45
1999,46
2000,1
2000,2
2000,4
2000,7
2000,8
2000,26
2001,1
2001,2
2001,3
2001,5
2001,10
2001,38
2002,1
2002,2
2002,3
2002,4
2002,5
2002,10
2003,1
2003,3
2003,5
2003,10
2003,16
2004,1
2004,3
2004,5
2004,10
2004,38
2005,3
2005,4
2005,10
2005,25
2005,39
2005,45
2006,1
2006,3
2006,4
2006,10
2006,39
2007,1
2007,2
2007,25
2007,29
2007,38
2008,1
2008,2
2008,7
2008,8
2008,26
2008,46
2009,2
2009,3
2009,10
2009,25
2009,33
2009,38
2010,2
2010,5
2010,10
2010,36
2011,2
2011,3
2011,4
2011,5
2012,1
2012,2
2012,5
2012,7
2012,26
2013,3
2013,4
2013,45
2013,46
2013,47
2014,3
2014,12
2014,25
2014,36
2015,1
2015,2
2015,7
2015,8
2015,26
2016,1
2016,2
2016,3
2016,4
2016,5
2016,24
2017,1
2017,3
2017,4
2017,12
2017,25
2017,36
2018,1
2018,3
2018,4
2018,5
2019,1
2019,3
2019,4
2019,5
2019,10
2020,2
2020,7
2020,8
2020,26
2020,27
2021,1
2021,4
2021,5
2021,10
2021,36
2022,1
2022,2
2022,3
2022,4
2022,5
2022,10
2023,1
2023,2
2023,4
2023,5
2023,10
2023,36
2024,1
2024,2
2024,12
2024,16
2024,22
2024,24
2024,33
2024,37
2025,1
2025,2
2025,3
2025,4
2025,5
2025,10
2025,28
2026,1
2026,2
2026,3
2026,4
2026,5
2026,10
2027,1
2027,3
2027,4
2027,39
2027,45
2028,2
2028,3
2028,5
2028,10
2029,1
2029,2
2029,7
2029,8
2029,14
2029,26
2029,27
2030,1
2030,2
2030,4
2030,10
2030,36
2031,1
2031,2
2031,4
2031,10
2031,11
2031,36
2032,1
2032,3
2032,4
2032,16
2032,25
2032,36
2033,2
2033,28
2033,34
2033,36
2033,37
2033,40
2034,1
2034,3
2034,39
2034,45
2034,46
2035,1
2035,2
2035,5
2035,10
2035,38
2035,45
2036,1
2036,2
2036,3
2036,5
2036,38
2037,1
2037,2
2037,7
2037,8
2037,27
2038,1
2038,2
2038,3
2038,10
2038,38
2039,1
2039,2
2039,4
2039,5
2039,10
2040,1
2040,2
2040,4
2040,5
2040,10
2041,1
2041,2
2041,4
2041,5
2041,10
2041,42
2042,1
2042,2
2042,3
2042,4
2042,5
2042,10
2043,1
2043,2
2043,3
2043,10
2043,25
2043,38
2044,1
2044,2
2044,3
2044,4
2044,5
2044,10
2045,1
2045,2
2045,3
2045,10
2045,38
2046,1
2046,3
2046,10
2046,25
2046,43
2047,1
2047,2
2047,4
2047,5
2047,10
2048,1
2048,3
2048,4
2048,24
2048,45
2048,46
2048,47
2049,3
2049,4
2049,43
2049,45
2049,46
2049,47
2050,1
2050,2
2050,4
2050,5
2050,10
2050,19
2051,1
2051,2
2051,3
2051,4
2051,10
2052,1
2052,3
2052,4
2052,5
2052,10
2053,1
2053,2
2053,3
2053,5
2053,10
2053,14
2053,38
2054,1
2054,2
2054,3
2054,10
2054,25
2054,29
2054,38
2055,1
2055,2
2055,3
2055,4
2055,5
2055,10
2056,2
2056,3
2056,5
2056,10
2056,25
2056,38
2057,1
2057,2
2057,4
2057,10
2057,37
2058,1
2058,2
2058,3
2058,10
2058,25
2059,2
2059,3
2059,4
2059,5
2059,10
2060,1
2060,3
2060,4
2060,7
2060,12
2060,25
2060,36
2061,3
2061,10
2061,25
2061,31
2061,38
2062,2
2062,4
2062,5
2062,36
2062,43
2063,1
2063,2
2063,3
2063,5
2063,10
2064,1
2064,2
2064,3
2064,9
2064,10
2065,1
2065,3
2065,5
2065,10
2066,1
2066,2
2066,3
2066,10
2066,38
2067,1
2067,11
2067,45
2067,46
2067,47
2068,2
2068,3
2068,10
2068,25
2068,38
2069,1
2069,2
2069,3
2069,5
2069,10
2069,14
2069,38
2070,1
2070,2
2070,16
2070,31
2070,33
2070,37
2071,1
2071,2
2071,27
2071,34
2071,36
2072,1
2072,2
2072,5
2072,10
2072,38
2072,41
2073,1
2073,2
2073,3
2073,5
2073,10
2073,38
2074,1
2074,2
2074,6
2074,16
2074,22
2074,24
2074,33
2074,37
2075,1
2075,2
2075,7
2075,26
2075,27
2076,1
2076,7
2076,8
2076,26
2076,27
2077,1
2077,2
2077,5
2077,10
2078,1
2078,7
2078,8
2078,13
2078,27
2079,1
2079,2
2079,4
2079,5
2079,10
2079,36
2080,1
2080,2
2080,7
2080,8
2080,26
2080,27
2080,33
2081,1
2081,2
2081,3
2081,4
2081,10
2082,1
2082,2
2082,3
2082,4
2082,5
2082,10
2082,38
2083,1
2083,2
2083,4
2083,5
2083,36
2084,2
2084,4
2084,5
2084,11
2084,36
2085,1
2085,2
2085,5
2085,19
2085,38
2086,1
2086,3
2086,4
2086,12
2086,45
2086,46
2086,47
2087,3
2087,4
2087,5
2087,10
2087,21
2088,2
2088,4
2088,5
2088,10
2088,36
2089,3
2089,10
2089,11
2089,25
2089,38
2090,1
2090,3
2090,5
2090,10
2090,19
2091,1
2091,4
2091,5
2091,10
2092,1
2092,2
2092,28
2092,34
2092,36
2093,1
2093,2
2093,3
2093,5
2093,10
2093,11
2094,1
2094,4
2094,12
2094,25
2094,39
2095,7
2095,8
2095,26
2095,27
2096,1
2096,2
2096,28
2096,34
2096,36
2096,37
2097,1
2097,2
2097,8
2097,26
2097,27
2098,1
2098,2
2098,3
2098,13
2098,38
2099,3
2099,4
2099,5
2099,10
2099,23
2100,1
2100,4
2100,5
2100,7
2100,10
2100,36
2101,1
2101,2
2101,3
2101,4
2101,5
2101,10
2101,39
2102,1
2102,2
2102,3
2102,4
2102,10
2103,1
2103,3
2103,4
2103,10
2104,1
2104,8
2104,26
2104,27
2105,1
2105,3
2105,4
2105,5
2105,10
2105,38
2106,2
2106,4
2106,5
2106,10
2107,1
2107,2
2107,3
2107,4
2107,5
2107,10
2108,1
2108,3
2108,4
2108,6
2108,10
2108,39
2108,45
2109,1
2109,3
2109,10
2109,16
2109,25
2109,38
2110,1
2110,3
2110,4
2110,5
2110,7
2110,10
2111,2
2111,3
2111,16
2111,22
2111,33
2112,1
2112,2
2112,3
2112,4
2113,1
2113,2
2113,4
2113,5
2113,10
2113,22
2113,36
2114,1
2114,3
2114,4
2114,45
2114,46
2114,47
2115,1
2115,2
2115,28
2115,34
2115,36
2115,37
2116,1
2116,2
2116,4
2116,5
2116,10
2116,36
2117,1
2117,2
2117,4
2117,5
2117,23
2118,1
2118,4
2118,10
2118,39
2118,45
2119,1
2119,3
2119,4
2119,45
2119,46
2119,47
2120,1
2120,2
2120,3
2120,4
2120,5
2120,10
2121,1
2121,2
2121,3
2121,4
2121,5
2121,10
2121,22
2122,2
2122,3
2122,4
2122,5
2122,10
2122,16
2123,1
2123,2
2123,8
2123,26
2123,30
2124,1
2124,3
2124,4
2124,8
2124,10
2124,45
2125,1
2125,2
2125,3
2125,4
2125,10
2125,35
2126,1
2126,3
2126,4
2126,10
2126,39
2126,43
2126,45
2127,2
2127,8
2127,26
2127,27
2128,1
2128,3
2128,4
2128,47
2129,1
2129,4
2129,45
2129,46
2130,3
2130,4
2130,10
2130,16
2130,39
2130,45
2131,1
2131,3
2131,4
2131,12
2131,25
2131,36
2132,1
2132,2
2132,7
2132,24
2132,26
2132,27
2133,1
2133,3
2133,22
2133,25
2133,36
2134,1
2134,2
2134,3
2134,4
2134,5
2134,10
2135,1
2135,3
2135,15
2135,46
2135,47
2136,1
2136,2
2136,3
2136,10
2136,25
2136,38
2136,46
2137,1
2137,2
2137,3
2137,10
2137,25
2138,1
2138,3
2138,4
2138,25
2138,36
2138,38
2139,1
2139,4
2139,10
2139,39
2140,1
2140,2
2140,3
2140,4
2140,5
2140,10
2141,1
2141,12
2141,25
2141,36
2142,1
2142,2
2142,4
2142,5
2142,10
2142,11
2142,36
2143,1
2143,16
2143,22
2143,24
2143,37
2144,1
2144,2
2144,28
2144,36
2144,38
2145,1
2145,16
2145,24
2145,25
2145,33
2145,37
2146,1
2146,3
2146,4
2146,13
2146,45
2146,46
2146,47
2147,1
2147,2
2147,3
2147,5
2147,10
2147,32
2147,38
2148,2
2148,3
2148,4
2148,10
2149,1
2149,2
2149,3
2149,38
2150,1
2150,2
2150,4
2150,5
2151,1
2151,2
2151,5
2151,10
2152,2
2152,3
2152,10
2152,38
2153,1
2153,2
2153,3
2153,4
2153,5
2153,10
2154,1
2154,3
2154,4
2154,10
2154,32
2154,39
2154,45
2155,1
2155,3
2155,4
2155,45
2155,46
2155,47
2156,1
2156,3
2156,4
2156,10
2156,39
2156,41
2157,1
2157,2
2157,34
2157,36
2157,37
2158,1
2158,3
2158,4
2158,5
2158,10
2158,37
2159,1
2159,3
2159,4
2159,25
2159,35
2160,1
2160,3
2160,4
2160,47
2161,1
2161,2
2161,16
2161,22
2161,24
2162,2
2162,4
2162,5
2162,36
2163,1
2163,2
2163,5
2163,10
2163,27
2164,1
2164,2
2164,22
2164,24
2164,33
2164,37
2165,1
2165,2
2165,3
2165,5
2165,10
2166,1
2166,2
2166,4
2166,5
2166,10
2166,36
2167,2
2167,3
2167,10
2167,38
2168,1
2168,2
2168,7
2168,8
2168,26
2168,27
2168,34
2169,1
2169,2
2169,3
2169,5
2169,15
2170,1
2170,3
2170,45
2170,46
2170,47
2171,1
2171,3
2171,4
2171,5
2172,1
2172,3
2172,4
2172,12
2172,25
2172,31
2172,36
2173,1
2173,2
2173,5
2173,28
2173,34
2173,36
2173,37
2174,1
2174,2
2174,3
2174,10
2174,17
2174,25
2174,38
2175,1
2175,3
2175,4
2175,10
2175,39
2175,45
2176,1
2176,3
2176,4
2176,12
2176,25
2176,36
2176,39
2177,1
2177,2
2177,3
2177,4
2177,5
2177,10
2178,1
2178,3
2178,4
2178,10
2178,39
2178,45
2179,1
2179,2
2179,7
2179,27
2180,1
2180,2
2180,3
2180,4
2180,5
2180,10
2181,1
2181,3
2181,4
2181,10
2181,11
2181,45
2182,1
2182,3
2182,4
2182,12
2182,36
2183,1
2183,3
2183,4
2183,12
2183,25
2184,1
2184,2
2184,28
2184,34
2184,36
2184,37
2185,1
2185,2
2185,28
2185,34
2186,1
2186,3
2186,4
2186,25
2186,36
2187,1
2187,3
2187,4
2187,45
2187,47
2188,2
2188,3
2188,5
2188,10
2188,20
2188,38
2189,1
2189,2
2189,4
2189,5
2189,25
2189,36
2190,1
2190,2
2190,3
2190,4
2190,5
2190,10
2191,1
2191,3
2191,4
2191,19
2191,45
2191,46
2191,47
2192,1
2192,2
2192,3
2192,5
2192,10
2193,1
2193,3
2193,25
2193,33
2193,38
2194,1
2194,2
2194,11
2194,28
2194,34
2194,36
2194,37
2195,2
2195,7
2195,26
2195,27
2196,1
2196,2
2196,3
2196,5
2197,1
2197,3
2197,4
2197,10
2197,21
2197,39
2197,45
2198,1
2198,2
2198,3
2198,4
2198,5
2198,10
2198,15
2199,3
2199,4
2199,12
2199,25
2200,1
2200,3
2200,5
2200,10
2200,38
2200,45
2201,2
2201,7
2201,8
2201,26
2201,27
2202,1
2202,3
2202,7
2202,45
2202,46
2202,47
2203,1
2203,4
2203,25
2203,36
2204,1
2204,4
2204,33
2204,45
2204,46
2204,47
2205,1
2205,2
2205,3
2205,5
2205,36
2206,1
2206,2
2206,7
2206,8
2206,27
2207,3
2207,4
2207,12
2207,25
2207,34
2207,36
2208,1
2208,2
2208,7
2208,8
2208,26
2208,27
2209,1
2209,2
2209,3
2209,4
2209,5
2209,10
2210,2
2210,4
2210,5
2210,10
2210,23
2210,36
2211,1
2211,2
2211,28
2211,36
2211,37
2211,41
2212,1
2212,3
2212,4
2212,45
2212,46
2213,1
2213,2
2213,4
2213,10
2213,41
2214,1
2214,3
2214,4
2214,45
2214,46
2214,47
2215,1
2215,2
2215,3
2215,5
2215,10
2215,38
2216,1
2216,2
2216,5
2216,10
2216,36
2217,1
2217,2
2217,16
2217,22
2217,24
2217,33
2217,37
2218,3
2218,4
2218,10
2218,18
2218,39
2218,45
2219,1
2219,3
2219,5
2219,10
2219,30
2220,1
2220,3
2220,4
2220,5
2220,10
2220,18
2221,1
2221,2
2221,10
2221,24
2221,25
2222,1
2222,2
2222,3
2222,20
2222,25
2222,38
2223,2
2223,7
2223,8
2223,26
2223,27
2223,42
2224,1
2224,2
2224,7
2224,8
2224,26
2224,27
2225,1
2225,2
2225,24
2225,34
2225,36
2225,37
2226,1
2226,2
2226,3
2226,4
2226,10
2227,1
2227,3
2227,4
2227,5
2228,1
2228,2
2228,3
2228,5
2228,10
2229,1
2229,2
2229,28
2229,34
2229,36
2229,37
2230,2
2230,3
2230,5
2230,19
2230,38
2231,1
2231,3
2231,8
2231,12
2231,25
2232,1
2232,28
2232,34
2232,35
2232,36
2232,37
2233,22
2233,24
2233,33
2233,37
2234,1
2234,2
2234,3
2234,5
2234,18
2234,38
2235,1
2235,3
2235,4
2235,12
2235,25
2235,36
2236,1
2236,2
2236,3
2236,10
2236,25
2236,34
2236,38
2237,1
2237,10
2237,25
2237,38
2238,1
2238,2
2238,3
2238,12
2238,25
2238,38
2239,1
2239,2
2239,7
2239,8
2239,26
2239,47
2240,1
2240,3
2240,25
2240,38
2241,1
2241,3
2241,4
2241,12
2241,45
2241,46
2241,47
2242,1
2242,10
2242,22
2242,25
2242,38
2243,1
2243,3
2243,21
2243,25
2243,36
2244,1
2244,3
2244,4
2244,10
2244,39
2244,45
2245,1
2245,2
2245,3
2245,4
2245,5
2245,10
2245,27
2246,1
2246,32
2246,45
2246,46
2246,47
2247,1
2247,5
2247,10
2247,38
2247,44
2248,1
2248,3
2248,10
2248,39
2249,1
2249,2
2249,3
2249,4
2249,5
2249,10
2250,1
2250,4
2250,46
2250,47
2251,1
2251,3
2251,4
2251,5
2251,10
2251,42
2252,1
2252,3
2252,4
2252,10
2252,39
2252,45
2253,1
2253,2
2253,3
2253,4
2253,5
2253,10
2253,44
2254,1
2254,7
2254,8
2254,26
2254,27
2254,40
2255,1
2255,2
2255,3
2255,4
2256,1
2256,3
2256,4
2256,12
2256,25
2256,38
2257,1
2257,2
2257,15
2257,28
2257,34
2257,36
2257,37
2258,2
2258,3
2258,10
2258,38
2259,1
2259,3
2259,4
2259,45
2259,46
2259,47
2260,1
2260,8
2260,28
2260,34
2260,36
2260,37
2261,1
2261,2
2261,4
2261,5
2261,10
2261,36
2261,47
2262,2
2262,4
2262,5
2262,10
2262,36
2262,41
2263,2
2263,16
2263,33
2263,37
2264,1
2264,3
2264,4
2264,45
2264,46
2264,47
2265,1
2265,2
2265,3
2265,10
2265,25
2266,1
2266,2
2266,3
2266,4
2266,5
2266,10
2266,41
2267,3
2267,4
2267,5
2267,10
2267,17
2268,3
2268,4
2268,10
2268,39
2268,45
2269,1
2269,2
2269,3
2269,10
2269,38
2269,42
2270,1
2270,2
2270,28
2270,37
2271,1
2271,4
2271,10
2271,39
2271,45
2272,1
2272,2
2272,3
2272,5
2272,10
2273,1
2273,2
2273,3
2273,4
2273,5
2273,10
2273,42
2274,1
2274,3
2274,12
2274,25
2274,36
2275,1
2275,2
2275,3
2275,4
2275,5
2276,1
2276,3
2276,4
2276,12
2276,25
2276,36
2277,1
2277,2
2277,23
2277,28
2277,34
2277,36
2277,37
2278,1
2278,3
2278,4
2278,5
2278,10
2278,13
2279,1
2279,2
2279,3
2279,5
2279,10
2280,1
2280,3
2280,4
2280,45
2280,46
2280,47
2281,1
2281,2
2281,3
2281,4
2281,5
2281,10
2281,24
2282,1
2282,2
2282,4
2282,5
2282,10
2283,1
2283,3
2283,45
2283,46
2283,47
2284,1
2284,4
2284,5
2284,6
2284,10
2285,1
2285,3
2285,4
2285,10
2285,39
2286,1
2286,3
2286,4
2286,45
2286,46
2287,1
2287,7
2287,8
2287,10
2287,26
2287,27
2288,1
2288,3
2288,4
2288,10
2288,39
2288,40
2288,45
2289,1
2289,2
2289,4
2289,5
2289,10
2289,34
2290,1
2290,3
2290,10
2290,25
2290,38
2291,1
2291,2
2291,3
2291,10
2292,1
2292,2
2292,4
2292,5
2292,10
2292,36
2293,1
2293,3
2293,4
2293,12
2293,36
2294,3
2294,4
2294,46
2294,47
2295,1
2295,2
2295,4
2295,5
2296,1
2296,2
2296,3
2296,10
2297,1
2297,3
2297,4
2297,10
2298,1
2298,2
2298,4
2298,5
2298,10
2298,25
2298,36
2299,2
2299,3
2299,4
2299,5
2299,36
2300,1
2300,2
2300,4
2300,5
2301,1
2301,2
2301,3
2301,4
2301,16
2302,1
2302,2
2302,3
2302,4
2302,5
2302,10
2302,39
2303,1
2303,2
2303,3
2303,5
2303,10
2304,1
2304,2
2304,4
2304,5
2304,10
2305,1
2305,2
2305,3
2305,4
2305,5
2306,1
2306,2
2306,7
2306,26
2306,27
2307,1
2307,2
2307,3
2307,4
2307,10
2308,1
2308,2
2308,7
2308,8
2308,11
2308,26
2308,27
2309,1
2309,2
2309,12
2309,16
2309,33
2310,1
2310,2
2310,3
2310,4
2310,5
2310,10
2311,1
2311,3
2311,4
2311,39
2311,42
2312,1
2312,2
2312,3
2312,5
2312,10
2312,28
2313,1
2313,2
2313,7
2313,8
2313,25
2313,26
2313,27
2314,2
2314,28
2314,34
2314,37
2315,1
2315,2
2315,3
2315,5
2315,10
2315,37
2315,38
2316,1
2316,2
2316,7
2316,8
2316,26
2316,27
2316,30
2317,1
2317,4
2317,5
2317,10
2317,36
2318,1
2318,2
2318,3
2318,6
2318,10
2318,38
2319,1
2319,2
2319,4
2319,5
2319,10
2319,36
2320,1
2320,2
2320,3
2320,4
2320,5
2320,10
2321,1
2321,2
2321,3
2321,10
2321,25
2321,38
2322,2
2322,3
2322,4
2322,5
2322,10
2322,27
2323,1
2323,3
2323,4
2323,10
2324,1
2324,3
2324,4
2324,39
2324,45
2325,2
2325,3
2325,4
2325,5
2325,10
2326,1
2326,4
2326,10
2326,36
2326,39
2326,45
2327,1
2327,2
2327,3
2327,5
2327,10
2327,38
2328,1
2328,2
2328,3
2328,10
2328,11
2328,25
2328,38
2329,1
2329,3
2329,5
2329,10
2330,1
2330,3
2330,4
2330,25
2330,36
2331,1
2331,3
2331,4
2331,45
2331,46
2331,47
2332,3
2332,4
2332,45
2332,47
2333,1
2333,2
2333,3
2333,4
2333,5
2333,10
2334,1
2334,2
2334,3
2334,5
2334,10
2335,1
2335,2
2335,16
2335,22
2335,24
2335,33
2335,37
2336,1
2336,2
2336,16
2336,24
2336,33
2336,37
2337,3
2337,4
2337,10
2337,45
2338,1
2338,2
2338,3
2338,4
2338,5
2338,10
2339,2
2339,3
2339,10
2339,25
2339,34
2339,38
2340,1
2340,3
2340,4
2340,11
2340,45
2340,46
2340,47
2341,2
2341,16
2341,22
2341,24
2341,33
2342,1
2342,2
2342,5
2342,10
2342,15
2343,3
2343,4
2343,12
2343,17
2343,36
2344,1
2344,2
2344,25
2344,28
2344,34
2344,36
2344,37
2345,1
2345,2
2345,28
2345,36
2346,3
2346,4
2346,22
2346,46
2346,47
2347,1
2347,3
2347,4
2347,27
2347,45
2347,46
2347,47
2348,1
2348,2
2348,4
2348,5
2348,10
2348,21
2348,36
2349,1
2349,3
2349,4
2349,10
2349,39
2349,41
2349,45
2350,1
2350,3
2350,4
2350,10
2350,39
2350,45
2351,1
2351,2
2351,4
2351,5
2351,10
2352,1
2352,2
2352,3
2352,4
2352,5
2352,10
2352,42
2353,1
2353,3
2353,4
2353,12
2353,25
2353,30
2354,3
2354,4
2354,10
2354,39
2354,45
2355,1
2355,3
2355,4
2355,10
2355,39
2355,45
2356,1
2356,2
2356,3
2356,5
2356,10
2356,32
2356,38
2357,2
2357,16
2357,22
2357,24
2357,33
2357,37
2358,1
2358,2
2358,16
2358,22
2358,24
2358,33
2358,37
2359,1
2359,3
2359,4
2359,10
2359,39
2359,45
2360,1
2360,3
2360,4
2360,31
2360,46
2360,47
2361,1
2361,2
2361,7
2361,8
2361,26
2362,1
2362,2
2362,5
2362,10
2363,1
2363,2
2363,33
2363,37
2364,1
2364,2
2364,7
2364,26
2364,27
2365,1
2365,2
2365,3
2365,5
2365,10
2365,38
2366,1
2366,2
2366,3
2366,5
2366,38
2366,40
2367,1
2367,2
2367,5
2367,38
2368,1
2368,2
2368,3
2368,5
2368,10
2368,38
2369,2
2369,3
2369,5
2369,10
2370,1
2370,3
2370,4
2370,12
2370,24
2370,25
2370,36
2371,1
2371,10
2371,15
2371,39
2371,45
2372,1
2372,2
2372,3
2372,5
2372,38
2373,1
2373,2
2373,16
2373,24
2373,33
2373,37
2374,1
2374,3
2374,4
2374,45
2375,1
2375,2
2375,4
2375,10
2375,15
2376,1
2376,2
2376,4
2376,5
2376,36
2377,1
2377,2
2377,3
2377,4
2377,10
2377,12
2378,2
2378,3
2378,5
2378,10
2379,1
2379,2
2379,3
2379,4
2379,5
2379,20
2380,1
2380,2
2380,3
2380,10
2380,25
2380,38
2381,2
2381,3
2381,4
2381,5
2381,10
2381,35
2382,3
2382,4
2382,15
2382,25
2382,36
2383,1
2383,2
2383,10
2383,25
2384,1
2384,2
2384,28
2384,34
2384,36
2384,37
2385,1
2385,3
2385,4
2385,18
2385,39
2385,45
2386,1
2386,2
2386,3
2386,4
2386,5
2386,10
2386,38
2387,2
2387,3
2387,5
2387,10
2387,15
2388,1
2388,2
2388,3
2388,10
2388,38
2389,1
2389,2
2389,3
2389,5
2389,10
2390,1
2390,2
2390,7
2390,8
2390,26
2390,27
2391,3
2391,4
2391,10
2391,26
2391,39
2392,1
2392,7
2392,8
2392,26
2392,31
2393,1
2393,2
2393,3
2393,4
2393,5
2393,36
2394,1
2394,2
2394,3
2394,4
2394,5
2394,10
2394,36
2395,1
2395,4
2395,45
2395,47
2396,1
2396,3
2396,10
2396,25
2396,38
2397,1
2397,2
2397,5
2397,36
2397,38
2398,2
2398,4
2398,5
2398,36
2399,4
2399,10
2399,39
2399,44
2399,45
2400,1
2400,2
2400,3
2400,5
2400,10
2400,38
2400,44
2401,3
2401,4
2401,5
2401,10
2402,1
2402,2
2402,3
2402,4
2402,5
2402,10
2403,1
2403,2
2403,4
2403,5
2403,27
2403,36
2404,1
2404,2
2404,26
2404,27
2405,1
2405,2
2405,24
2405,30
2405,33
2406,1
2406,2
2406,3
2406,5
2406,10
2406,37
2407,1
2407,2
2407,25
2407,28
2407,34
2407,36
2407,37
2408,1
2408,2
2408,16
2408,22
2408,24
2408,33
2408,35
2408,37
2409,1
2409,2
2409,21
2409,28
2409,34
2409,36
2409,37
2410,1
2410,2
2410,3
2410,5
2410,10
2410,38
2411,1
2411,4
2411,15
2411,39
2411,45
2412,1
2412,2
2412,4
2412,5
2412,10
2412,36
2413,1
2413,3
2413,4
2413,12
2413,25
2413,36
2413,39
2414,1
2414,2
2414,6
2414,8
2414,27
2415,1
2415,2
2415,3
2415,4
2415,10
2416,1
2416,3
2416,4
2416,13
2416,46
2416,47
2417,2
2417,3
2417,10
2417,39
2417,45
2418,1
2418,3
2418,4
2418,19
2418,45
2418,46
2418,47
2419,1
2419,3
2419,4
2419,45
2419,47
2420,2
2420,4
2420,5
2420,10
2421,1
2421,28
2421,34
2421,36
2421,37
2421,45
2422,1
2422,2
2422,7
2422,26
2422,29
2423,1
2423,3
2423,5
2423,10
2423,38
2423,39
2424,1
2424,3
2424,4
2424,12
2424,25
2424,36
2425,1
2425,2
2425,8
2425,34
2425,36
2426,1
2426,2
2426,3
2426,4
2426,5
2426,10
2427,2
2427,3
2427,5
2427,10
2428,1
2428,3
2428,4
2428,11
2428,12
2428,25
2428,36
2429,1
2429,2
2429,3
2429,4
2429,5
2430,2
2430,3
2430,4
2430,5
2430,10
2430,25
2431,1
2431,2
2431,3
2431,5
2431,10
2431,21
2432,1
2432,2
2432,3
2432,4
2432,5
2432,17
2433,1
2433,2
2433,4
2433,5
2433,10
2433,36
2434,1
2434,2
2434,3
2434,5
2434,15
2435,1
2435,2
2435,3
2435,4
2435,5
2435,10
2435,34
2436,1
2436,2
2436,28
2436,34
2436,36
2436,37
2437,1
2437,2
2437,5
2437,10
2438,2
2438,7
2438,26
2438,27
2439,3
2439,10
2439,25
2439,38
2440,1
2440,3
2440,4
2440,41
2440,45
2440,46
2441,1
2441,2
2441,3
2441,5
2441,10
2441,28
2441,38
2442,1
2442,2
2442,5
2442,10
2442,36
2443,1
2443,2
2443,4
2443,5
2443,10
2444,1
2444,2
2444,3
2444,4
2444,41
2445,1
2445,2
2445,10
2445,36
2446,1
2446,2
2446,3
2446,4
2446,10
2447,1
2447,2
2447,7
2447,26
2448,1
2448,2
2448,3
2448,10
2448,38
2449,1
2449,2
2449,3
2449,10
2449,25
2449,26
2449,38
2450,1
2450,2
2450,4
2450,5
2450,10
2450,36
2451,3
2451,5
2451,9
2451,10
2451,38
2452,1
2452,2
2452,16
2452,22
2452,24
2452,33
2452,37
2453,1
2453,3
2453,4
2453,27
2453,45
2453,46
2453,47
2454,1
2454,2
2454,3
2454,5
2454,10
2454,38
2454,40
2455,2
2455,3
2455,4
2455,5
2455,10
2455,17
2456,2
2456,16
2456,23
2456,33
2456,37
2457,1
2457,3
2457,4
2457,12
2457,25
2457,36
2458,2
2458,3
2458,4
2458,10
2459,1
2459,3
2459,4
2459,5
2459,10
2459,19
2460,1
2460,2
2460,3
2460,4
2460,5
2460,10
2461,1
2461,2
2461,3
2461,10
2461,36
2461,38
2462,1
2462,2
2462,3
2462,5
2462,10
2462,22
2462,38
2463,7
2463,8
2463,26
2463,27
2464,1
2464,2
2464,8
2464,26
2464,27
2464,29
2465,1
2465,2
2465,3
2465,4
2465,5
2465,10
2465,46
2466,1
2466,2
2466,3
2466,10
2466,30
2466,38
2467,1
2467,4
2467,5
2467,10
2467,11
2467,36
2468,1
2468,2
2468,4
2468,36
2469,1
2469,3
2469,4
2469,12
2469,25
2469,36
2469,37
2470,1
2470,2
2470,26
2470,28
2470,34
2470,36
2471,1
2471,3
2471,4
2471,12
2471,25
2471,35
2471,36
2472,2
2472,3
2472,4
2472,5
2472,10
2473,1
2473,2
2473,3
2473,4
2473,5
2473,10
2473,28
2474,2
2474,3
2474,25
2474,27
2474,38
2475,1
2475,3
2475,4
2475,10
2476,1
2476,3
2476,4
2476,45
2477,3
2477,4
2477,5
2477,46
2477,47
2478,2
2478,28
2478,36
2478,37
2478,46
2479,3
2479,10
2479,39
2479,45
2480,1
2480,3
2480,4
2480,12
2481,1
2481,3
2481,25
2481,36
2482,1
2482,2
2482,7
2482,8
2482,26
2482,27
2483,1
2483,3
2483,4
2483,5
2483,10
2484,3
2484,4
2484,5
2484,10
2484,30
2485,1
2485,2
2485,34
2485,36
2485,37
2486,2
2486,3
2486,4
2486,5
2486,10
2487,1
2487,2
2487,3
2487,5
2487,38
2487,46
2488,1
2488,3
2488,4
2488,10
2488,39
2488,45
2489,1
2489,2
2489,16
2489,22
2489,24
2489,33
2489,37
2490,1
2490,16
2490,28
2490,34
2490,36
2491,1
2491,3
2491,4
2491,33
2491,45
2491,46
2491,47
2492,1
2492,2
2492,4
2492,5
2492,7
2492,10
2493,1
2493,3
2493,4
2493,5
2493,10
2493,22
2494,1
2494,2
2494,36
2494,37
2495,1
2495,2
2495,3
2495,4
2495,5
2495,10
2495,27
2496,1
2496,3
2496,4
2496,36
2496,45
2497,1
2497,2
2497,3
2497,4
2497,5
2497,21
2498,1
2498,3
2498,4
2498,8
2498,45
2498,46
2499,1
2499,2
2499,4
2499,5
2499,10
2499,36
2500,1
2500,2
2500,5
2500,38
2501,1
2501,2
2501,3
2501,4
2501,5
2501,10
2501,42
2502,3
2502,4
2502,39
2502,45
2502,47
2503,1
2503,2
2503,3
2503,10
2503,38
2503,46
2504,1
2504,2
2504,7
2504,27
2505,1
2505,2
2505,4
2505,5
2505,9
2505,10
2505,36
2506,1
2506,2
2506,3
2506,4
2506,10
2506,31
2507,1
2507,2
2507,3
2507,10
2507,25
2507,38
2508,1
2508,2
2508,4
2508,5
2508,10
2508,24
2509,1
2509,3
2509,12
2509,25
2509,36
2510,1
2510,2
2510,7
2510,16
2510,26
2511,2
2511,3
2511,4
2511,5
2511,8
2512,1
2512,2
2512,3
2512,4
2512,5
2512,10
2513,1
2513,2
2513,7
2513,8
2513,36
2514,3
2514,12
2514,25
2514,36
2515,1
2515,3
2515,10
2515,21
2515,39
2515,45
2516,1
2516,2
2516,16
2516,22
2516,24
2516,33
2516,37
2517,1
2517,2
2517,3
2517,4
2517,5
2517,10
2518,1
2518,2
2518,3
2518,4
2518,5
2519,1
2519,3
2519,9
2519,10
2519,45
2520,1
2520,28
2520,34
2520,36
2520,37
2521,1
2521,5
2521,10
2521,20
2521,38
2522,1
2522,2
2522,7
2522,20
2522,26
2523,1
2523,2
2523,3
2523,10
2523,25
2523,38
2524,1
2524,2
2524,28
2524,34
2524,36
2524,37
2524,39
2525,1
2525,3
2525,4
2525,12
2525,25
2525,33
2525,36
2526,1
2526,3
2526,5
2526,10
2526,38
2527,1
2527,2
2527,3
2527,5
2527,10
2528,1
2528,2
2528,4
2528,5
2528,10
2528,36
2529,1
2529,2
2529,3
2529,5
2529,10
2530,1
2530,2
2530,4
2530,5
2530,10
2530,36
2531,1
2531,3
2531,4
2531,25
2532,1
2532,3
2532,10
2532,25
2532,38
2533,2
2533,34
2533,36
2533,37
2534,1
2534,4
2534,45
2534,47
2535,2
2535,8
2535,26
2535,27
2536,1
2536,3
2536,4
2536,13
2536,25
2536,36
2537,1
2537,2
2537,10
2537,20
2537,25
2538,1
2538,2
2538,10
2538,36
2539,1
2539,5
2539,10
2539,22
2539,38
2540,1
2540,2
2540,16
2540,22
2540,24
2540,33
2540,37
2541,1
2541,3
2541,4
2541,5
2541,10
2541,39
2541,45
2542,1
2542,2
2542,6
2542,28
2542,36
2543,1
2543,2
2543,28
2543,34
2543,36
2543,37
2544,1
2544,3
2544,4
2544,45
2544,46
2544,47
2545,1
2545,2
2545,3
2545,4
2545,5
2545,10
2546,2
2546,7
2546,8
2546,22
2546,27
2547,4
2547,45
2547,46
2547,47
2548,2
2548,3
2548,5
2548,10
2549,1
2549,3
2549,4
2549,12
2549,25
2550,1
2550,4
2550,25
2550,36
2550,37
2551,2
2551,3
2551,4
2551,5
2551,10
2551,27
2552,1
2552,2
2552,3
2552,4
2552,5
2552,10
2553,1
2553,4
2553,12
2553,25
2554,1
2554,3
2554,4
2554,5
2554,10
2555,3
2555,4
2555,10
2555,39
2556,1
2556,2
2556,4
2556,5
2556,10
2556,29
2556,36
2557,1
2557,3
2557,4
2557,10
2557,45
2558,1
2558,2
2558,3
2558,10
2558,20
2558,25
2558,38
2559,2
2559,3
2559,5
2559,10
2559,26
2559,38
2560,2
2560,3
2560,4
2560,10
2560,38
2561,1
2561,3
2561,4
2561,12
2561,36
2562,1
2562,3
2562,4
2562,12
2562,25
2562,36
2563,2
2563,7
2563,26
2563,27
2563,39
2564,1
2564,3
2564,4
2564,10
2565,1
2565,3
2565,10
2565,25
2566,1
2566,2
2566,3
2566,4
2566,5
2566,10
2567,1
2567,2
2567,4
2567,16
2567,22
2567,24
2567,33
2567,37
2568,2
2568,28
2568,34
2568,37
2569,2
2569,3
2569,4
2569,5
2570,1
2570,3
2570,10
2570,25
2570,29
2570,38
2571,1
2571,2
2571,3
2571,10
2571,25
2571,33
2571,38
2572,1
2572,3
2572,4
2572,15
2572,45
2572,46
2573,1
2573,4
2573,45
2573,46
2573,47
2574,1
2574,2
2574,3
2574,4
2574,5
2574,10
2575,1
2575,3
2575,4
2575,10
2575,39
2575,45
2576,1
2576,2
2576,28
2576,34
2576,36
2576,37
2577,2
2577,3
2577,5
2577,38
2578,1
2578,3
2578,4
2578,40
2578,45
2578,46
2578,47
2579,1
2579,3
2579,4
2579,39
2579,45
2580,2
2580,5
2580,10
2580,38
2581,1
2581,2
2581,3
2581,4
2581,5
2581,10
2581,15
2582,1
2582,36
2582,45
2582,46
2582,47
2583,1
2583,2
2583,3
2583,10
2583,25
2583,38
2584,1
2584,3
2584,4
2584,45
2584,46
2584,47
2585,1
2585,2
2585,7
2585,8
2585,26
2585,30
2586,1
2586,3
2586,4
2586,10
2587,1
2587,2
2587,3
2587,4
2587,10
2588,1
2588,8
2588,26
2588,27
2589,1
2589,2
2589,3
2589,10
2589,25
2589,38
2590,1
2590,2
2590,3
2590,4
2590,5
2590,31
2591,3
2591,12
2591,25
2591,36
2592,2
2592,7
2592,8
2592,26
2593,3
2593,4
2593,5
2593,10
2593,33
2594,1
2594,2
2594,7
2594,8
2594,26
2594,27
2595,1
2595,3
2595,4
2595,47
2596,1
2596,3
2596,5
2596,10
2597,1
2597,2
2597,3
2597,4
2597,5
2597,10
2597,44
2598,3
2598,28
2598,45
2598,46
2598,47
2599,1
2599,3
2599,4
2599,12
2599,45
2599,46
2599,47
2600,1
2600,4
2600,10
2600,17
2600,39
2600,45
2601,1
2601,3
2601,4
2601,39
2601,45
2602,1
2602,2
2602,3
2602,5
2602,10
2602,38
2603,1
2603,3
2603,4
2603,5
2603,10
2603,25
2604,1
2604,2
2604,7
2604,17
2604,27
2605,1
2605,2
2605,3
2605,5
2605,36
2606,1
2606,3
2606,4
2606,39
2607,1
2607,3
2607,4
2607,21
2607,45
2607,46
2607,47
2608,3
2608,4
2608,39
2608,44
2608,45
2609,3
2609,4
2609,30
2609,45
2609,46
2609,47
2610,1
2610,2
2610,4
2610,5
2610,10
2610,12
2611,1
2611,2
2611,3
2611,4
2611,5
2611,10
2612,1
2612,2
2612,3
2612,4
2612,5
2612,10
2612,37
2613,1
2613,2
2613,19
2613,28
2613,34
2613,36
2613,37
2614,2
2614,3
2614,4
2614,5
2614,10
2614,11
2615,1
2615,2
2615,7
2615,8
2615,9
2615,26
2615,27
2616,1
2616,2
2616,3
2616,5
2616,14
2617,1
2617,3
2617,4
2617,10
2617,15
2617,39
2617,45
2618,3
2618,4
2618,5
2618,10
2618,25
2619,1
2619,2
2619,16
2619,22
2619,24
2619,37
2620,2
2620,7
2620,8
2620,26
2620,27
2620,42
2621,1
2621,2
2621,3
2621,38
2622,1
2622,2
2622,4
2622,10
2622,20
2623,1
2623,3
2623,4
2623,10
2623,17
2623,39
2623,45
2624,1
2624,3
2624,4
2624,20
2624,45
2624,46
2624,47
2625,1
2625,2
2625,3
2625,5
2625,38
2626,1
2626,4
2626,45
2626,46
2627,1
2627,3
2627,4
2627,5
2627,26
2628,2
2628,4
2628,5
2628,10
2628,36
2629,1
2629,3
2629,4
2629,14
2629,46
2629,47
2630,1
2630,2
2630,4
2630,10
2631,1
2631,2
2631,3
2631,4
2631,10
2631,26
2632,1
2632,4
2632,45
2632,47
2633,1
2633,4
2633,10
2633,46
2633,47
2634,1
2634,2
2634,7
2634,8
2634,26
2634,27
2635,1
2635,3
2635,4
2635,25
2635,36
2636,1
2636,2
2636,4
2636,5
2636,10
2636,26
2636,36
2637,1
2637,2
2637,3
2637,38
2637,40
2638,1
2638,3
2638,24
2638,45
2638,46
2639,2
2639,3
2639,4
2639,5
2639,10
2639,38
2640,1
2640,2
2640,28
2640,32
2640,34
2640,36
2640,37
2641,4
2641,27
2641,45
2641,46
2641,47
2642,3
2642,4
2642,10
2642,15
2642,39
2642,45
2643,1
2643,2
2643,13
2643,16
2643,22
2643,24
2643,33
2643,37
2644,1
2644,2
2644,7
2644,8
2644,10
2644,26
2644,27
2645,1
2645,3
2645,4
2645,5
2646,1
2646,2
2646,3
2646,4
2646,5
2646,10
2646,19
2647,2
2647,8
2647,26
2647,27
2647,45
2648,1
2648,2
2648,3
2648,10
2648,11
2648,25
2648,38
2649,1
2649,2
2649,3
2649,4
2649,5
2649,10
2649,35
2650,1
2650,2
2650,3
2650,4
2650,26
2651,1
2651,2
2651,3
2651,5
2651,10
2651,38
2652,1
2652,4
2652,5
2652,10
2653,1
2653,2
2653,10
2653,30
2653,38
2654,1
2654,3
2654,4
2654,10
2654,45
2655,1
2655,16
2655,22
2655,24
2655,33
2655,37
2656,1
2656,2
2656,3
2656,5
2656,35
2657,1
2657,7
2657,8
2657,26
2657,27
2658,1
2658,3
2658,10
2658,25
2658,41
2659,1
2659,3
2659,4
2659,39
2660,1
2660,2
2660,16
2660,22
2660,24
2660,25
2660,33
2660,37
2661,1
2661,2
2661,3
2661,4
2661,5
2662,1
2662,3
2662,4
2662,5
2662,10
2663,1
2663,2
2663,3
2663,4
2663,5
2663,10
2664,1
2664,2
2664,4
2664,5
2664,35
2665,1
2665,2
2665,3
2665,10
2665,38
2666,1
2666,2
2666,5
2666,38
2666,39
2667,1
2667,2
2667,3
2667,4
2667,5
2667,10
2668,1
2668,3
2668,4
2668,5
2668,10
2669,3
2669,4
2669,5
2669,10
2669,41
2670,1
2670,3
2670,10
2670,25
2670,38
2671,1
2671,2
2671,3
2671,4
2671,5
2671,10
2671,21
2672,1
2672,2
2672,28
2672,32
2672,36
2672,37
2673,1
2673,2
2673,3
2673,5
2673,10
2673,31
2674,1
2674,2
2674,4
2674,5
2674,35
2674,36
2675,1
2675,3
2675,25
2675,32
2675,36
2676,1
2676,3
2676,4
2676,10
2676,38
2676,39
2676,45
2677,1
2677,2
2677,3
2677,5
2677,10
2677,38
2678,1
2678,3
2678,4
2678,12
2678,25
2678,36
2679,1
2679,3
2679,4
2679,10
2679,39
2679,42
2679,45
2680,1
2680,2
2680,4
2680,5
2680,10
2681,1
2681,3
2681,4
2681,25
2681,36
2682,1
2682,2
2682,16
2682,22
2682,24
2682,33
2682,37
2683,1
2683,2
2683,5
2683,10
2683,36
2683,38
2684,1
2684,2
2684,4
2684,5
2684,10
2684,36
2685,1
2685,2
2685,3
2685,4
2685,5
2685,10
2685,26
2686,2
2686,4
2686,5
2686,10
2686,11
2687,1
2687,4
2687,45
2687,46
2688,1
2688,2
2688,28
2688,34
2688,36
2688,38
2689,1
2689,2
2689,3
2689,5
2689,10
2689,20
2690,1
2690,3
2690,4
2690,10
2690,39
2690,44
2690,45
2691,2
2691,28
2691,34
2691,36
2691,37
2692,1
2692,2
2692,3
2692,4
2692,5
2692,10
2693,1
2693,28
2693,34
2693,36
2694,1
2694,4
2694,45
2694,46
2694,47
2695,1
2695,4
2695,38
2695,45
2695,46
2695,47
2696,1
2696,2
2696,3
2696,4
2696,5
2696,10
2697,1
2697,2
2697,5
2697,10
2698,1
2698,3
2698,4
2698,5
2698,6
2698,10
2699,1
2699,2
2699,4
2699,5
2699,10
2699,33
2699,36
2700,1
2700,3
2700,4
2700,10
2700,40
2700,45
2701,1
2701,2
2701,5
2701,10
2701,22
2702,1
2702,3
2702,4
2702,10
2702,31
2702,39
2702,45
2703,1
2703,2
2703,4
2703,5
2703,10
2703,15
2703,36
2704,2
2704,4
2704,5
2704,36
2704,41
2705,1
2705,2
2705,4
2705,5
2705,10
2705,36
2705,38
2706,1
2706,2
2706,4
2706,36
2707,1
2707,2
2707,16
2707,22
2707,24
2707,33
2708,1
2708,2
2708,4
2708,5
2708,10
2708,13
2708,36
2709,1
2709,16
2709,22
2709,33
2709,37
2710,1
2710,2
2710,3
2710,4
2710,10
2710,16
2711,1
2711,2
2711,3
2711,4
2711,5
2711,10
2712,1
2712,2
2712,3
2712,4
2712,5
2712,10
2712,20
2713,1
2713,12
2713,25
2713,36
2714,1
2714,3
2714,4
2714,8
2714,45
2714,46
2714,47
2715,1
2715,2
2715,3
2715,4
2715,5
2715,10
2716,1
2716,2
2716,3
2716,4
2716,5
2716,10
2716,31
2717,1
2717,5
2717,10
2717,38
2718,2
2718,7
2718,8
2718,18
2718,26
2718,27
2719,1
2719,2
2719,3
2719,4
2719,5
2719,10
2720,1
2720,3
2720,4
2720,10
2720,46
2721,1
2721,2
2721,5
2721,19
2721,36
2722,3
2722,4
2722,10
2722,15
2722,45
2723,1
2723,2
2723,7
2723,8
2723,17
2723,26
2723,27
2724,1
2724,2
2724,28
2724,34
2724,36
2724,37
2725,1
2725,3
2725,5
2725,10
2726,1
2726,2
2726,5
2726,19
2726,38
2727,1
2727,3
2727,4
2727,25
2727,36
2728,1
2728,3
2728,10
2728,35
2728,39
2728,45
2729,1
2729,3
2729,4
2729,24
2729,45
2729,46
2730,1
2730,4
2730,10
2730,33
2730,39
2730,45
2731,1
2731,2
2731,3
2731,10
2732,1
2732,2
2732,5
2732,10
2732,36
2732,40
2733,1
2733,3
2733,9
2733,10
2733,25
2733,38
2734,1
2734,3
2734,10
2734,45
2735,1
2735,2
2735,3
2735,10
2735,25
2735,35
2735,38
2736,1
2736,3
2736,12
2736,25
2736,40
2737,3
2737,10
2737,25
2737,38
2737,44
2738,2
2738,7
2738,8
2738,26
2739,1
2739,3
2739,4
2739,12
2739,25
2739,36
2740,1
2740,28
2740,31
2740,36
2740,37
2741,1
2741,2
2741,5
2741,10
2741,36
2741,38
2742,1
2742,3
2742,4
2742,24
2742,36
2743,1
2743,3
2743,4
2743,11
2743,12
2743,25
2743,36
2744,1
2744,2
2744,3
2744,4
2744,5
2744,10
2744,18
2745,1
2745,3
2745,4
2745,45
2745,47
2746,1
2746,2
2746,5
2746,10
2747,1
2747,10
2747,39
2747,45
2748,1
2748,3
2748,4
2748,10
2748,39
2748,45
2748,46
2749,1
2749,3
2749,45
2749,47
2750,1
2750,2
2750,4
2750,5
2750,36
2751,1
2751,2
2751,3
2751,4
2751,5
2751,8
2751,10
2752,1
2752,2
2752,7
2752,8
2752,26
2752,27
2752,28
2753,1
2753,3
2753,10
2753,38
2754,1
2754,4
2754,5
2754,10
2754,36
2755,1
2755,3
2755,10
2755,39
2756,1
2756,2
2756,3
2756,4
2756,10
2757,1
2757,2
2757,16
2757,20
2757,22
2757,24
2757,33
2757,37
2758,1
2758,3
2758,4
2758,12
2758,25
2758,36
2758,45
2759,2
2759,16
2759,22
2759,24
2759,33
2759,43
2760,1
2760,2
2760,3
2760,4
2760,5
2760,10
2760,38
2761,16
2761,22
2761,24
2761,33
2761,37
2762,1
2762,3
2762,10
2762,39
2762,45
2763,1
2763,2
2763,16
2763,22
2763,24
2763,37
2764,1
2764,3
2764,4
2764,10
2764,17
2764,39
2764,45
2765,1
2765,2
2765,3
2765,4
2765,5
2765,10
2765,15
2766,1
2766,2
2766,3
2766,10
2766,16
2766,25
2766,38
2767,1
2767,2
2767,3
2767,4
2767,5
2767,10
2768,1
2768,3
2768,4
2768,5
2768,45
2768,47
2769,1
2769,10
2769,39
2769,45
2770,1
2770,2
2770,3
2770,10
2770,25
2770,38
2771,2
2771,3
2771,5
2771,10
2771,37
2771,38
2772,1
2772,3
2772,4
2772,36
2772,46
2772,47
2773,1
2773,4
2773,5
2773,10
2774,1
2774,2
2774,3
2774,5
2774,10
2774,38
2774,46
2775,1
2775,3
2775,4
2775,12
2775,25
2775,36
2776,1
2776,2
2776,3
2776,10
2776,38
2777,1
2777,2
2777,12
2777,16
2777,22
2777,24
2777,37
2778,1
2778,2
2778,4
2778,5
2778,26
2778,36
2779,1
2779,2
2779,7
2779,8
2779,26
2779,27
2780,1
2780,3
2780,4
2780,10
2780,39
2780,45
2781,1
2781,2
2781,3
2781,4
2781,8
2782,1
2782,7
2782,8
2782,26
2783,1
2783,2
2783,28
2783,34
2783,37
2784,1
2784,2
2784,7
2784,8
2784,26
2784,27
2785,1
2785,3
2785,4
2785,12
2785,25
2785,36
2786,1
2786,2
2786,4
2786,5
2786,10
2787,1
2787,2
2787,4
2787,5
2787,10
2788,1
2788,3
2788,4
2788,46
2788,47
2789,1
2789,2
2789,7
2789,8
2789,26
2789,27
2790,1
2790,2
2790,16
2790,22
2790,24
2790,33
2790,37
2791,2
2791,16
2791,24
2791,33
2791,37
2792,2
2792,5
2792,10
2792,38
2793,1
2793,2
2793,5
2793,10
2793,25
2793,36
2794,1
2794,2
2794,5
2794,7
2794,8
2794,26
2794,27
2795,1
2795,2
2795,3
2795,4
2795,5
2795,10
2796,2
2796,3
2796,10
2796,15
2796,25
2796,38
2797,1
2797,3
2797,4
2797,10
2797,13
2797,45
2798,1
2798,2
2798,3
2798,5
2798,10
2798,38
2798,44
2799,1
2799,2
2799,3
2799,4
2799,5
2799,10
2799,43
2800,1
2800,2
2800,11
2800,28
2800,34
2800,36
2800,37
2801,1
2801,2
2801,28
2801,34
2801,36
2801,37
2802,1
2802,4
2802,45
2802,46
2803,2
2803,3
2803,5
2803,15
2803,38
2804,1
2804,2
2804,4
2804,5
2804,10
2804,36
2805,1
2805,28
2805,32
2805,34
2805,37
2806,2
2806,3
2806,10
2806,38
2807,1
2807,2
2807,7
2807,10
2807,36
2808,1
2808,2
2808,10
2808,24
2808,33
2809,1
2809,2
2809,3
2809,4
2809,5
2809,10
2809,24
2810,1
2810,4
2810,10
2810,39
2810,45
2811,1
2811,2
2811,3
2811,5
2811,10
2811,17
2811,38
2812,1
2812,4
2812,5
2812,7
2812,10
2813,1
2813,3
2813,4
2813,5
2813,10
2813,18
2814,1
2814,3
2814,4
2814,39
2814,45
2815,1
2815,4
2815,5
2815,10
2815,33
2816,1
2816,2
2816,3
2816,5
2816,10
2816,38
2817,1
2817,2
2817,3
2817,4
2817,5
2817,10
2818,1
2818,3
2818,4
2818,5
2818,10
2818,16
2819,1
2819,2
2819,3
2819,5
2819,10
2819,39
2820,1
2820,3
2820,4
2820,39
2820,46
2820,47
2821,1
2821,3
2821,10
2821,20
2821,39
2822,1
2822,2
2822,3
2822,10
2823,3
2823,4
2823,12
2823,23
2823,25
2823,36
2824,1
2824,3
2824,4
2824,30
2824,45
2824,46
2824,47
2825,1
2825,3
2825,4
2825,45
2825,46
2825,47
2826,1
2826,2
2826,3
2826,4
2826,5
2826,10
2826,18
2827,1
2827,2
2827,4
2827,5
2828,1
2828,3
2828,4
2828,45
2828,46
2828,47
2829,1
2829,2
2829,5
2829,10
2829,38
2830,1
2830,3
2830,4
2830,12
2830,25
2830,36
2831,1
2831,2
2831,16
2831,37
2832,1
2832,16
2832,22
2832,24
2832,33
2832,37
2833,1
2833,2
2833,7
2833,8
2833,26
2833,27
2833,30
2834,1
2834,2
2834,16
2834,22
2834,24
2834,33
2834,37
2835,1
2835,3
2835,4
2835,10
2835,39
2835,45
2836,1
2836,2
2836,7
2836,8
2836,27
2837,3
2837,4
2837,10
2837,39
2838,3
2838,5
2838,10
2838,26
2838,38
2839,1
2839,2
2839,4
2839,5
2839,10
2839,20
2840,3
2840,5
2840,10
2840,38
2841,1
2841,2
2841,10
2841,34
2841,36
2841,37
2842,3
2842,4
2842,45
2842,46
2842,47
2843,3
2843,4
2843,45
2843,46
2844,1
2844,2
2844,3
2844,4
2844,5
2844,10
2845,1
2845,3
2845,4
2845,45
2845,46
2845,47
2846,1
2846,2
2846,3
2846,4
2846,5
2846,10
2847,1
2847,2
2847,4
2847,5
2848,1
2848,2
2848,3
2848,5
2848,10
2848,38
2849,1
2849,3
2849,4
2849,29
2849,39
2850,4
2850,28
2850,45
2850,46
2850,47
2851,2
2851,3
2851,4
2851,5
2851,14
2852,1
2852,2
2852,8
2852,23
2852,27
2853,1
2853,2
2853,3
2853,4
2853,5
2853,10
2853,11
2854,1
2854,3
2854,4
2854,44
2854,45
2854,46
2854,47
2855,1
2855,3
2855,4
2855,14
2855,45
2855,46
2856,1
2856,2
2856,3
2856,5
2856,38
2856,41
2857,2
2857,4
2857,7
2857,10
2857,36
2858,1
2858,2
2858,3
2858,5
2858,34
2859,1
2859,45
2859,46
2859,47
2860,2
2860,28
2860,34
2860,36
2860,37
2861,2
2861,4
2861,5
2861,10
2861,42
2862,2
2862,3
2862,4
2862,5
2862,10
2863,1
2863,2
2863,4
2863,5
2863,10
2863,32
2864,2
2864,3
2864,4
2864,5
2864,10
2864,45
2865,2
2865,3
2865,10
2865,18
2865,25
2865,38
2866,4
2866,6
2866,45
2866,46
2866,47
2867,1
2867,16
2867,22
2867,24
2867,33
2867,37
2868,1
2868,3
2868,4
2868,45
2868,46
2868,47
2869,1
2869,3
2869,4
2869,10
2869,39
2869,45
2870,1
2870,2
2870,3
2870,10
2870,25
2870,29
2870,38
2871,1
2871,2
2871,4
2871,5
2871,10
2871,20
2871,36
2872,1
2872,7
2872,26
2872,27
2872,41
2873,1
2873,2
2873,3
2873,4
2873,10
2874,1
2874,2
2874,4
2874,10
2874,36
2875,1
2875,3
2875,12
2875,25
2875,36
2876,1
2876,3
2876,4
2876,10
2876,39
2876,45
2877,1
2877,2
2877,3
2877,10
2877,18
2878,3
2878,4
2878,12
2878,36
2879,1
2879,2
2879,7
2879,26
2879,36
2880,1
2880,3
2880,4
2880,12
2880,25
2880,36
2881,1
2881,2
2881,3
2881,5
2881,10
2881,38
2882,1
2882,2
2882,10
2882,38
2883,1
2883,4
2883,45
2883,47
2884,1
2884,2
2884,3
2884,4
2884,5
2884,10
2884,45
2885,2
2885,5
2885,10
2885,38
2886,1
2886,2
2886,3
2886,10
2886,25
2886,35
2886,38
2887,1
2887,3
2887,4
2887,11
2887,12
2887,25
2887,36
2888,1
2888,3
2888,4
2888,45
2888,46
2889,1
2889,4
2889,10
2889,36
2890,1
2890,3
2890,12
2890,20
2890,25
2891,1
2891,4
2891,12
2891,23
2891,25
2891,36
2892,1
2892,3
2892,4
2892,46
2892,47
2893,1
2893,2
2893,3
2893,5
2893,15
2894,1
2894,2
2894,7
2894,8
2894,25
2894,27
2895,1
2895,3
2895,4
2895,5
2895,39
2896,1
2896,2
2896,3
2896,5
2896,7
2896,10
2897,1
2897,2
2897,7
2897,20
2897,27
2898,2
2898,4
2898,5
2898,17
2898,36
2899,1
2899,2
2899,28
2899,34
2899,36
2900,2
2900,3
2900,10
2900,25
2900,38
2901,1
2901,2
2901,3
2901,4
2901,5
2901,10
2902,2
2902,3
2902,10
2902,13
2902,38
2903,2
2903,3
2903,5
2903,38
2904,1
2904,2
2904,3
2904,4
2904,10
2904,36
2905,1
2905,3
2905,45
2905,46
2905,47
2906,1
2906,2
2906,3
2906,5
2906,10
2906,37
2906,38
2907,2
2907,3
2907,5
2907,10
2907,30
2908,1
2908,4
2908,12
2908,25
2908,36
2909,2
2909,4
2909,5
2909,10
2909,35
2909,36
2910,1
2910,2
2910,3
2910,25
2910,38
2911,1
2911,3
2911,4
2911,12
2911,25
2912,3
2912,4
2912,45
2912,46
2913,1
2913,2
2913,3
2913,4
2914,1
2914,3
2914,4
2914,25
2914,36
2915,1
2915,4
2915,5
2915,10
2915,12
2916,3
2916,4
2916,10
2916,39
2916,45
2917,2
2917,3
2917,5
2917,38
2918,1
2918,2
2918,22
2918,24
2918,33
2919,1
2919,2
2919,5
2919,10
2919,28
2919,36
2920,3
2920,17
2920,45
2920,46
2920,47
2921,2
2921,3
2921,10
2921,38
2922,1
2922,3
2922,4
2922,10
2922,39
2923,4
2923,12
2923,25
2923,36
2924,1
2924,2
2924,16
2924,22
2924,24
2924,33
2924,34
2925,1
2925,4
2925,37
2925,46
2925,47
2926,1
2926,2
2926,3
2926,4
2926,5
2927,1
2927,2
2927,16
2927,17
2927,24
2927,37
2928,1
2928,2
2928,5
2928,10
2929,1
2929,3
2929,4
2929,10
2929,39
2929,45
2930,3
2930,4
2930,25
2930,36
2931,1
2931,3
2931,4
2931,25
2931,45
2931,46
2931,47
2932,1
2932,2
2932,4
2932,5
2932,10
2932,28
2932,36
2933,1
2933,2
2933,5
2933,7
2933,8
2933,26
2933,27
2934,2
2934,3
2934,10
2934,25
2934,38
2935,1
2935,2
2935,16
2935,28
2935,34
2936,1
2936,2
2936,3
2936,38
2937,1
2937,2
2937,4
2937,34
2937,36
2937,37
2938,1
2938,3
2938,4
2938,6
2938,10
2938,39
2938,45
2939,3
2939,4
2939,10
2939,39
2939,45
2940,1
2940,2
2940,3
2940,4
2940,5
2940,6
2940,10
2941,1
2941,3
2941,4
2941,16
2941,45
2941,46
2942,1
2942,2
2942,3
2942,38
2943,1
2943,3
2943,4
2943,45
2943,46
2943,47
2944,1
2944,2
2944,3
2944,4
2944,5
2944,10
2944,13
2945,4
2945,12
2945,25
2945,36
2945,39
2946,1
2946,2
2946,7
2946,8
2946,25
2946,26
2946,27
2947,1
2947,2
2947,4
2947,5
2947,10
2947,43
2948,1
2948,3
2948,4
2948,27
2948,45
2948,46
2949,2
2949,3
2949,10
2949,25
2949,38
2949,39
2950,2
2950,3
2950,4
2950,5
2950,10
2951,1
2951,2
2951,4
2951,5
2951,38
2952,1
2952,2
2952,3
2952,5
2953,1
2953,4
2953,10
2953,22
2953,39
2953,45
2954,1
2954,3
2954,4
2954,39
2955,1
2955,3
2955,8
2955,12
2955,25
2955,36
2956,1
2956,3
2956,4
2956,10
2956,39
2957,1
2957,3
2957,4
2957,36
2958,1
2958,3
2958,4
2958,45
2958,46
2958,47
2959,1
2959,3
2959,4
2959,12
2959,25
2959,36
2960,1
2960,2
2960,3
2960,4
2960,5
2961,2
2961,3
2961,4
2961,5
2962,1
2962,7
2962,28
2962,34
2962,36
2962,37
2963,1
2963,3
2963,4
2963,45
2963,46
2963,47
2964,1
2964,4
2964,10
2964,33
2964,45
2965,2
2965,3
2965,4
2965,5
2965,10
2965,17
2966,1
2966,5
2966,10
2966,36
2967,2
2967,3
2967,4
2967,10
2967,24
2968,1
2968,5
2968,10
2968,36
2968,38
2969,2
2969,16
2969,22
2969,30
2969,33
2969,37
2970,1
2970,3
2970,5
2970,38
2971,1
2971,3
2971,4
2971,31
2971,45
2972,1
2972,4
2972,45
2972,46
2972,47
2973,3
2973,12
2973,23
2973,25
2973,36
2974,1
2974,2
2974,3
2974,5
2974,9
2974,10
2974,38
2975,1
2975,2
2975,3
2975,4
2975,5
2975,10
2976,1
2976,4
2976,5
2976,10
2977,1
2977,3
2977,4
2977,45
2977,47
2978,1
2978,3
2978,4
2978,25
2979,1
2979,2
2979,4
2979,5
2979,29
2980,1
2980,2
2980,3
2980,4
2980,5
2980,10
2981,1
2981,2
2981,3
2981,10
2981,27
2981,38
2982,1
2982,45
2982,46
2982,47
2983,1
2983,4
2983,10
2983,45
2984,1
2984,2
2984,3
2984,4
2984,10
2984,29
2985,2
2985,16
2985,22
2985,24
2985,33
2985,37
2985,40
2986,1
2986,2
2986,3
2986,4
2986,5
2986,10
2987,1
2987,4
2987,15
2987,39
2987,45
2988,1
2988,4
2988,39
2988,45
2988,47
2989,1
2989,2
2989,3
2989,4
2989,5
2989,10
2990,1
2990,2
2990,7
2990,12
2990,26
2991,1
2991,2
2991,3
2991,10
2991,38
2991,41
2992,1
2992,2
2992,3
2992,4
2992,45
2992,46
2992,47
2993,1
2993,2
2993,3
2993,10
2993,15
2993,38
2994,1
2994,4
2994,19
2994,45
2994,46
2995,1
2995,3
2995,45
2995,47
2996,1
2996,3
2996,4
2996,39
2996,45
2997,1
2997,2
2997,3
2997,4
2997,5
2997,10
2997,20
2998,1
2998,10
2998,45
2998,46
2998,47
2999,2
2999,21
2999,28
2999,34
2999,36
2999,37
3000,1
3000,2
3000,3
3000,10
3000,38
3001,2
3001,4
3001,5
3001,10
3002,1
3002,4
3002,10
3002,39
3003,1
3003,2
3003,3
3003,18
3003,38
3004,1
3004,3
3004,4
3004,12
3004,25
3004,29
3004,36
3005,1
3005,3
3005,45
3005,46
3005,47
3006,1
3006,2
3006,4
3006,5
3006,10
3006,27
3006,36
3007,2
3007,4
3007,5
3007,10
3008,1
3008,2
3008,7
3008,8
3008,26
3008,27
3009,1
3009,4
3009,18
3009,45
3009,46
3009,47
3010,1
3010,2
3010,3
3010,5
3010,10
3010,33
3010,38
3011,1
3011,4
3011,5
3011,10
3011,17
3012,2
3012,3
3012,4
3012,5
3013,1
3013,2
3013,4
3013,5
3013,10
3014,1
3014,3
3014,10
3014,39
3014,44
3015,1
3015,2
3015,16
3015,22
3015,24
3015,33
3015,37
3016,1
3016,2
3016,4
3016,5
3016,10
3016,36
3017,1
3017,2
3017,3
3017,4
3017,5
3017,10
3017,21
3018,1
3018,2
3018,28
3018,34
3018,37
3019,1
3019,2
3019,7
3019,8
3019,26
3019,27
3020,28
3020,34
3020,36
3020,37
3021,1
3021,2
3021,4
3021,5
3021,10
3021,46
3022,1
3022,2
3022,28
3022,34
3022,36
3022,37
3022,46
3023,1
3023,2
3023,28
3023,34
3023,36
3023,37
3024,1
3024,3
3024,4
3024,12
3024,25
3024,36
3025,2
3025,3
3025,4
3025,7
3025,10
3026,1
3026,3
3026,4
3026,12
3026,20
3026,25
3027,1
3027,2
3027,28
3027,34
3027,36
3028,1
3028,2
3028,7
3028,8
3028,26
3028,27
3029,3
3029,4
3029,7
3029,25
3029,36
3030,1
3030,2
3030,3
3030,5
3030,10
3030,44
3031,3
3031,4
3031,10
3031,30
3031,39
3032,7
3032,8
3032,26
3032,27
3032,45
3033,1
3033,2
3033,3
3033,7
3033,10
3033,25
3033,38
3034,1
3034,3
3034,4
3034,5
3034,10
3035,2
3035,5
3035,10
3035,36
3036,2
3036,3
3036,28
3036,34
3036,36
3037,1
3037,2
3037,3
3037,4
3037,5
3037,10
3037,15
3038,3
3038,4
3038,10
3038,39
3038,43
3038,45
3039,1
3039,3
3039,4
3039,5
3039,10
3040,1
3040,2
3040,4
3040,5
3040,10
3040,36
3041,1
3041,2
3041,3
3041,4
3041,5
3041,10
3042,1
3042,2
3042,4
3042,5
3042,10
3042,36
3043,4
3043,12
3043,25
3043,36
3043,40
3044,1
3044,2
3044,3
3044,4
3044,5
3044,10
3045,1
3045,3
3045,4
3045,12
3045,36
3045,38
3046,1
3046,3
3046,4
3046,19
3046,45
3046,46
3046,47
3047,3
3047,4
3047,10
3047,39
3047,45
3048,1
3048,2
3048,16
3048,19
3048,22
3048,33
3048,37
3049,3
3049,10
3049,25
3049,38
3049,40
3050,1
3050,2
3050,34
3050,36
3050,37
3051,1
3051,2
3051,4
3051,10
3051,36
3052,1
3052,2
3052,3
3052,4
3052,10
3052,24
3053,1
3053,3
3053,4
3053,39
3053,40
3053,45
3054,1
3054,22
3054,33
3054,37
3055,1
3055,3
3055,4
3055,10
3055,31
3056,1
3056,2
3056,16
3056,22
3056,24
3056,33
3056,37
3057,1
3057,2
3057,4
3057,5
3057,10
3057,23
3058,1
3058,5
3058,10
3058,38
3059,1
3059,3
3059,4
3059,13
3059,46
3059,47
3060,1
3060,3
3060,4
3060,12
3060,25
3061,1
3061,2
3061,3
3061,10
3061,25
3061,34
3061,38
3062,1
3062,2
3062,4
3062,10
3062,28
3062,36
3063,1
3063,3
3063,12
3063,25
3063,36
3063,38
3064,1
3064,2
3064,16
3064,22
3064,24
3064,33
3065,2
3065,7
3065,8
3065,26
3065,27
3066,1
3066,2
3066,16
3066,22
3066,33
3066,37
3067,1
3067,3
3067,4
3067,5
3067,10
3068,2
3068,16
3068,24
3068,32
3068,33
3068,37
3069,1
3069,2
3069,4
3069,5
3069,10
3069,43
3070,2
3070,4
3070,5
3070,10
3070,39
3071,1
3071,2
3071,4
3071,5
3071,10
3072,1
3072,3
3072,42
3072,45
3072,47
3073,1
3073,2
3073,9
3073,16
3073,22
3073,37
3074,1
3074,2
3074,3
3074,10
3074,18
3074,38
3075,3
3075,4
3075,14
3075,39
3075,45
3076,1
3076,2
3076,3
3076,4
3076,12
3076,25
3076,36
3077,2
3077,3
3077,4
3077,5
3077,16
3078,1
3078,3
3078,4
3078,12
3078,25
3078,36
3079,1
3079,3
3079,4
3079,5
3079,38
3080,1
3080,2
3080,3
3080,25
3080,38
3081,1
3081,3
3081,4
3081,45
3081,46
3082,1
3082,2
3082,5
3082,10
3082,35
3083,1
3083,4
3083,7
3083,45
3083,46
3083,47
3084,1
3084,2
3084,4
3084,5
3084,10
3084,36
3084,43
3085,1
3085,2
3085,25
3085,38
3086,1
3086,2
3086,3
3086,4
3086,5
3086,10
3086,43
3087,1
3087,2
3087,3
3087,4
3087,5
3087,10
3087,14
3088,2
3088,5
3088,10
3088,38
3089,1
3089,3
3089,5
3089,10
3089,38
3090,1
3090,2
3090,3
3090,10
3090,25
3090,38
3091,2
3091,7
3091,8
3091,27
3092,1
3092,2
3092,3
3092,4
3092,5
3092,10
3093,1
3093,2
3093,7
3093,8
3093,26
3093,27
3094,1
3094,4
3094,5
3094,10
3094,36
3094,43
3095,1
3095,2
3095,3
3095,10
3095,11
3095,25
3095,38
3096,3
3096,4
3096,12
3096,25
3096,36
3097,1
3097,2
3097,3
3097,4
3097,5
3097,10
3097,42
3098,1
3098,3
3098,39
3098,45
3099,1
3099,10
3099,25
3099,38
3099,40
3100,1
3100,2
3100,3
3100,4
3100,5
3100,10
3101,2
3101,3
3101,4
3101,5
3101,6
3101,10
3102,2
3102,3
3102,10
3102,25
3102,38
3103,1
3103,2
3103,3
3103,5
3103,10
3104,1
3104,2
3104,5
3104,10
3104,11
3105,1
3105,2
3105,3
3105,5
3105,10
3106,1
3106,2
3106,3
3106,4
3106,5
3106,10
3107,2
3107,3
3107,4
3107,5
3107,10
3108,1
3108,2
3108,16
3108,24
3108,33
3108,37
3108,42
3109,1
3109,2
3109,16
3109,22
3109,30
3109,33
3109,37
3110,1
3110,2
3110,3
3110,5
3110,10
3110,25
3110,38
3111,1
3111,2
3111,3
3111,4
3111,5
3111,10
3111,33
3112,1
3112,2
3112,3
3112,5
3112,6
3112,38
3113,1
3113,2
3113,4
3113,5
3113,10
3113,36
3114,1
3114,2
3114,4
3114,5
3114,10
3115,1
3115,2
3115,30
3115,36
3115,37
3116,1
3116,2
3116,5
3116,10
3117,1
3117,2
3117,3
3117,4
3117,10
3118,2
3118,3
3118,4
3118,10
3118,20
3119,1
3119,3
3119,4
3119,33
3119,45
3119,46
3119,47
3120,1
3120,2
3120,5
3120,36
3120,44
3121,1
3121,2
3121,3
3121,5
3121,10
3122,1
3122,3
3122,7
3122,8
3122,26
3122,27
3123,1
3123,3
3123,10
3123,20
3123,39
3124,1
3124,3
3124,4
3124,45
3124,46
3124,47
3125,1
3125,2
3125,3
3125,5
3125,10
3126,1
3126,2
3126,3
3126,5
3127,1
3127,2
3127,5
3127,10
3127,36
3127,38
3128,2
3128,3
3128,25
3128,38
3129,1
3129,2
3129,28
3129,34
3129,37
3130,2
3130,16
3130,22
3130,24
3130,33
3131,1
3131,2
3131,3
3131,19
3131,25
3131,38
3132,1
3132,2
3132,16
3132,22
3132,24
3132,33
3132,37
3133,1
3133,3
3133,4
3133,12
3133,25
3133,36
3134,1
3134,3
3134,4
3134,5
3134,10
3134,31
3135,1
3135,2
3135,28
3135,34
3135,36
3135,37
3136,1
3136,3
3136,4
3136,37
3136,45
3136,46
3136,47
3137,1
3137,2
3137,4
3137,5
3137,10
3138,1
3138,2
3138,3
3138,5
3139,1
3139,2
3139,3
3139,5
3139,10
3139,16
3140,1
3140,2
3140,22
3140,24
3140,33
3141,1
3141,2
3141,4
3141,5
3141,10
3141,36
3141,43
3142,2
3142,3
3142,5
3142,8
3142,10
3142,38
3143,1
3143,3
3143,4
3143,39
3143,45
3144,1
3144,3
3144,4
3144,10
3144,39
3144,45
3145,1
3145,2
3145,16
3145,22
3145,24
3145,33
3145,37
3146,3
3146,4
3146,5
3146,10
3147,3
3147,4
3147,10
3147,39
3148,1
3148,28
3148,34
3148,36
3148,37
3149,1
3149,18
3149,24
3149,33
3149,37
3150,1
3150,2
3150,3
3150,4
3150,5
3150,10
3150,31
3151,1
3151,2
3151,5
3151,10
3152,1
3152,2
3152,4
3152,5
3152,22
3153,1
3153,4
3153,9
3153,39
3153,45
3154,1
3154,2
3154,3
3154,10
3154,38
3155,1
3155,2
3155,3
3155,4
3155,5
3155,10
3155,28
3156,1
3156,2
3156,3
3156,10
3156,16
3156,25
3156,38
3157,1
3157,2
3157,3
3157,5
3157,10
3158,3
3158,4
3158,12
3158,36
3159,1
3159,3
3159,4
3159,10
3159,40
3160,1
3160,2
3160,3
3160,5
3160,10
3160,17
3160,38
3161,2
3161,3
3161,4
3161,5
3161,10
3161,22
3162,1
3162,4
3162,45
3162,46
3163,1
3163,3
3163,4
3163,10
3163,27
3163,39
3164,2
3164,16
3164,22
3164,37
3165,2
3165,3
3165,10
3165,25
3165,38
3165,47
3166,1
3166,3
3166,4
3166,45
3166,46
3166,47
3167,1
3167,2
3167,3
3167,10
3167,46
3168,1
3168,2
3168,28
3168,34
3168,35
3168,37
3169,1
3169,3
3169,5
3169,32
3169,38
3170,1
3170,2
3170,16
3170,22
3170,33
3170,37
3171,2
3171,4
3171,5
3171,10
3172,3
3172,45
3172,46
3172,47
3173,1
3173,3
3173,5
3173,10
3174,1
3174,4
3174,45
3174,46
3174,47
3175,1
3175,2
3175,3
3175,5
3175,10
3176,1
3176,2
3176,3
3176,10
3176,25
3176,38
3177,1
3177,7
3177,8
3177,26
3177,35
3178,1
3178,2
3178,3
3178,10
3179,1
3179,2
3179,3
3179,10
3179,38
3180,1
3180,2
3180,3
3180,4
3181,1
3181,2
3181,3
3181,5
3181,8
3182,1
3182,2
3182,28
3182,34
3182,35
3182,36
3182,37
3183,1
3183,2
3183,3
3183,4
3183,5
3183,10
3184,1
3184,3
3184,4
3184,11
3184,45
3184,46
3185,1
3185,3
3185,4
3185,5
3185,10
3186,1
3186,2
3186,3
3186,4
3186,5
3186,10
3187,2
3187,3
3187,4
3187,5
3187,42
3188,1
3188,2
3188,3
3188,10
3188,13
3188,25
3189,1
3189,2
3189,3
3189,4
3189,5
3189,46
3190,1
3190,3
3190,4
3190,16
3190,36
3191,1
3191,3
3191,4
3191,45
3191,46
3191,47
3192,1
3192,3
3192,4
3192,10
3192,33
3192,39
3192,45
3193,1
3193,3
3193,4
3193,12
3193,36
3194,1
3194,7
3194,8
3194,10
3194,26
3195,1
3195,2
3195,3
3195,5
3195,43
3196,7
3196,8
3196,16
3196,26
3196,27
3197,1
3197,3
3197,10
3197,39
3198,1
3198,3
3198,4
3198,31
3198,47
3199,1
3199,3
3199,4
3199,5
3199,10
3200,1
3200,3
3200,4
3200,46
3200,47
3201,1
3201,2
3201,3
3201,4
3201,5
3201,10
3202,1
3202,2
3202,4
3202,5
3202,6
3202,10
3203,1
3203,3
3203,4
3203,5
3203,10
3203,18
3204,1
3204,2
3204,4
3204,5
3204,36
3205,1
3205,2
3205,7
3205,8
3205,26
3205,27
3206,1
3206,3
3206,4
3206,12
3206,25
3206,36
3206,42
3207,3
3207,4
3207,5
3207,10
3208,1
3208,2
3208,4
3208,5
3209,1
3209,2
3209,3
3209,10
3209,25
3209,26
3209,38
3210,1
3210,3
3210,4
3210,12
3210,22
3210,25
3210,36
3211,1
3211,2
3211,3
3211,4
3211,5
3211,33
3212,2
3212,5
3212,10
3212,36
3213,1
3213,3
3213,5
3213,6
3213,10
3213,38
3214,3
3214,4
3214,34
3214,45
3214,46
3214,47
3215,3
3215,5
3215,10
3215,38
3216,1
3216,7
3216,8
3216,26
3216,27
3216,39
3217,1
3217,4
3217,10
3217,39
3218,1
3218,3
3218,4
3218,10
3218,31
3218,39
3218,45
3219,1
3219,2
3219,4
3219,5
3219,10
3219,20
3220,2
3220,28
3220,36
3220,37
3221,1
3221,3
3221,4
3221,12
3221,19
3222,1
3222,2
3222,5
3222,10
3222,36
3223,1
3223,3
3223,4
3223,10
3223,39
3224,1
3224,4
3224,20
3224,46
3224,47
3225,1
3225,3
3225,4
3225,24
3225,45
3225,47
3226,1
3226,3
3226,4
3226,6
3226,12
3226,25
3226,36
3227,1
3227,3
3227,4
3227,7
3227,36
3228,1
3228,3
3228,4
3228,12
3228,25
3228,36
3229,1
3229,3
3229,4
3229,16
3229,45
3229,46
3229,47
3230,1
3230,2
3230,3
3230,4
3230,5
3230,10
3231,1
3231,2
3231,4
3231,10
3231,28
3232,1
3232,2
3232,28
3232,34
3232,37
3232,42
3233,1
3233,2
3233,16
3233,22
3233,33
3233,37
3234,1
3234,3
3234,4
3234,10
3234,45
3235,1
3235,3
3235,4
3235,12
3235,18
3235,25
3235,36
3236,1
3236,3
3236,4
3236,12
3236,25
3236,36
3237,1
3237,2
3237,7
3237,8
3237,27
3238,1
3238,2
3238,16
3238,22
3238,24
3238,33
3238,37
3239,1
3239,2
3239,4
3239,5
3239,10
3239,35
3240,1
3240,2
3240,5
3240,36
3241,1
3241,2
3241,3
3241,10
3241,17
3241,25
3241,38
3242,1
3242,3
3242,17
3242,39
3242,45
3243,1
3243,3
3243,4
3243,20
3243,25
3243,36
3244,1
3244,2
3244,3
3244,4
3245,1
3245,2
3245,21
3245,28
3245,34
3245,36
3245,37
3246,2
3246,3
3246,5
3246,10
3246,17
3247,1
3247,4
3247,10
3247,39
3248,2
3248,3
3248,5
3248,8
3248,10
3249,1
3249,34
3249,36
3249,37
3250,1
3250,2
3250,4
3250,5
3251,1
3251,2
3251,4
3251,5
3252,1
3252,2
3252,28
3252,36
3252,37
3253,1
3253,3
3253,4
3253,10
3253,39
3253,45
3254,1
3254,2
3254,9
3254,10
3254,38
3255,1
3255,3
3255,4
3255,10
3255,19
3256,1
3256,2
3256,3
3256,4
3256,5
3256,19
3257,1
3257,2
3257,3
3257,4
3257,5
3257,10
3257,33
3258,1
3258,2
3258,3
3258,10
3258,25
3258,38
3259,1
3259,3
3259,4
3259,45
3259,47
3260,1
3260,2
3260,3
3260,5
3260,10
3260,38
3261,1
3261,2
3261,3
3261,10
3261,38
3262,1
3262,2
3262,3
3262,4
3262,10
3263,1
3263,3
3263,4
3263,45
3263,46
3263,47
3264,1
3264,2
3264,22
3264,24
3264,33
3264,37
3265,1
3265,3
3265,4
3265,12
3265,25
3265,36
3266,1
3266,3
3266,4
3266,12
3266,25
3267,1
3267,2
3267,5
3267,10
3267,30
3268,1
3268,10
3268,25
3268,32
3268,38
3269,1
3269,2
3269,3
3269,10
3269,25
3269,38
3270,1
3270,4
3270,10
3270,39
3271,2
3271,3
3271,4
3271,5
3271,18
3272,1
3272,2
3272,16
3272,22
3272,24
3272,33
3272,37
3273,1
3273,2
3273,3
3273,4
3273,5
3273,10
3273,31
3274,1
3274,2
3274,4
3274,36
3275,1
3275,2
3275,3
3275,4
3275,5
3275,10
3276,1
3276,4
3276,39
3276,46
3276,47
3277,1
3277,2
3277,4
3277,5
3277,20
3278,2
3278,4
3278,10
3278,24
3278,36
3279,1
3279,2
3279,3
3279,5
3279,10
3280,1
3280,3
3280,4
3280,7
3280,45
3280,46
3280,47
3281,2
3281,3
3281,4
3281,10
3281,47
3282,4
3282,5
3282,9
3282,10
3282,36
3283,1
3283,2
3283,4
3283,5
3283,36
3284,1
3284,2
3284,4
3284,5
3284,10
3284,36
3285,1
3285,22
3285,24
3285,33
3285,37
3286,1
3286,3
3286,4
3286,45
3286,46
3286,47
3287,1
3287,2
3287,3
3287,5
3287,10
3288,1
3288,2
3288,16
3288,33
3289,2
3289,3
3289,4
3289,10
3289,42
3290,1
3290,2
3290,4
3290,5
3290,10
3291,3
3291,4
3291,5
3291,10
3292,1
3292,3
3292,5
3292,10
3293,2
3293,3
3293,5
3293,10
3294,1
3294,2
3294,7
3294,8
3294,12
3294,26
3294,27
3295,1
3295,2
3295,3
3295,4
3295,5
3295,10
3295,12
3296,1
3296,4
3296,12
3296,22
3296,25
3297,1
3297,2
3297,16
3297,22
3297,24
3297,33
3297,37
3298,1
3298,2
3298,7
3298,8
3298,26
3299,1
3299,2
3299,12
3299,16
3299,33
3299,37
3300,1
3300,3
3300,4
3300,33
3300,45
3300,46
3300,47
3301,1
3301,2
3301,7
3301,27
3302,1
3302,2
3302,3
3302,5
3302,10
3302,38
3303,1
3303,2
3303,3
3303,10
3303,38
3303,44
3304,2
3304,16
3304,33
3304,37
3305,1
3305,4
3305,25
3305,36
3306,1
3306,4
3306,42
3306,45
3306,46
3307,1
3307,2
3307,28
3307,36
3307,37
3308,2
3308,4
3308,10
3308,30
3308,36
3309,3
3309,4
3309,5
3309,10
3309,15
3310,1
3310,3
3310,4
3310,8
3310,12
3310,25
3310,36
3311,1
3311,4
3311,9
3311,45
3311,46
3312,1
3312,2
3312,3
3312,4
3312,5
3312,10
3313,1
3313,8
3313,13
3313,26
3313,27
3314,1
3314,3
3314,4
3314,10
3315,1
3315,2
3315,4
3315,5
3315,10
3315,36
3316,3
3316,4
3316,12
3316,25
3316,34
3316,36
3317,1
3317,2
3317,28
3317,34
3317,36
3317,37
3318,1
3318,3
3318,4
3318,5
3318,10
3319,1
3319,2
3319,28
3319,34
3319,36
3320,1
3320,2
3320,4
3320,5
3320,9
3320,36
3321,1
3321,2
3321,7
3321,8
3321,27
3322,1
3322,2
3322,3
3322,4
3322,5
3322,10
3322,32
3323,1
3323,2
3323,4
3323,5
3323,10
3324,1
3324,2
3324,26
3324,27
3325,3
3325,27
3325,45
3325,46
3325,47
3326,2
3326,28
3326,34
3326,37
3327,1
3327,2
3327,3
3327,4
3327,10
3328,1
3328,2
3328,3
3328,4
3328,5
3328,10
3328,28
3329,1
3329,2
3329,5
3329,7
3329,8
3329,27
3330,1
3330,3
3330,4
3330,12
3330,25
3330,27
3331,1
3331,3
3331,4
3331,10
3331,13
3331,45
3332,1
3332,2
3332,3
3332,5
3332,10
3332,19
3333,1
3333,2
3333,3
3333,4
3333,5
3333,10
3334,3
3334,4
3334,12
3334,25
3335,1
3335,3
3335,5
3335,10
3336,3
3336,4
3336,12
3336,25
3336,36
3336,46
3337,1
3337,2
3337,10
3337,38
3338,1
3338,2
3338,3
3338,5
3338,13
3339,1
3339,3
3339,10
3339,27
3339,45
3340,1
3340,3
3340,4
3340,10
3340,17
3341,1
3341,2
3341,3
3341,5
3341,10
3341,30
3341,38
3342,1
3342,3
3342,4
3342,5
3342,10
3343,1
3343,2
3343,3
3343,5
3343,10
3343,24
3344,1
3344,2
3344,4
3344,5
3345,1
3345,2
3345,3
3345,5
3345,10
3345,38
3346,1
3346,2
3346,4
3346,5
3346,10
3346,24
3346,36
3347,3
3347,4
3347,5
3347,10
3348,1
3348,3
3348,4
3348,10
3348,39
3349,2
3349,4
3349,5
3349,10
3350,1
3350,3
3350,25
3350,38
3351,1
3351,3
3351,4
3351,12
3351,25
3351,36
3352,2
3352,3
3352,4
3352,5
3353,1
3353,3
3353,13
3353,45
3353,46
3353,47
3354,1
3354,3
3354,4
3354,10
3354,45
3354,46
3355,1
3355,2
3355,4
3355,5
3355,10
3355,36
3355,40
3356,1
3356,2
3356,5
3356,10
3356,34
3357,1
3357,3
3357,4
3357,35
3357,45
3357,46
3357,47
3358,1
3358,2
3358,3
3358,4
3358,5
3358,9
3358,10
3359,1
3359,3
3359,31
3359,45
3359,46
3360,2
3360,28
3360,36
3360,37
3361,2
3361,16
3361,24
3361,29
3361,37
3362,1
3362,2
3362,3
3362,4
3362,5
3362,10
3363,1
3363,3
3363,12
3363,36
3364,1
3364,2
3364,3
3364,5
3364,10
3364,38
3364,47
3365,1
3365,2
3365,3
3365,4
3365,5
3366,1
3366,2
3366,4
3366,10
3366,47
3367,3
3367,4
3367,10
3367,39
3367,45
3368,3
3368,4
3368,10
3368,39
3368,45
3369,3
3369,4
3369,10
3369,41
3369,45
3370,1
3370,2
3370,3
3370,4
3370,10
3371,1
3371,4
3371,45
3371,46
3371,47
3372,1
3372,2
3372,4
3372,10
3373,2
3373,4
3373,5
3373,10
3374,4
3374,5
3374,10
3374,36
3374,45
3375,1
3375,7
3375,8
3375,12
3375,26
3375,27
3376,1
3376,4
3376,45
3376,46
3376,47
3377,1
3377,3
3377,12
3377,25
3377,36
3378,1
3378,4
3378,12
3378,25
3378,36
3379,1
3379,4
3379,12
3379,25
3379,28
3379,36
3380,1
3380,2
3380,3
3380,10
3380,25
3380,38
3381,1
3381,3
3381,14
3381,45
3381,46
3381,47
3382,2
3382,28
3382,34
3382,37
3382,43
3383,2
3383,28
3383,34
3383,36
3383,37
3384,4
3384,45
3384,46
3384,47
3385,1
3385,3
3385,4
3385,12
3386,1
3386,3
3386,4
3386,16
3386,45
3386,46
3386,47
3387,1
3387,3
3387,4
3387,12
3387,25
3387,36
3387,37
3388,1
3388,2
3388,3
3388,4
3388,5
3388,10
3389,2
3389,7
3389,26
3389,27
3389,39
3390,1
3390,2
3390,3
3390,4
3390,5
3390,10
3391,1
3391,2
3391,34
3391,36
3391,37
3391,39
3392,1
3392,2
3392,3
3392,4
3392,5
3392,35
3393,1
3393,2
3393,3
3393,10
3393,21
3393,25
3393,38
3394,1
3394,2
3394,3
3394,10
3394,25
3394,38
3395,2
3395,3
3395,4
3395,5
3395,10
3396,1
3396,2
3396,4
3396,5
3396,6
3396,10
3396,36
3397,1
3397,2
3397,3
3397,38
3397,43
3398,3
3398,4
3398,12
3398,25
3398,36
3399,1
3399,3
3399,4
3399,10
3399,39
3399,45
3400,1
3400,3
3400,4
3400,46
3400,47
3401,1
3401,2
3401,3
3401,4
3402,1
3402,3
3402,4
3402,7
3402,47
3403,1
3403,3
3403,4
3403,11
3403,45
3403,47
3404,1
3404,2
3404,3
3404,5
3404,10
3404,38
3405,1
3405,2
3405,3
3405,10
3405,25
3405,38
3405,43
3406,1
3406,2
3406,7
3406,8
3406,27
3406,42
3407,2
3407,3
3407,5
3407,9
3407,10
3407,38
3408,1
3408,45
3408,46
3408,47
3409,1
3409,2
3409,3
3409,4
3409,5
3409,10
3410,1
3410,2
3410,4
3410,5
3410,10
3411,1
3411,2
3411,3
3411,25
3412,1
3412,4
3412,25
3412,36
3412,39
3413,1
3413,2
3413,5
3413,10
3413,20
3414,1
3414,2
3414,27
3414,28
3414,34
3414,36
3414,37
3415,1
3415,2
3415,28
3415,34
3415,36
3415,37
3415,38
3416,3
3416,4
3416,18
3416,46
3416,47
3417,1
3417,3
3417,4
3417,5
3417,10
3418,1
3418,2
3418,3
3418,4
3418,5
3418,8
3419,1
3419,2
3419,3
3419,10
3419,25
3419,38
3420,1
3420,2
3420,3
3420,4
3420,5
3420,10
3421,1
3421,2
3421,3
3421,4
3421,5
3421,10
3421,30
3422,2
3422,7
3422,8
3422,16
3422,26
3422,27
3423,1
3423,2
3423,3
3423,4
3423,5
3423,10
3423,36
3424,1
3424,3
3424,5
3424,6
3424,10
3425,1
3425,2
3425,3
3425,4
3425,5
3425,10
3425,35
3426,2
3426,3
3426,5
3426,10
3426,29
3427,1
3427,2
3427,8
3427,26
3428,2
3428,16
3428,22
3428,33
3429,1
3429,3
3429,4
3429,45
3429,46
3429,47
3430,1
3430,2
3430,6
3430,7
3430,27
3431,1
3431,2
3431,3
3431,4
3431,5
3432,1
3432,2
3432,7
3432,8
3432,26
3432,27
3432,28
3433,1
3433,4
3433,7
3433,25
3433,36
3434,1
3434,2
3434,4
3434,5
3434,10
3434,36
3435,1
3435,2
3435,3
3435,10
3435,17
3435,25
3435,38
3436,1
3436,3
3436,4
3436,20
3436,45
3436,46
3436,47
3437,1
3437,4
3437,12
3437,27
3437,36
3438,1
3438,2
3438,7
3438,8
3438,26
3438,27
3439,1
3439,3
3439,4
3439,10
3440,1
3440,2
3440,3
3440,5
3440,10
3440,29
3441,1
3441,2
3441,3
3441,10
3441,16
3441,25
3441,38
3442,1
3442,2
3442,3
3442,4
3442,5
3442,10
3442,29
3443,1
3443,3
3443,10
3443,38
3443,40
3444,2
3444,8
3444,26
3444,27
3445,1
3445,2
3445,3
3445,10
3445,17
3445,25
3445,38
3446,2
3446,27
3446,28
3446,36
3446,37
3447,1
3447,3
3447,10
3447,27
3447,39
3447,45
3448,1
3448,4
3448,12
3448,25
3448,31
3448,36
3449,1
3449,2
3449,3
3449,5
3449,10
3449,35
3449,38
3450,1
3450,3
3450,45
3450,46
3451,2
3451,3
3451,5
3451,7
3451,10
3452,1
3452,2
3452,4
3452,5
3452,10
3452,36
3453,1
3453,2
3453,4
3453,5
3453,10
3453,31
3453,36
3454,1
3454,3
3454,11
3454,45
3454,46
3454,47
3455,1
3455,2
3455,3
3455,5
3455,10
3455,16
3455,38
3456,1
3456,2
3456,3
3456,5
3456,10
3457,1
3457,2
3457,10
3457,30
3457,38
3458,1
3458,2
3458,3
3458,5
3458,10
3459,1
3459,4
3459,45
3459,47
3460,1
3460,2
3460,3
3460,4
3460,10
3460,32
3461,1
3461,4
3461,17
3461,46
3461,47
3462,1
3462,3
3462,4
3462,10
3462,13
3462,39
3463,1
3463,3
3463,4
3463,12
3463,36
3463,38
3464,1
3464,3
3464,4
3464,45
3464,46
3464,47
3465,1
3465,2
3465,4
3465,5
3465,10
3465,34
3466,1
3466,3
3466,4
3466,12
3466,25
3466,36
3467,1
3467,3
3467,4
3467,10
3467,15
3467,39
3467,45
3468,1
3468,2
3468,28
3468,34
3468,36
3468,37
3469,1
3469,3
3469,4
3469,10
3469,39
3469,45
3470,2
3470,5
3470,10
3470,38
3471,1
3471,3
3471,10
3471,25
3471,38
3472,1
3472,3
3472,4
3472,45
3472,46
3472,47
3473,1
3473,2
3473,3
3473,5
3473,10
3473,38
3474,1
3474,2
3474,3
3474,10
3475,1
3475,2
3475,28
3475,34
3475,36
3475,37
3475,40
3476,2
3476,11
3476,34
3476,36
3476,37
3477,1
3477,2
3477,3
3477,4
3477,5
3478,1
3478,3
3478,45
3478,46
3478,47
3479,1
3479,2
3479,3
3479,4
3479,5
3479,10
3479,37
3480,1
3480,2
3480,3
3480,4
3480,5
3480,6
3480,10
3481,1
3481,3
3481,4
3481,25
3481,36
3482,2
3482,4
3482,5
3482,10
3483,1
3483,4
3483,12
3483,25
3484,1
3484,2
3484,4
3484,5
3484,10
3484,21
3485,1
3485,34
3485,36
3485,37
3486,1
3486,3
3486,4
3486,45
3487,1
3487,3
3487,4
3487,26
3487,47
3488,1
3488,2
3488,3
3488,4
3488,10
3488,23
3489,1
3489,3
3489,5
3489,10
3489,22
3489,38
3490,1
3490,2
3490,3
3490,4
3490,5
3490,10
3490,30
3491,2
3491,3
3491,4
3491,5
3491,10
3492,1
3492,2
3492,3
3492,4
3492,5
3492,10
3493,1
3493,2
3493,3
3493,5
3493,10
3493,38
3494,1
3494,2
3494,4
3494,5
3495,1
3495,2
3495,28
3495,34
3495,36
3495,37
3496,1
3496,2
3496,3
3496,4
3496,10
3497,1
3497,2
3497,4
3497,10
3497,18
3498,1
3498,2
3498,3
3498,25
3498,38
3499,1
3499,5
3499,28
3499,34
3499,37
3500,1
3500,2
3500,3
3500,10
3501,1
3501,3
3501,4
3501,39
3502,1
3502,4
3502,5
3502,36
3502,39
3503,1
3503,2
3503,3
3503,4
3503,5
3503,10
3503,45
3504,1
3504,2
3504,3
3504,4
3504,5
3504,6
3504,10
3505,3
3505,4
3505,11
3505,12
3505,36
3506,1
3506,2
3506,3
3506,5
3506,10
3506,38
3507,1
3507,2
3507,3
3507,4
3507,5
3507,10
3507,45
3508,1
3508,2
3508,4
3508,5
3508,28
3508,36
3509,1
3509,2
3509,4
3509,5
3509,10
3510,1
3510,2
3510,3
3510,4
3510,5
3510,10
3511,1
3511,2
3511,4
3511,5
3511,7
3511,10
3511,36
3512,1
3512,2
3512,7
3512,8
3513,2
3513,3
3513,4
3513,5
3514,1
3514,3
3514,4
3514,10
3514,12
3514,39
3514,45
3515,1
3515,3
3515,4
3515,45
3515,47
3516,1
3516,3
3516,4
3516,12
3516,25
3516,36
3517,1
3517,3
3517,4
3517,12
3517,25
3518,1
3518,3
3518,4
3518,25
3518,35
3519,3
3519,10
3519,39
3519,42
3519,45
3520,1
3520,2
3520,3
3520,5
3520,10
3520,38
3521,1
3521,2
3521,3
3521,5
3521,10
3521,29
3521,38
3522,1
3522,2
3522,7
3522,8
3522,26
3522,27
3523,3
3523,5
3523,10
3523,38
3524,1
3524,2
3524,3
3524,4
3524,5
3524,10
3525,1
3525,3
3525,12
3525,25
3525,36
3526,2
3526,3
3526,5
3526,10
3526,38
3527,1
3527,3
3527,5
3527,45
3527,46
3527,47
3528,1
3528,2
3528,28
3528,34
3528,36
3528,37
3529,1
3529,3
3529,10
3529,18
3529,39
3530,1
3530,2
3530,3
3530,5
3530,10
3531,3
3531,4
3531,12
3531,25
3531,36
3532,1
3532,2
3532,3
3532,4
3532,5
3533,1
3533,2
3533,3
3533,5
3533,10
3533,38
3534,3
3534,4
3534,5
3534,10
3535,1
3535,2
3535,3
3535,4
3535,5
3535,6
3536,1
3536,4
3536,27
3536,45
3536,46
3536,47
3537,1
3537,2
3537,3
3537,10
3537,38
3537,47
3538,3
3538,4
3538,17
3538,45
3538,46
3538,47
3539,1
3539,4
3539,5
3539,10
3539,20
3540,1
3540,2
3540,3
3540,7
3540,10
3540,25
3540,38
3541,2
3541,3
3541,5
3541,10
3542,1
3542,3
3542,4
3542,35
3542,45
3542,46
3542,47
3543,1
3543,3
3543,4
3543,36
3544,1
3544,2
3544,4
3544,5
3544,10
3545,1
3545,2
3545,3
3545,4
3545,28
3546,3
3546,4
3546,33
3546,45
3546,47
3547,1
3547,2
3547,28
3547,34
3547,36
3547,37
3548,1
3548,3
3548,4
3548,12
3548,25
3548,36
3549,3
3549,4
3549,10
3549,39
3549,42
3549,45
3550,1
3550,2
3550,3
3550,5
3550,10
3550,19
3551,1
3551,2
3551,16
3551,22
3551,24
3551,33
3551,37
3552,3
3552,4
3552,42
3552,46
3552,47
3553,1
3553,2
3553,28
3553,34
3553,36
3553,37
3554,1
3554,4
3554,10
3554,36
3555,1
3555,2
3555,3
3555,4
3555,5
3555,10
3556,1
3556,2
3556,28
3556,34
3556,36
3556,37
3557,1
3557,2
3557,3
3557,4
3557,10
3557,41
3558,1
3558,2
3558,7
3558,27
3558,41
3559,1
3559,2
3559,28
3559,34
3559,36
3559,37
3560,1
3560,2
3560,3
3560,10
3560,25
3560,38
3561,1
3561,2
3561,4
3561,5
3561,10
3561,21
3562,2
3562,28
3562,34
3562,36
3562,42
3563,1
3563,3
3563,4
3563,43
3563,45
3563,46
3563,47
3564,1
3564,4
3564,25
3564,36
3565,1
3565,2
3565,3
3565,10
3565,25
3565,38
3566,1
3566,34
3566,36
3566,37
3567,1
3567,2
3567,7
3567,8
3567,26
3568,1
3568,8
3568,19
3568,26
3568,27
3569,1
3569,2
3569,4
3569,5
3569,10
3569,36
3570,1
3570,2
3570,3
3570,4
3570,5
3570,10
3571,2
3571,3
3571,4
3571,10
3571,15
3572,1
3572,2
3572,28
3572,34
3572,36
3572,37
3573,1
3573,2
3573,4
3573,5
3573,7
3573,10
3574,1
3574,10
3574,25
3574,38
3575,1
3575,2
3575,3
3575,5
3575,38
3576,1
3576,2
3576,28
3576,34
3576,36
3576,37
3576,47
3577,1
3577,2
3577,3
3577,25
3577,38
3578,2
3578,3
3578,4
3578,5
3578,8
3578,10
3579,1
3579,3
3579,4
3579,5
3579,46
3579,47
3580,1
3580,2
3580,3
3580,10
3580,25
3580,38
3580,45
3581,1
3581,2
3581,7
3581,8
3581,14
3581,26
3581,27
3582,1
3582,2
3582,3
3582,4
3582,5
3583,1
3583,2
3583,13
3583,34
3583,36
3583,37
3584,1
3584,2
3584,4
3584,10
3584,21
3584,36
3585,1
3585,2
3585,3
3585,5
3585,10
3585,38
3586,1
3586,3
3586,4
3586,45
3586,46
3586,47
3587,1
3587,2
3587,3
3587,4
3587,5
3587,10
3588,1
3588,2
3588,22
3588,33
3589,1
3589,3
3589,4
3589,45
3589,46
3589,47
3590,1
3590,2
3590,3
3590,4
3590,5
3590,10
3591,1
3591,2
3591,16
3591,22
3591,24
3591,33
3591,37
3592,1
3592,4
3592,12
3592,23
3592,25
3592,36
3593,2
3593,8
3593,26
3593,27
3594,1
3594,2
3594,10
3594,25
3594,44
3595,3
3595,45
3595,46
3595,47
3596,1
3596,2
3596,3
3596,4
3596,5
3596,10
3597,1
3597,2
3597,16
3597,33
3597,37
3598,1
3598,2
3598,7
3598,26
3598,41
3599,1
3599,2
3599,3
3599,4
3599,10
3600,1
3600,3
3600,4
3600,10
3600,11
3601,1
3601,2
3601,18
3601,28
3601,34
3601,36
3602,1
3602,28
3602,34
3602,36
3603,1
3603,3
3603,4
3603,34
3603,39
3603,45
3604,1
3604,2
3604,3
3604,5
3604,22
3604,38
3605,1
3605,2
3605,3
3605,4
3605,10
3605,28
3606,1
3606,2
3606,3
3606,10
3606,25
3606,38
3607,1
3607,2
3607,3
3607,4
3607,5
3607,10
3608,1
3608,3
3608,4
3608,45
3609,2
3609,3
3609,4
3609,5
3609,10
3609,32
3610,1
3610,2
3610,3
3610,4
3610,5
3610,10
3611,1
3611,2
3611,4
3611,5
3611,10
3611,33
3611,36
3612,1
3612,3
3612,4
3612,25
3612,36
3612,37
3613,2
3613,22
3613,24
3613,37
3614,2
3614,3
3614,5
3614,10
3615,1
3615,2
3615,3
3615,4
3615,5
3615,10
3615,33
3616,1
3616,2
3616,7
3616,8
3617,1
3617,2
3617,3
3617,4
3617,5
3617,10
3618,1
3618,2
3618,3
3618,4
3618,8
3618,10
3619,1
3619,2
3619,3
3619,4
3619,5
3619,10
3620,1
3620,2
3620,3
3620,5
3620,19
3620,38
3621,2
3621,4
3621,5
3621,10
3621,11
3621,36
3622,1
3622,2
3622,28
3622,37
3623,1
3623,2
3623,3
3623,4
3623,5
3623,10
3623,12
3624,2
3624,3
3624,4
3624,5
3624,7
3624,10
3625,1
3625,3
3625,45
3625,46
3626,1
3626,2
3626,28
3626,34
3626,36
3626,37
3627,1
3627,2
3627,3
3627,10
3627,18
3627,25
3627,38
3628,1
3628,3
3628,4
3628,10
3628,45
3629,1
3629,2
3629,3
3629,10
3630,1
3630,2
3630,7
3630,8
3630,26
3630,27
3630,44
3631,1
3631,2
3631,3
3631,4
3631,5
3631,10
3632,1
3632,2
3632,3
3632,4
3632,5
3633,1
3633,2
3633,28
3633,36
3633,37
3634,2
3634,4
3634,10
3634,36
3635,1
3635,3
3635,4
3635,45
3635,47
3636,1
3636,3
3636,4
3636,41
3636,45
3636,46
3636,47
3637,1
3637,2
3637,3
3637,10
3637,22
3637,25
3637,38
3638,3
3638,4
3638,12
3638,25
3638,36
3639,1
3639,2
3639,10
3639,24
3639,25
3640,1
3640,2
3640,3
3640,4
3640,5
3641,3
3641,4
3641,45
3641,46
3641,47
3642,2
3642,4
3642,10
3642,36
3643,3
3643,4
3643,10
3643,39
3643,45
3644,1
3644,2
3644,3
3644,5
3644,10
3644,38
3645,1
3645,4
3645,46
3645,47
3646,1
3646,10
3646,24
3646,39
3646,45
3647,1
3647,2
3647,28
3647,34
3648,1
3648,3
3648,4
3648,12
3648,36
3649,1
3649,3
3649,4
3649,14
3649,45
3650,1
3650,3
3650,4
3650,12
3650,21
3650,36
3651,1
3651,2
3651,16
3651,22
3651,24
3651,33
3651,37
3651,46
3652,1
3652,16
3652,22
3652,23
3652,24
3652,33
3652,37
3653,1
3653,4
3653,45
3653,46
3653,47
3654,1
3654,2
3654,3
3654,4
3654,5
3655,1
3655,4
3655,5
3655,10
3655,36
3656,1
3656,2
3656,3
3656,4
3656,5
3656,10
3657,4
3657,45
3657,46
3657,47
3658,1
3658,3
3658,5
3658,23
3658,38
3659,1
3659,2
3659,7
3659,21
3659,27
3660,3
3660,4
3660,10
3660,26
3660,39
3660,45
3661,2
3661,3
3661,4
3661,5
3661,8
3661,10
3662,1
3662,3
3662,4
3662,12
3662,25
3662,30
3662,36
3663,1
3663,2
3663,3
3663,5
3663,10
3664,1
3664,3
3664,4
3664,10
3664,39
3664,45
3665,3
3665,4
3665,5
3665,10
3665,31
3666,1
3666,3
3666,4
3666,45
3666,46
3666,47
3667,1
3667,16
3667,22
3667,33
3667,37
3668,1
3668,3
3668,4
3668,46
3668,47
3669,1
3669,2
3669,4
3669,5
3669,10
3670,2
3670,3
3670,4
3670,10
3671,1
3671,3
3671,4
3671,46
3671,47
3672,1
3672,4
3672,10
3672,39
3672,45
3673,1
3673,10
3673,25
3673,38
3673,46
3674,1
3674,2
3674,3
3674,4
3675,1
3675,2
3675,4
3675,5
3675,25
3675,36
3676,1
3676,2
3676,3
3676,4
3676,5
3676,41
3677,1
3677,4
3677,10
3677,33
3677,36
3678,2
3678,3
3678,10
3678,25
3678,38
3678,42
3679,1
3679,2
3679,10
3679,28
3679,34
3679,36
3679,37
3680,1
3680,2
3680,3
3680,4
3680,10
3680,28
3681,1
3681,3
3681,4
3681,5
3681,10
3682,1
3682,2
3682,28
3682,34
3682,36
3682,37
3683,3
3683,4
3683,12
3683,25
3683,30
3683,36
3684,1
3684,2
3684,3
3684,10
3684,25
3684,38
3685,1
3685,2
3685,8
3685,26
3686,1
3686,3
3686,4
3686,12
3686,25
3687,1
3687,28
3687,36
3687,37
3687,46
3688,1
3688,16
3688,24
3688,33
3688,37
3689,1
3689,4
3689,10
3689,35
3689,39
3689,45
3690,2
3690,3
3690,5
3690,10
3690,38
3691,1
3691,2
3691,3
3691,4
3691,5
3691,10
3692,1
3692,2
3692,3
3692,4
3693,1
3693,3
3693,4
3693,10
3693,39
3693,45
3694,1
3694,2
3694,3
3694,4
3694,5
3694,10
3694,45
3695,1
3695,2
3695,28
3695,34
3695,36
3695,37
3696,1
3696,14
3696,28
3696,34
3696,36
3696,37
3697,1
3697,2
3697,3
3697,10
3697,25
3697,36
3697,38
3698,1
3698,2
3698,3
3698,8
3698,10
3698,38
3699,1
3699,3
3699,5
3699,10
3700,1
3700,2
3700,3
3700,4
3700,5
3700,10
3701,2
3701,3
3701,4
3701,5
3701,10
3701,37
3702,1
3702,2
3702,3
3702,4
3702,10
3702,45
3703,1
3703,2
3703,5
3703,10
3704,1
3704,2
3704,3
3704,5
3704,10
3704,16
3705,1
3705,2
3705,3
3705,4
3705,5
3705,10
3705,17
3706,1
3706,34
3706,36
3706,37
3707,1
3707,2
3707,4
3707,5
3707,10
3707,30
3708,1
3708,2
3708,3
3708,5
3708,10
3708,25
3708,38
3709,1
3709,2
3709,10
3709,25
3709,37
3709,38
3710,1
3710,2
3710,3
3710,5
3710,10
3710,28
3710,38
3711,1
3711,2
3711,3
3711,5
3711,10
3712,1
3712,2
3712,3
3712,4
3712,5
3712,10
3713,1
3713,4
3713,12
3713,25
3713,36
3714,1
3714,18
3714,28
3714,36
3714,37
3715,1
3715,2
3715,4
3715,5
3716,1
3716,2
3716,23
3716,28
3716,34
3716,36
3716,37
3717,1
3717,2
3717,18
3717,28
3717,34
3717,37
3718,1
3718,3
3718,4
3718,28
3718,45
3718,47
3719,2
3719,28
3719,34
3719,37
3720,1
3720,3
3720,4
3720,13
3720,45
3720,47
3721,1
3721,7
3721,26
3721,27
3721,32
3722,1
3722,5
3722,10
3722,39
3722,45
3723,3
3723,4
3723,10
3723,45
3724,2
3724,3
3724,5
3724,10
3724,20
3724,38
3725,1
3725,2
3725,3
3725,10
3725,25
3726,1
3726,3
3726,5
3726,10
3727,2
3727,16
3727,22
3727,24
3727,33
3727,35
3728,1
3728,4
3728,29
3728,45
3728,46
3728,47
3729,3
3729,4
3729,34
3729,45
3729,46
3729,47
3730,1
3730,3
3730,4
3730,47
3731,1
3731,3
3731,46
3731,47
3732,1
3732,3
3732,4
3732,45
3732,47
3733,1
3733,2
3733,10
3733,36
3733,45
3734,1
3734,3
3734,45
3734,46
3734,47
3735,1
3735,3
3735,4
3735,12
3735,25
3735,36
3735,41
3736,1
3736,2
3736,3
3736,4
3736,5
3736,10
3737,1
3737,2
3737,3
3737,10
3737,25
3737,38
3738,1
3738,16
3738,22
3738,33
3738,37
3739,1
3739,2
3739,7
3739,8
3739,45
3740,1
3740,2
3740,3
3740,4
3740,5
3740,10
3740,33
3741,1
3741,2
3741,3
3741,5
3741,10
3741,41
3742,1
3742,3
3742,10
3742,13
3742,25
3742,38
3743,1
3743,2
3743,4
3743,10
3743,22
3744,1
3744,3
3744,4
3744,38
3744,46
3744,47
3745,1
3745,3
3745,4
3745,14
3745,45
3745,46
3745,47
3746,1
3746,7
3746,8
3746,26
3746,27
3746,29
3747,2
3747,3
3747,10
3747,25
3747,29
3748,28
3748,29
3748,34
3748,36
3748,37
3749,1
3749,2
3749,4
3749,5
3749,10
3749,36
3750,1
3750,2
3750,3
3750,10
3750,38
3750,46
3751,1
3751,2
3751,28
3751,36
3751,37
3752,2
3752,28
3752,34
3752,37
3752,43
3753,1
3753,3
3753,4
3753,10
3753,39
3753,45
3754,1
3754,2
3754,3
3754,10
3754,25
3754,34
3754,38
3755,1
3755,2
3755,3
3755,4
3755,5
3755,10
3755,24
3756,1
3756,3
3756,4
3756,44
3756,45
3756,46
3756,47
3757,2
3757,13
3757,28
3757,34
3757,36
3758,1
3758,2
3758,3
3758,4
3758,5
3758,10
3758,32
3759,1
3759,4
3759,5
3759,10
3760,1
3760,2
3760,5
3760,34
3760,36
3760,37
3761,1
3761,3
3761,4
3761,17
3761,47
3762,1
3762,16
3762,22
3762,24
3762,33
3762,37
3763,1
3763,2
3763,3
3763,4
3763,5
3764,1
3764,3
3764,4
3764,8
3764,10
3764,39
3764,45
3765,1
3765,2
3765,5
3765,24
3765,36
3766,1
3766,4
3766,5
3766,10
3767,4
3767,12
3767,25
3767,36
3768,1
3768,2
3768,3
3768,4
3768,5
3768,10
3769,1
3769,2
3769,7
3769,8
3769,27
3769,46
3770,1
3770,3
3770,4
3770,6
3770,39
3770,45
3771,2
3771,3
3771,5
3771,10
3771,36
3772,1
3772,2
3772,3
3772,4
3772,5
3772,10
3772,46
3773,1
3773,2
3773,4
3773,5
3773,10
3773,18
3773,36
3774,1
3774,29
3774,34
3774,36
3774,37
3775,28
3775,34
3775,36
3775,37
3776,1
3776,2
3776,7
3776,27
3777,1
3777,2
3777,3
3777,4
3777,5
3777,10
3777,44
3778,1
3778,4
3778,10
3778,39
3779,1
3779,3
3779,10
3779,39
3779,45
3780,1
3780,3
3780,11
3780,12
3780,25
3780,36
3781,1
3781,2
3781,3
3781,4
3781,5
3781,10
3781,45
3782,1
3782,2
3782,16
3782,22
3782,24
3782,37
3782,45
3783,1
3783,2
3783,3
3783,4
3783,5
3783,10
3783,11
3784,1
3784,2
3784,22
3784,33
3785,1
3785,3
3785,4
3785,12
3785,25
3785,36
3786,1
3786,3
3786,5
3786,10
3786,38
3787,2
3787,3
3787,10
3787,20
3787,25
3788,1
3788,3
3788,4
3788,12
3788,36
3789,2
3789,3
3789,4
3789,5
3789,10
3789,14
3790,1
3790,2
3790,3
3790,5
3790,10
3790,38
3791,1
3791,2
3791,4
3791,5
3791,10
3791,36
3792,1
3792,3
3792,4
3792,19
3792,45
3792,46
3792,47
3793,1
3793,2
3793,4
3793,5
3793,10
3793,11
3794,1
3794,2
3794,3
3794,5
3795,1
3795,2
3795,22
3795,24
3795,33
3795,37
3796,1
3796,12
3796,16
3796,22
3796,24
3796,33
3796,37
3797,2
3797,16
3797,28
3797,34
3797,36
3797,37
3798,1
3798,2
3798,5
3798,7
3798,8
3798,26
3798,27
3799,1
3799,2
3799,8
3799,27
3800,1
3800,3
3800,4
3800,45
3800,46
3800,47
3801,1
3801,3
3801,4
3801,10
3801,39
3801,45
3802,1
3802,3
3802,4
3802,39
3802,45
3803,1
3803,2
3803,12
3803,34
3803,36
3803,37
3804,1
3804,3
3804,4
3804,10
3804,45
3804,46
3804,47
3805,1
3805,2
3805,3
3805,4
3805,5
3805,10
3805,36
3806,1
3806,2
3806,16
3806,22
3806,24
3806,37
3807,2
3807,4
3807,7
3807,8
3807,26
3808,1
3808,2
3808,3
3808,4
3808,5
3808,10
3808,35
3809,1
3809,2
3809,3
3809,4
3809,5
3809,10
3809,19
3810,1
3810,2
3810,3
3810,4
3810,5
3810,10
3810,41
3811,3
3811,10
3811,25
3811,38
3812,1
3812,2
3812,3
3812,10
3813,1
3813,7
3813,14
3813,26
3813,27
3814,2
3814,3
3814,4
3814,39
3814,45
3815,1
3815,3
3815,4
3815,12
3815,14
3815,25
3815,36
3816,1
3816,2
3816,3
3816,4
3816,5
3817,1
3817,3
3817,5
3817,10
3818,1
3818,2
3818,14
3818,28
3818,34
3818,36
3818,37
3819,1
3819,2
3819,3
3819,4
3819,5
3819,10
3819,14
3820,1
3820,4
3820,10
3820,39
3820,45
3821,1
3821,3
3821,4
3821,12
3821,36
3822,1
3822,2
3822,3
3822,4
3822,5
3822,10
3823,1
3823,2
3823,3
3823,4
3823,5
3823,10
3824,1
3824,3
3824,4
3824,10
3824,37
3824,39
3824,45
3825,1
3825,2
3825,28
3825,34
3825,35
3825,36
3825,37
3826,1
3826,2
3826,3
3826,4
3826,5
3826,10
3827,1
3827,3
3827,10
3827,39
3827,45
3828,1
3828,2
3828,28
3828,34
3828,36
3828,37
3828,43
3829,1
3829,3
3829,10
3829,25
3829,38
3830,1
3830,2
3830,5
3830,10
3830,39
3831,1
3831,2
3831,5
3831,10
3831,39
3832,1
3832,2
3832,3
3832,12
3832,38
3833,3
3833,4
3833,5
3833,10
3834,1
3834,2
3834,21
3834,28
3834,34
3834,37
3835,1
3835,3
3835,4
3835,12
3835,18
3835,25
3836,1
3836,3
3836,4
3836,12
3836,25
3836,36
3837,1
3837,2
3837,3
3837,5
3837,10
3838,3
3838,10
3838,39
3838,45
3839,1
3839,2
3839,3
3839,4
3839,5
3839,10
3839,25
3840,2
3840,3
3840,5
3840,10
3840,28
3841,1
3841,2
3841,5
3841,10
3841,20
3842,1
3842,4
3842,5
3842,10
3842,17
3843,1
3843,2
3843,3
3843,4
3843,5
3843,10
3843,45
3844,2
3844,22
3844,24
3844,33
3844,37
3845,1
3845,3
3845,4
3845,33
3845,46
3845,47
3846,1
3846,3
3846,4
3846,37
3846,45
3847,1
3847,2
3847,3
3847,4
3847,5
3847,10
3848,1
3848,2
3848,3
3848,10
3848,25
3848,38
3849,1
3849,2
3849,3
3849,4
3849,5
3849,10
3849,37
3850,1
3850,2
3850,3
3850,4
3850,5
3850,10
3850,28
3851,1
3851,2
3851,3
3851,10
3851,25
3851,38
3852,1
3852,2
3852,28
3852,34
3852,36
3852,37
3853,1
3853,2
3853,4
3853,5
3853,10
3853,36
3854,1
3854,3
3854,10
3854,38
3855,1
3855,2
3855,3
3855,5
3855,10
3855,38
3856,2
3856,16
3856,22
3856,24
3856,33
3856,37
3857,1
3857,3
3857,4
3857,9
3857,12
3857,25
3857,36
3858,1
3858,16
3858,22
3858,24
3858,37
3859,1
3859,2
3859,3
3859,4
3859,5
3859,10
3860,1
3860,2
3860,3
3860,4
3860,5
3860,10
3860,30
3861,1
3861,3
3861,10
3861,38
3862,1
3862,3
3862,4
3862,10
3862,39
3862,41
3862,45
3863,1
3863,2
3863,4
3863,5
3863,36
3864,1
3864,2
3864,3
3864,5
3864,10
3865,3
3865,45
3865,46
3865,47
3866,4
3866,6
3866,10
3866,39
3866,45
3867,1
3867,3
3867,4
3867,12
3867,24
3867,25
3867,36
3868,1
3868,3
3868,25
3868,38
3869,1
3869,2
3869,7
3869,8
3869,26
3869,27
3870,1
3870,2
3870,34
3870,36
3870,37
3871,1
3871,3
3871,18
3871,45
3871,46
3871,47
3872,1
3872,2
3872,3
3872,4
3872,5
3872,10
3873,1
3873,3
3873,7
3873,10
3873,25
3873,38
3874,1
3874,2
3874,9
3874,10
3874,38
3875,1
3875,2
3875,3
3875,4
3875,5
3875,10
3875,24
3876,1
3876,2
3876,10
3876,25
3876,38
3877,1
3877,2
3877,3
3877,4
3877,5
3877,10
3878,1
3878,3
3878,4
3878,5
3878,34
3879,1
3879,2
3879,3
3879,5
3879,10
3879,38
3880,1
3880,3
3880,4
3880,10
3880,25
3880,39
3880,45
3881,3
3881,4
3881,46
3881,47
3882,10
3882,16
3882,22
3882,33
3882,37
3883,1
3883,2
3883,3
3883,4
3883,5
3883,10
3884,3
3884,4
3884,19
3884,46
3884,47
3885,2
3885,10
3885,16
3885,22
3885,33
3885,37
3886,1
3886,2
3886,3
3886,10
3886,35
3886,38
3887,1
3887,2
3887,3
3887,4
3887,5
3888,1
3888,2
3888,4
3888,5
3888,41
3889,1
3889,2
3889,34
3889,36
3889,37
3890,1
3890,2
3890,3
3890,10
3890,15
3890,25
3890,38
3891,1
3891,2
3891,29
3891,34
3891,36
3891,37
3892,1
3892,2
3892,7
3892,26
3892,27
3893,1
3893,2
3893,3
3893,10
3893,25
3894,1
3894,3
3894,4
3894,12
3894,25
3894,36
3895,1
3895,2
3895,4
3895,5
3895,10
3895,15
3895,36
3896,1
3896,2
3896,3
3896,4
3896,5
3896,10
3896,23
3897,2
3897,28
3897,34
3897,36
3897,37
3898,1
3898,2
3898,3
3898,4
3898,5
3898,10
3899,2
3899,3
3899,4
3899,10
3899,28
3900,1
3900,3
3900,4
3900,45
3900,46
3901,1
3901,3
3901,4
3901,10
3901,39
3901,45
3902,1
3902,2
3902,3
3902,5
3902,10
3903,1
3903,2
3903,3
3903,8
3903,10
3903,25
3903,38
3904,1
3904,3
3904,10
3904,38
3905,1
3905,2
3905,3
3905,10
3906,1
3906,2
3906,7
3906,8
3906,26
3906,27
3907,1
3907,3
3907,4
3907,5
3907,10
3908,1
3908,3
3908,4
3908,10
3908,19
3908,39
3908,45
3909,1
3909,2
3909,7
3909,26
3909,27
3909,31
3910,1
3910,3
3910,4
3910,10
3910,39
3911,1
3911,2
3911,3
3911,10
3911,25
3911,38
3912,2
3912,3
3912,5
3912,38
3913,1
3913,2
3913,3
3913,7
3913,8
3913,26
3913,27
3914,1
3914,4
3914,5
3914,10
3914,35
3914,36
3915,1
3915,2
3915,3
3915,10
3915,45
3916,1
3916,2
3916,16
3916,22
3916,24
3916,33
3917,1
3917,8
3917,26
3917,27
3918,1
3918,2
3918,34
3918,36
3919,1
3919,2
3919,3
3919,4
3919,5
3919,10
3920,1
3920,3
3920,4
3920,45
3920,46
3920,47
3921,1
3921,3
3921,4
3921,10
3921,31
3921,39
3921,45
3922,1
3922,2
3922,4
3922,10
3922,39
3923,1
3923,2
3923,3
3923,4
3923,5
3923,10
3924,1
3924,2
3924,3
3924,5
3924,10
3924,38
3925,1
3925,2
3925,3
3925,4
3925,5
3926,1
3926,2
3926,3
3926,5
3926,10
3926,38
3927,1
3927,4
3927,25
3927,36
3928,1
3928,4
3928,5
3928,10
3928,18
3928,36
3929,1
3929,2
3929,7
3929,8
3929,25
3929,26
3929,27
3930,1
3930,2
3930,5
3930,8
3930,10
3930,38
3931,1
3931,2
3931,3
3931,4
3931,5
3931,10
3932,1
3932,2
3932,16
3932,22
3932,24
3932,33
3932,37
3933,1
3933,3
3933,4
3933,45
3933,46
3933,47
3934,1
3934,2
3934,13
3934,28
3934,34
3934,36
3934,37
3935,1
3935,3
3935,4
3935,22
3935,45
3935,47
3936,1
3936,3
3936,4
3936,5
3936,10
3937,1
3937,3
3937,4
3937,7
3937,12
3937,25
3937,36
3938,1
3938,3
3938,4
3938,10
3938,39
3938,44
3938,45
3939,1
3939,2
3939,3
3939,4
3939,5
3939,10
3939,38
3940,1
3940,3
3940,10
3940,25
3940,34
3941,1
3941,2
3941,3
3941,4
3941,10
3941,47
3942,2
3942,28
3942,34
3942,36
3942,37
3943,1
3943,3
3943,4
3943,45
3943,46
3943,47
3944,1
3944,4
3944,45
3944,47
3945,1
3945,3
3945,4
3945,45
3946,1
3946,2
3946,7
3946,8
3946,27
3947,1
3947,2
3947,3
3947,5
3947,10
3947,34
3947,38
3948,1
3948,2
3948,7
3948,8
3948,26
3948,27
3948,28
3949,1
3949,2
3949,3
3949,5
3949,29
3950,3
3950,4
3950,25
3950,36
3951,1
3951,2
3951,34
3951,37
3951,47
3952,1
3952,2
3952,3
3952,4
3952,5
3952,10
3953,3
3953,4
3953,12
3953,36
3954,2
3954,4
3954,5
3954,10
3954,21
3954,36
3955,2
3955,4
3955,5
3955,10
3955,36
3956,1
3956,3
3956,4
3956,10
3956,13
3956,39
3956,45
3957,2
3957,3
3957,5
3957,10
3957,38
3957,39
3958,1
3958,2
3958,3
3958,4
3958,10
3959,1
3959,2
3959,7
3959,26
3959,27
3959,31
3960,1
3960,3
3960,4
3960,10
3960,39
3961,1
3961,2
3961,3
3961,5
3961,10
3961,18
3962,1
3962,3
3962,4
3962,45
3962,46
3962,47
3963,3
3963,4
3963,14
3963,39
3963,45
3964,1
3964,2
3964,3
3964,4
3964,5
3964,10
3964,43
3965,1
3965,7
3965,26
3965,27
3966,1
3966,2
3966,3
3966,10
3966,25
3966,38
3967,1
3967,2
3967,4
3967,5
3967,10
3967,24
3968,1
3968,2
3968,5
3968,10
3968,18
3968,36
3969,1
3969,2
3969,3
3969,10
3969,25
3970,16
3970,19
3970,22
3970,33
3970,37
3971,1
3971,12
3971,25
3971,35
3971,36
3972,1
3972,3
3972,12
3972,19
3972,25
3973,1
3973,3
3973,34
3973,45
3973,46
3973,47
3974,1
3974,2
3974,15
3974,16
3974,22
3974,24
3974,33
3974,37
3975,1
3975,2
3975,22
3975,24
3975,28
3975,33
3975,37
3976,2
3976,28
3976,36
3976,37
3977,1
3977,2
3977,3
3977,5
3977,25
3977,38
3978,1
3978,2
3978,3
3978,10
3978,25
3978,38
3979,1
3979,2
3979,3
3979,10
3979,25
3979,38
3980,1
3980,3
3980,4
3980,9
3980,45
3980,46
3980,47
3981,1
3981,2
3981,3
3981,4
3981,10
3981,20
3982,1
3982,4
3982,17
3982,39
3982,45
3983,1
3983,2
3983,3
3983,4
3983,5
3983,10
3983,24
3984,1
3984,4
3984,10
3984,39
3984,45
3985,3
3985,4
3985,12
3985,36
3985,39
3986,1
3986,2
3986,4
3986,5
3986,10
3986,22
3986,36
3987,1
3987,4
3987,18
3987,45
3987,47
3988,1
3988,7
3988,8
3988,26
3988,27
3989,1
3989,2
3989,3
3989,4
3989,5
3989,10
3989,24
3990,1
3990,3
3990,4
3990,5
3990,10
3990,13
3991,1
3991,3
3991,4
3991,39
3991,45
3992,1
3992,2
3992,4
3992,10
3993,1
3993,2
3993,3
3993,4
3993,5
3993,10
3994,1
3994,2
3994,16
3994,22
3994,33
3994,37
3995,1
3995,8
3995,26
3995,27
3996,1
3996,3
3996,45
3996,46
3996,47
3997,1
3997,2
3997,28
3997,36
3997,37
3998,1
3998,3
3998,5
3998,10
3999,2
3999,5
3999,28
3999,34
3999,36
3999,37
4000,1
4000,2
4000,12
4000,28
4000,34
4000,36
4000,37
4001,1
4001,3
4001,7
4001,45
4001,46
4001,47
4002,1
4002,3
4002,4
4002,9
4002,12
4002,25
4002,36
4003,1
4003,2
4003,4
4003,5
4003,10
4003,36
4004,1
4004,2
4004,3
4004,10
4004,25
4004,38
4005,1
4005,2
4005,4
4005,10
4005,32
4006,1
4006,2
4006,7
4006,8
4006,20
4006,26
4006,27
4007,1
4007,2
4007,3
4007,5
4008,1
4008,2
4008,3
4008,10
4009,1
4009,7
4009,8
4009,26
4010,3
4010,10
4010,25
4010,38
4010,44
4011,1
4011,4
4011,5
4011,10
4011,36
4012,1
4012,4
4012,12
4012,39
4012,45
4013,1
4013,3
4013,4
4013,25
4013,36
4014,1
4014,2
4014,3
4014,5
4014,23
4015,1
4015,3
4015,4
4015,46
4015,47
4016,1
4016,2
4016,4
4016,10
4016,23
4017,2
4017,34
4017,36
4017,37
4018,1
4018,3
4018,4
4018,10
4018,24
4018,39
4018,45
4019,28
4019,34
4019,36
4019,37
4020,2
4020,16
4020,33
4020,37
4021,1
4021,2
4021,16
4021,21
4021,22
4021,24
4021,33
4021,37
4022,1
4022,2
4022,16
4022,22
4023,2
4023,3
4023,4
4023,5
4023,10
4023,30
4024,1
4024,2
4024,7
4024,8
4024,22
4024,26
4025,1
4025,2
4025,4
4025,5
4025,10
4026,1
4026,2
4026,4
4026,5
4027,1
4027,3
4027,4
4027,10
4027,30
4027,39
4027,45
4028,1
4028,3
4028,4
4028,10
4028,21
4028,39
4028,45
4029,1
4029,12
4029,25
4029,36
4030,2
4030,3
4030,4
4030,5
4030,20
4031,1
4031,2
4031,7
4031,8
4031,26
4031,27
4032,1
4032,25
4032,28
4032,34
4032,36
4032,37
4033,3
4033,4
4033,5
4033,10
4034,1
4034,2
4034,3
4034,10
4034,25
4034,38
4035,1
4035,3
4035,12
4035,25
4035,30
4036,2
4036,3
4036,4
4036,5
4037,1
4037,2
4037,3
4037,10
4037,25
4037,28
4037,38
4038,1
4038,3
4038,4
4038,6
4038,45
4038,46
4039,1
4039,4
4039,10
4039,31
4039,39
4039,45
4040,1
4040,2
4040,3
4040,10
4040,25
4040,38
4040,40
4041,1
4041,3
4041,12
4041,25
4042,1
4042,4
4042,24
4042,45
4042,46
4042,47
4043,1
4043,2
4043,4
4043,5
4043,34
4043,36
4044,1
4044,3
4044,4
4044,10
4044,39
4044,45
4045,1
4045,2
4045,3
4045,5
4045,13
4046,1
4046,2
4046,4
4046,5
4047,1
4047,3
4047,4
4047,7
4047,45
4047,46
4048,2
4048,34
4048,36
4048,37
4049,1
4049,2
4049,3
4049,4
4049,5
4049,10
4050,3
4050,5
4050,10
4050,38
4050,40
4051,1
4051,2
4051,3
4051,5
4051,10
4051,38
4052,1
4052,2
4052,7
4052,8
4052,26
4052,27
4053,1
4053,3
4053,4
4053,21
4053,45
4053,47
4054,1
4054,2
4054,3
4054,5
4054,10
4055,1
4055,2
4055,3
4055,5
4055,10
4055,36
4055,38
4056,1
4056,2
4056,7
4056,8
4056,26
4056,27
4057,1
4057,2
4057,28
4057,34
4057,36
4057,37
4058,1
4058,2
4058,4
4058,5
4058,7
4058,10
4059,1
4059,2
4059,3
4059,4
4059,5
4059,10
4060,1
4060,2
4060,23
4060,34
4060,36
4060,37
4061,1
4061,3
4061,4
4061,12
4061,25
4061,34
4061,36
4062,1
4062,2
4062,4
4062,5
4062,10
4062,36
4063,1
4063,2
4063,3
4063,5
4063,10
4063,22
4063,38
4064,2
4064,3
4064,10
4064,25
4064,26
4065,1
4065,3
4065,5
4065,10
4066,2
4066,28
4066,34
4066,36
4066,37
4067,1
4067,2
4067,28
4067,32
4067,34
4067,36
4068,1
4068,3
4068,4
4068,10
4068,45
4068,46
4069,1
4069,3
4069,4
4069,10
4069,39
4069,45
4070,1
4070,3
4070,4
4070,12
4070,14
4070,25
4070,36
4071,1
4071,3
4071,4
4071,5
4071,45
4071,46
4072,1
4072,2
4072,3
4072,4
4072,5
4072,10
4073,1
4073,16
4073,22
4073,24
4073,33
4073,37
4074,1
4074,2
4074,16
4074,22
4074,24
4074,33
4074,37
4075,1
4075,2
4075,3
4075,4
4075,47
4076,1
4076,2
4076,4
4076,5
4076,36
4077,1
4077,2
4077,10
4077,38
4077,39
4078,1
4078,3
4078,5
4078,6
4078,38
4079,1
4079,2
4079,3
4079,10
4079,38
4080,1
4080,3
4080,4
4080,10
4080,39
4080,45
4081,1
4081,3
4081,4
4081,10
4081,24
4081,39
4081,45
4082,1
4082,3
4082,4
4082,45
4082,46
4082,47
4083,1
4083,3
4083,4
4083,45
4084,1
4084,4
4084,42
4084,46
4084,47
4085,1
4085,2
4085,4
4085,5
4085,10
4086,3
4086,4
4086,10
4086,39
4086,45
4087,1
4087,2
4087,7
4087,8
4087,27
4088,1
4088,3
4088,4
4088,12
4088,20
4088,25
4088,36
4089,1
4089,2
4089,3
4089,8
4089,10
4090,1
4090,2
4090,3
4090,5
4090,10
4090,38
4091,1
4091,2
4091,16
4091,22
4091,24
4091,37
4091,39
4092,2
4092,7
4092,26
4092,27
4093,1
4093,2
4093,10
4093,24
4093,37
4094,1
4094,3
4094,4
4094,10
4094,39
4094,45
4095,1
4095,3
4095,4
4095,15
4095,47
4096,1
4096,3
4096,4
4096,46
4096,47
4097,1
4097,3
4097,4
4097,36
4098,1
4098,4
4098,25
4098,36
4099,1
4099,3
4099,4
4099,5
4099,10
4100,1
4100,3
4100,4
4100,10
4100,31
4100,39
4100,45
4101,1
4101,2
4101,3
4101,10
4101,42
4102,1
4102,2
4102,3
4102,10
4102,25
4102,38
4103,1
4103,3
4103,4
4103,12
4103,25
4103,33
4104,1
4104,3
4104,4
4104,10
4104,15
4104,39
4105,1
4105,2
4105,4
4105,5
4105,10
4105,36
4105,38
4106,1
4106,2
4106,4
4106,16
4106,22
4106,33
4106,37
4107,1
4107,2
4107,3
4107,4
4107,5
4107,8
4107,10
4108,1
4108,2
4108,3
4108,5
4108,6
4108,10
4108,38
4109,1
4109,3
4109,4
4109,45
4109,46
4109,47
4110,1
4110,2
4110,3
4110,5
4110,10
4111,1
4111,2
4111,7
4111,8
4111,9
4111,26
4111,27
4112,1
4112,4
4112,46
4112,47
4113,1
4113,3
4113,4
4113,12
4113,25
4113,36
4114,1
4114,2
4114,8
4114,10
4114,38
4115,1
4115,2
4115,16
4115,22
4115,24
4115,33
4115,37
4116,1
4116,3
4116,4
4116,45
4116,46
4116,47
4117,1
4117,2
4117,3
4117,4
4117,5
4117,10
4118,2
4118,3
4118,25
4118,38
4118,43
4119,1
4119,3
4119,20
4119,46
4119,47
4120,1
4120,2
4120,8
4120,26
4120,27
4121,1
4121,2
4121,3
4121,4
4121,5
4121,10
4122,1
4122,3
4122,4
4122,10
4122,35
4122,39
4123,1
4123,2
4123,3
4123,4
4123,10
4124,1
4124,3
4124,4
4124,12
4124,25
4124,36
4125,1
4125,28
4125,34
4125,36
4126,1
4126,3
4126,4
4126,45
4126,46
4126,47
4127,1
4127,3
4127,4
4127,5
4127,10
4128,1
4128,3
4128,36
4128,45
4128,46
4128,47
4129,1
4129,2
4129,16
4129,20
4129,22
4130,1
4130,2
4130,20
4130,34
4130,36
4131,1
4131,3
4131,4
4131,5
4131,10
4131,23
4132,2
4132,4
4132,5
4132,10
4132,28
4133,1
4133,2
4133,3
4133,10
4133,11
4133,25
4133,38
4134,1
4134,2
4134,10
4134,25
4135,1
4135,2
4135,4
4135,5
4135,10
4136,1
4136,3
4136,4
4136,10
4136,12
4136,36
4137,2
4137,4
4137,5
4137,10
4137,36
4138,2
4138,15
4138,34
4138,36
4138,37
4139,1
4139,2
4139,4
4139,5
4139,10
4139,16
4140,1
4140,3
4140,4
4140,10
4140,39
4140,47
4141,3
4141,10
4141,25
4141,38
4142,1
4142,3
4142,4
4142,10
4142,39
4142,45
4143,1
4143,3
4143,4
4143,23
4143,45
4143,46
4143,47
4144,1
4144,2
4144,7
4144,27
4145,1
4145,3
4145,10
4145,30
4145,38
4146,3
4146,4
4146,5
4146,10
4146,38
4147,2
4147,3
4147,4
4147,10
4147,31
4148,1
4148,3
4148,4
4148,12
4148,36
4149,1
4149,2
4149,3
4149,10
4149,32
4150,1
4150,4
4150,5
4150,10
4150,36
4151,1
4151,2
4151,5
4151,10
4151,46
4152,1
4152,4
4152,33
4152,45
4152,47
4153,1
4153,2
4153,3
4153,5
4153,10
4154,3
4154,4
4154,12
4154,25
4154,36
4154,41
4155,1
4155,2
4155,16
4155,22
4155,24
4155,33
4155,37
4156,1
4156,2
4156,7
4156,8
4156,20
4156,26
4156,27
4157,1
4157,2
4157,3
4157,5
4157,10
4157,37
4158,1
4158,2
4158,13
4158,28
4158,34
4158,37
4159,1
4159,2
4159,7
4159,8
4159,26
4159,27
4159,47
4160,1
4160,3
4160,12
4160,25
4160,36
4161,1
4161,3
4161,45
4161,46
4162,1
4162,2
4162,10
4162,25
4162,38
4163,1
4163,2
4163,16
4163,22
4163,24
4163,37
4164,1
4164,2
4164,3
4164,4
4164,5
4164,10
4164,24
4165,1
4165,2
4165,4
4165,5
4165,10
4165,36
4166,1
4166,2
4166,5
4166,10
4166,38
4166,40
4167,1
4167,3
4167,4
4167,45
4167,46
4167,47
4168,1
4168,3
4168,4
4168,10
4168,45
4169,1
4169,3
4169,4
4169,12
4169,25
4169,36
4169,45
4170,1
4170,3
4170,4
4170,45
4170,46
4170,47
4171,1
4171,2
4171,7
4171,26
4172,1
4172,4
4172,5
4172,10
4172,36
4172,45
4173,1
4173,3
4173,4
4173,10
4173,39
4173,45
4174,1
4174,2
4174,28
4174,34
4174,36
4174,37
4175,1
4175,2
4175,3
4175,10
4175,21
4175,25
4176,1
4176,2
4176,3
4176,4
4176,5
4176,10
4176,31
4177,1
4177,2
4177,3
4177,4
4177,6
4178,1
4178,3
4178,4
4178,43
4178,46
4179,2
4179,7
4179,8
4179,26
4179,27
4180,1
4180,3
4180,10
4180,39
4180,45
4181,1
4181,2
4181,3
4181,7
4181,10
4181,38
4182,1
4182,2
4182,3
4182,4
4182,5
4182,10
4182,42
4183,1
4183,2
4183,4
4183,10
4184,2
4184,10
4184,23
4184,25
4184,38
4185,1
4185,2
4185,3
4185,10
4185,17
4185,25
4185,38
4186,1
4186,2
4186,3
4186,5
4186,10
4186,38
4187,1
4187,3
4187,45
4187,46
4187,47
4188,4
4188,12
4188,25
4188,36
4188,42
4189,4
4189,5
4189,10
4189,36
4190,12
4190,16
4190,22
4190,24
4190,33
4190,37
4191,1
4191,10
4191,25
4191,38
4192,1
4192,4
4192,5
4192,10
4192,12
4193,1
4193,2
4193,3
4193,4
4193,5
4193,10
4193,35
4194,1
4194,3
4194,10
4194,25
4195,1
4195,2
4195,3
4195,5
4195,10
4196,1
4196,3
4196,46
4196,47
4197,1
4197,2
4197,4
4197,5
4197,10
4197,13
4197,36
4198,1
4198,3
4198,10
4198,25
4199,1
4199,2
4199,3
4199,4
4199,5
4199,10
4200,1
4200,3
4200,4
4200,12
4200,25
4200,36
4201,1
4201,3
4201,4
4201,10
4202,1
4202,2
4202,3
4202,4
4202,5
4202,10
4202,25
4203,1
4203,3
4203,4
4203,36
4204,1
4204,23
4204,45
4204,46
4204,47
4205,1
4205,2
4205,28
4205,34
4205,36
4205,37
4206,1
4206,2
4206,7
4206,8
4206,10
4206,26
4206,27
4207,1
4207,3
4207,4
4207,10
4207,24
4207,39
4207,45
4208,1
4208,2
4208,5
4208,10
4208,47
4209,4
4209,36
4209,45
4209,46
4209,47
4210,1
4210,2
4210,3
4210,4
4210,5
4210,10
4210,12
4211,1
4211,2
4211,3
4211,10
4211,25
4211,38
4212,1
4212,2
4212,7
4212,8
4212,23
4212,26
4212,27
4213,1
4213,3
4213,4
4213,45
4213,46
4213,47
4214,1
4214,4
4214,10
4214,39
4214,45
4215,1
4215,2
4215,3
4215,5
4215,10
4215,38
4215,44
4216,1
4216,2
4216,4
4216,10
4216,17
4217,1
4217,2
4217,5
4217,10
4217,37
4218,1
4218,2
4218,4
4218,5
4218,10
4219,1
4219,3
4219,4
4219,5
4219,10
4219,33
4220,1
4220,3
4220,4
4220,45
4220,46
4220,47
4221,1
4221,2
4221,3
4221,20
4221,38
4222,1
4222,4
4222,12
4222,36
4223,1
4223,2
4223,3
4223,4
4223,5
4223,10
4223,34
4224,1
4224,3
4224,5
4224,10
4224,26
4225,1
4225,3
4225,4
4225,10
4225,45
4226,1
4226,2
4226,3
4226,4
4226,5
4226,10
4227,1
4227,3
4227,4
4227,15
4227,45
4227,46
4228,2
4228,28
4228,34
4228,36
4228,37
4229,3
4229,4
4229,12
4229,25
4230,1
4230,3
4230,12
4230,36
4231,1
4231,3
4231,4
4231,5
4231,10
4232,1
4232,2
4232,5
4232,10
4233,2
4233,3
4233,5
4233,10
4233,38
4234,3
4234,4
4234,39
4234,45
4235,1
4235,2
4235,3
4235,4
4235,25
4235,36
4236,2
4236,7
4236,8
4236,26
4236,44
4237,1
4237,2
4237,10
4237,16
4237,36
4238,2
4238,3
4238,5
4238,10
4238,21
4238,38
4239,1
4239,2
4239,7
4239,8
4239,26
4239,27
4240,1
4240,2
4240,4
4240,5
4240,10
4240,31
4241,1
4241,2
4241,3
4241,10
4242,1
4242,2
4242,31
4242,36
4242,37
4243,2
4243,16
4243,22
4243,24
4243,37
4244,1
4244,2
4244,3
4244,4
4244,5
4244,10
4244,25
4245,1
4245,2
4245,10
4245,38
4246,2
4246,25
4246,28
4246,34
4246,36
4246,37
4247,2
4247,16
4247,33
4247,37
4248,1
4248,3
4248,4
4248,10
4248,39
4248,45
4249,1
4249,4
4249,5
4249,10
4249,32
4249,36
4250,1
4250,3
4250,4
4250,8
4250,25
4251,1
4251,3
4251,4
4251,10
4251,39
4251,45
4252,1
4252,2
4252,3
4252,4
4252,42
4253,3
4253,5
4253,10
4253,38
4253,40
4254,2
4254,3
4254,5
4254,10
4254,46
4255,1
4255,3
4255,12
4255,21
4255,25
4255,36
4256,1
4256,2
4256,3
4256,5
4256,10
4256,23
4257,1
4257,2
4257,3
4257,5
4257,24
4257,38
4258,1
4258,2
4258,4
4258,5
4259,1
4259,3
4259,4
4259,16
4259,45
4259,46
4259,47
4260,1
4260,7
4260,26
4260,27
4261,1
4261,2
4261,3
4261,4
4261,5
4261,10
4262,2
4262,3
4262,4
4262,5
4263,1
4263,4
4263,23
4263,45
4263,46
4263,47
4264,1
4264,2
4264,3
4264,5
4264,38
4265,1
4265,3
4265,4
4265,45
4266,3
4266,4
4266,5
4266,10
4267,3
4267,10
4267,17
4267,39
4267,45
4268,1
4268,2
4268,3
4268,4
4268,5
4268,10
4269,1
4269,2
4269,3
4269,4
4269,5
4269,10
4270,1
4270,3
4270,4
4270,10
4270,18
4270,39
4270,45
4271,2
4271,3
4271,4
4271,5
4271,21
4272,1
4272,2
4272,4
4272,36
4273,1
4273,2
4273,18
4273,34
4273,36
4273,37
4274,1
4274,5
4274,10
4274,36
4274,37
4275,1
4275,2
4275,3
4275,10
4275,25
4275,38
4275,40
4276,1
4276,2
4276,7
4276,8
4276,11
4276,27
4277,2
4277,3
4277,5
4277,10
4278,1
4278,3
4278,4
4278,45
4278,46
4278,47
4279,1
4279,2
4279,28
4279,32
4279,34
4279,36
4279,37
4280,1
4280,3
4280,5
4280,10
4281,1
4281,2
4281,28
4281,34
4281,37
4282,1
4282,2
4282,16
4282,22
4282,24
4282,33
4282,37
4283,2
4283,7
4283,28
4283,34
4283,37
4284,1
4284,2
4284,3
4284,10
4284,25
4284,38
4285,1
4285,2
4285,7
4285,8
4285,26
4285,27
4286,1
4286,2
4286,9
4286,28
4286,34
4286,36
4287,1
4287,3
4287,10
4287,25
4287,38
4288,1
4288,2
4288,28
4288,34
4288,36
4288,37
4289,1
4289,2
4289,3
4289,4
4289,5
4289,10
4289,24
4290,1
4290,3
4290,4
4290,24
4290,45
4290,46
4290,47
4291,1
4291,2
4291,10
4291,25
4292,1
4292,3
4292,4
4292,8
4292,39
4292,45
4293,1
4293,4
4293,5
4293,10
4293,16
4294,1
4294,2
4294,7
4294,8
4294,26
4294,27
4295,7
4295,8
4295,26
4295,27
4296,1
4296,2
4296,4
4296,10
4296,36
4297,1
4297,3
4297,4
4297,39
4297,45
4298,1
4298,3
4298,10
4298,39
4298,45
4299,1
4299,2
4299,3
4299,4
4299,5
4299,10
4300,1
4300,2
4300,3
4300,4
4300,5
4300,10
4301,1
4301,2
4301,3
4301,4
4301,10
4302,1
4302,2
4302,3
4302,4
4302,5
4302,10
4303,1
4303,3
4303,4
4303,45
4304,1
4304,2
4304,8
4304,27
4305,2
4305,3
4305,4
4305,5
4306,2
4306,7
4306,8
4306,24
4306,26
4306,27
4307,1
4307,2
4307,28
4307,34
4307,36
4307,37
4308,1
4308,2
4308,3
4308,4
4308,5
4308,10
4308,13
4309,1
4309,4
4309,5
4309,10
4310,1
4310,4
4310,12
4310,16
4310,36
4311,3
4311,4
4311,45
4311,46
4311,47
4312,2
4312,16
4312,29
4312,33
4312,37
4313,1
4313,4
4313,11
4313,12
4313,25
4313,36
4314,1
4314,3
4314,4
4314,12
4314,25
4314,36
4315,1
4315,3
4315,10
4315,25
4315,38
4316,2
4316,4
4316,5
4316,6
4316,10
4316,36
4317,1
4317,2
4317,3
4317,5
4317,10
4317,28
4317,38
4318,1
4318,7
4318,8
4318,26
4319,2
4319,4
4319,5
4319,10
4319,38
4320,1
4320,3
4320,5
4320,10
4320,38
4321,3
4321,4
4321,10
4321,39
4322,1
4322,2
4322,8
4322,26
4322,27
4323,4
4323,12
4323,25
4323,36
4324,1
4324,3
4324,10
4324,25
4324,38
4325,3
4325,4
4325,46
4325,47
4326,1
4326,2
4326,22
4326,24
4326,33
4326,37
4327,1
4327,3
4327,4
4327,10
4327,45
4328,1
4328,2
4328,3
4328,5
4328,10
4328,18
4328,38
4329,1
4329,3
4329,45
4329,46
4329,47
4330,1
4330,3
4330,4
4330,45
4330,46
4330,47
4331,1
4331,4
4331,33
4331,46
4331,47
4332,1
4332,2
4332,3
4332,10
4332,22
4332,25
4332,38
4333,1
4333,2
4333,3
4333,4
4333,5
4333,10
4334,1
4334,4
4334,5
4334,10
4334,25
4335,1
4335,2
4335,3
4335,10
4335,25
4335,38
4336,1
4336,2
4336,3
4336,4
4336,5
4336,10
4336,38
4337,1
4337,2
4337,3
4337,5
4337,10
4338,1
4338,2
4338,3
4338,5
4338,10
4338,38
4339,2
4339,3
4339,5
4339,10
4340,1
4340,2
4340,3
4340,4
4340,5
4340,10
4340,23
4341,1
4341,3
4341,4
4341,39
4342,1
4342,2
4342,3
4342,4
4342,5
4342,10
4342,27
4343,1
4343,3
4343,4
4343,40
4343,45
4343,47
4344,1
4344,2
4344,4
4344,5
4344,10
4344,30
4345,1
4345,4
4345,39
4345,45
4345,46
4346,1
4346,3
4346,4
4346,45
4346,46
4346,47
4347,1
4347,4
4347,10
4347,29
4347,39
4347,45
4348,28
4348,34
4348,36
4348,37
4349,1
4349,3
4349,4
4349,12
4349,25
4350,1
4350,2
4350,28
4350,34
4350,36
4350,37
4351,2
4351,4
4351,5
4351,10
4351,36
4352,1
4352,2
4352,4
4352,5
4352,11
4353,1
4353,2
4353,3
4353,4
4353,5
4353,10
4353,36
4354,1
4354,2
4354,3
4354,5
4355,1
4355,2
4355,7
4355,8
4355,26
4355,27
4356,1
4356,2
4356,3
4356,5
4356,10
4357,1
4357,3
4357,4
4357,12
4357,36
4358,1
4358,2
4358,28
4358,34
4358,36
4358,37
4359,1
4359,2
4359,7
4359,8
4359,26
4360,1
4360,2
4360,3
4360,4
4360,5
4360,10
4361,1
4361,3
4361,4
4361,10
4361,39
4361,45
4362,1
4362,2
4362,3
4362,4
4362,5
4362,10
4363,1
4363,2
4363,4
4363,5
4363,6
4364,1
4364,3
4364,4
4364,31
4364,45
4364,46
4364,47
4365,3
4365,4
4365,38
4365,39
4365,45
4366,2
4366,5
4366,10
4366,35
4366,36
4367,1
4367,2
4367,8
4367,26
4367,27
4368,2
4368,4
4368,5
4368,10
4368,39
4369,1
4369,2
4369,3
4369,10
4369,25
4369,38
4370,1
4370,2
4370,3
4370,4
4370,5
4370,10
4370,26
4371,2
4371,3
4371,4
4371,5
4372,1
4372,3
4372,4
4372,10
4372,22
4372,39
4372,45
4373,1
4373,2
4373,3
4373,5
4373,10
4374,1
4374,2
4374,19
4374,28
4374,34
4375,1
4375,16
4375,22
4375,24
4375,33
4375,37
4376,1
4376,3
4376,4
4376,30
4376,45
4376,46
4376,47
4377,1
4377,2
4377,28
4377,36
4377,37
4377,39
4378,1
4378,2
4378,3
4378,5
4378,17
4379,2
4379,3
4379,4
4379,5
4379,10
4379,38
4380,2
4380,3
4380,4
4380,5
4381,1
4381,2
4381,3
4381,10
4381,25
4382,1
4382,3
4382,4
4382,12
4382,25
4382,36
4383,1
4383,4
4383,12
4383,36
4384,1
4384,7
4384,26
4384,27
4385,1
4385,3
4385,8
4385,10
4385,25
4385,38
4386,1
4386,2
4386,19
4386,28
4386,34
4386,36
4386,37
4387,1
4387,2
4387,3
4387,5
4388,1
4388,2
4388,3
4388,4
4388,5
4388,38
4389,1
4389,2
4389,3
4389,4
4389,10
4389,43
4390,1
4390,4
4390,45
4390,46
4391,1
4391,3
4391,4
4391,10
4391,39
4391,44
4391,45
4392,1
4392,2
4392,3
4392,4
4392,5
4392,10
4393,3
4393,45
4393,46
4393,47
4394,2
4394,3
4394,8
4394,10
4394,38
4395,1
4395,2
4395,3
4395,4
4395,5
4395,10
4396,1
4396,3
4396,4
4396,45
4397,1
4397,2
4397,4
4397,10
4397,47
4398,1
4398,2
4398,7
4398,8
4398,26
4398,27
4399,2
4399,3
4399,4
4399,5
4400,1
4400,12
4400,25
4400,35
4400,36
4401,2
4401,3
4401,4
4401,10
4402,1
4402,2
4402,16
4402,19
4402,22
4402,24
4402,33
4402,37
4403,1
4403,2
4403,3
4403,5
4404,1
4404,2
4404,3
4404,4
4404,5
4404,10
4405,1
4405,3
4405,4
4405,12
4405,15
4405,25
4405,36
4406,1
4406,2
4406,3
4406,4
4406,5
4406,10
4407,1
4407,3
4407,10
4407,39
4407,45
4408,1
4408,2
4408,3
4408,4
4408,5
4409,2
4409,7
4409,8
4409,26
4409,27
4410,1
4410,3
4410,4
4410,45
4410,46
4410,47
4411,1
4411,4
4411,10
4411,39
4411,45
4412,1
4412,2
4412,3
4412,4
4412,10
4412,35
4413,1
4413,2
4413,3
4413,4
4413,5
4413,10
4414,1
4414,2
4414,3
4414,4
4414,5
4414,10
4415,1
4415,3
4415,4
4415,25
4415,46
4415,47
4416,1
4416,4
4416,5
4416,10
4417,1
4417,3
4417,4
4417,10
4417,40
4418,1
4418,2
4418,3
4418,5
4418,10
4418,15
4418,38
4419,1
4419,3
4419,4
4419,12
4419,25
4419,36
4420,2
4420,3
4420,5
4420,12
4420,38
4421,1
4421,2
4421,3
4421,4
4421,5
4421,40
4422,1
4422,3
4422,45
4422,46
4423,1
4423,3
4423,4
4423,5
4423,10
4423,13
4424,1
4424,2
4424,3
4424,10
4424,25
4424,38
4425,1
4425,3
4425,4
4425,20
4425,45
4426,2
4426,7
4426,8
4426,27
4427,1
4427,2
4427,4
4427,5
4427,10
4427,22
4428,1
4428,3
4428,4
4428,5
4428,10
4428,18
4429,2
4429,3
4429,4
4429,5
4429,10
4429,26
4430,1
4430,14
4430,28
4430,36
4430,37
4431,1
4431,3
4431,4
4431,12
4431,36
4431,42
4432,2
4432,16
4432,28
4432,34
4432,36
4432,37
4433,1
4433,2
4433,3
4433,4
4433,5
4433,10
4434,1
4434,28
4434,36
4434,37
4434,43
4435,1
4435,3
4435,4
4435,5
4435,45
4435,46
4436,1
4436,3
4436,20
4436,39
4436,45
4437,1
4437,3
4437,4
4437,10
4437,39
4437,45
4438,1
4438,3
4438,5
4438,10
4439,1
4439,4
4439,10
4439,22
4439,39
4440,1
4440,2
4440,3
4440,5
4440,10
4440,14
4440,38
4441,1
4441,2
4441,3
4441,14
4441,25
4441,38
4442,1
4442,2
4442,3
4442,4
4442,5
4442,10
4443,1
4443,4
4443,10
4443,39
4443,42
4443,45
4444,1
4444,4
4444,12
4444,25
4444,36
4445,1
4445,2
4445,3
4445,4
4445,5
4445,10
4446,1
4446,2
4446,3
4446,4
4446,5
4446,10
4446,38
4447,1
4447,2
4447,28
4447,34
4447,36
4447,37
4448,1
4448,3
4448,20
4448,45
4448,46
4448,47
4449,1
4449,2
4449,4
4449,5
4449,10
4449,14
4449,36
4450,1
4450,2
4450,3
4450,5
4450,10
4450,18
4451,1
4451,2
4451,3
4451,5
4451,10
4451,38
4452,1
4452,2
4452,7
4452,8
4452,26
4452,27
4453,1
4453,2
4453,3
4453,4
4453,5
4453,27
4454,2
4454,5
4454,10
4454,38
4454,44
4455,1
4455,3
4455,5
4455,10
4456,2
4456,4
4456,5
4456,10
4457,1
4457,2
4457,4
4457,5
4457,10
4458,1
4458,2
4458,4
4458,5
4458,10
4458,36
4459,2
4459,3
4459,4
4459,5
4459,47
4460,1
4460,2
4460,3
4460,10
4460,25
4461,1
4461,2
4461,4
4461,5
4461,10
4461,36
4462,1
4462,2
4462,3
4462,5
4462,10
4462,38
4463,1
4463,2
4463,4
4463,10
4463,22
4464,1
4464,2
4464,3
4464,4
4464,5
4465,1
4465,3
4465,4
4465,22
4465,45
4465,46
4465,47
4466,1
4466,2
4466,28
4466,36
4466,37
4466,44
4467,1
4467,2
4467,3
4467,4
4467,5
4467,37
4468,1
4468,2
4468,3
4468,25
4469,1
4469,3
4469,4
4469,10
4469,29
4469,39
4470,1
4470,2
4470,8
4470,26
4470,27
4470,38
4471,1
4471,2
4471,3
4471,4
4471,5
4472,1
4472,2
4472,3
4472,10
4472,14
4472,25
4472,38
4473,1
4473,2
4473,3
4473,4
4473,5
4473,17
4474,1
4474,2
4474,3
4474,4
4475,1
4475,2
4475,3
4475,10
4475,25
4475,38
4476,1
4476,2
4476,3
4476,10
4476,28
4476,38
4477,2
4477,3
4477,10
4477,22
4477,25
4477,38
4478,1
4478,3
4478,4
4478,10
4478,35
4479,1
4479,2
4479,3
4479,4
4479,10
4479,14
4480,2
4480,16
4480,22
4480,24
4480,37
4480,43
4481,1
4481,2
4481,3
4481,4
4481,5
4481,10
4481,14
4482,1
4482,2
4482,7
4482,8
4482,26
4482,27
4483,1
4483,3
4483,10
4483,39
4483,45
4484,1
4484,2
4484,5
4484,10
4485,1
4485,2
4485,7
4485,8
4485,23
4485,26
4485,27
4486,3
4486,4
4486,10
4486,39
4486,43
4486,45
4487,1
4487,3
4487,4
4487,15
4487,39
4488,1
4488,3
4488,4
4488,45
4488,46
4488,47
4489,1
4489,2
4489,3
4489,38
4490,1
4490,2
4490,7
4490,8
4490,26
4490,27
4490,45
4491,1
4491,3
4491,4
4491,5
4491,26
4492,1
4492,2
4492,16
4492,22
4492,24
4493,1
4493,2
4493,15
4493,16
4493,22
4493,24
4493,33
4493,37
4494,1
4494,2
4494,4
4494,5
4494,10
4494,36
4494,38
4495,1
4495,2
4495,3
4495,4
4495,5
4495,10
4496,1
4496,2
4496,4
4496,5
4496,10
4496,42
4497,1
4497,2
4497,16
4497,22
4497,24
4497,37
4498,1
4498,2
4498,3
4498,4
4498,5
4498,10
4499,1
4499,3
4499,4
4499,5
4499,15
4500,1
4500,10
4500,39
4500,45
4501,2
4501,3
4501,4
4501,45
4501,46
4502,2
4502,3
4502,10
4502,25
4502,38
4502,47
4503,1
4503,3
4503,4
4503,10
4503,23
4503,39
4503,45
4504,1
4504,3
4504,37
4504,45
4504,46
4504,47
4505,1
4505,3
4505,17
4505,25
4505,38
4506,1
4506,2
4506,24
4506,37
4507,1
4507,3
4507,4
4507,45
4507,46
4507,47
4508,1
4508,2
4508,10
4508,38
4509,1
4509,2
4509,4
4509,5
4509,28
4509,36
4510,1
4510,2
4510,3
4510,5
4510,10
4510,39
4511,2
4511,16
4511,22
4511,33
4512,1
4512,2
4512,3
4512,5
4512,10
4512,38
4513,1
4513,3
4513,4
4513,45
4513,46
4513,47
4514,1
4514,3
4514,4
4514,42
4514,47
4515,1
4515,2
4515,4
4515,5
4515,10
4515,42
4516,2
4516,3
4516,4
4516,5
4516,10
4517,1
4517,3
4517,4
4517,12
4517,25
4517,36
4517,45
4518,1
4518,3
4518,4
4518,10
4518,39
4518,45
4519,3
4519,4
4519,36
4519,45
4519,47
4520,1
4520,2
4520,3
4520,4
4520,5
4520,10
4521,1
4521,2
4521,3
4521,4
4521,5
4521,10
4521,17
4522,1
4522,5
4522,10
4522,34
4522,36
4523,1
4523,2
4523,16
4523,18
4523,22
4523,24
4523,33
4523,37
4524,1
4524,2
4524,3
4524,5
4524,10
4524,46
4525,1
4525,2
4525,3
4525,10
4525,38
4526,1
4526,2
4526,16
4526,21
4526,22
4526,24
4527,1
4527,2
4527,16
4527,22
4527,24
4527,33
4527,35
4527,37
4528,2
4528,4
4528,5
4528,36
4528,43
4529,1
4529,3
4529,4
4529,32
4529,45
4529,46
4529,47
4530,1
4530,3
4530,39
4530,45
4530,46
4530,47
4531,1
4531,2
4531,3
4531,4
4531,5
4531,10
4532,1
4532,7
4532,8
4532,20
4532,27
4533,1
4533,2
4533,3
4533,4
4533,5
4533,10
4534,1
4534,3
4534,12
4534,36
4534,46
4535,1
4535,2
4535,7
4535,8
4535,26
4535,27
4536,1
4536,3
4536,4
4536,10
4536,32
4536,39
4536,45
4537,1
4537,2
4537,34
4537,35
4537,36
4537,37
4538,1
4538,2
4538,3
4538,4
4538,5
4538,10
4538,34
4539,2
4539,16
4539,18
4539,24
4539,33
4540,1
4540,3
4540,4
4540,47
4541,1
4541,3
4541,4
4541,12
4542,1
4542,3
4542,4
4542,5
4543,1
4543,3
4543,4
4543,45
4543,46
4543,47
4544,1
4544,4
4544,5
4544,6
4544,10
4545,1
4545,28
4545,34
4545,37
4546,1
4546,2
4546,4
4546,5
4546,10
4546,15
4546,36
4547,1
4547,2
4547,4
4547,5
4547,10
4547,36
4547,38
4548,1
4548,3
4548,41
4548,45
4548,46
4548,47
4549,1
4549,2
4549,3
4549,36
4549,37
4550,1
4550,4
4550,7
4550,12
4550,25
4550,36
4551,2
4551,3
4551,5
4551,10
4552,3
4552,4
4552,39
4552,45
4553,1
4553,3
4553,25
4553,36
4553,43
4554,1
4554,2
4554,3
4554,4
4554,5
4554,10
4554,33
4555,1
4555,3
4555,46
4555,47
4556,1
4556,2
4556,3
4556,10
4556,25
4556,38
4557,1
4557,3
4557,4
4557,46
4558,1
4558,2
4558,3
4558,4
4558,5
4558,10
4559,1
4559,2
4559,3
4559,5
4559,10
4559,27
4560,1
4560,2
4560,3
4560,5
4560,10
4560,38
4561,1
4561,2
4561,3
4561,4
4561,5
4561,10
4561,45
4562,1
4562,7
4562,8
4562,26
4562,27
4563,1
4563,4
4563,45
4563,47
4564,1
4564,2
4564,3
4564,4
4564,5
4565,1
4565,2
4565,3
4565,4
4565,5
4565,10
4566,1
4566,3
4566,21
4566,45
4566,46
4566,47
4567,1
4567,2
4567,7
4567,8
4567,26
4568,1
4568,3
4568,4
4568,5
4568,10
4568,47
4569,1
4569,2
4569,3
4569,10
4569,25
4569,30
4569,38
4570,3
4570,4
4570,10
4570,39
4570,45
4571,1
4571,2
4571,3
4571,10
4571,25
4571,38
4572,2
4572,3
4572,10
4572,25
4572,38
4573,1
4573,3
4573,4
4573,9
4573,10
4573,39
4573,45
4574,1
4574,2
4574,28
4574,36
4574,37
4575,1
4575,2
4575,28
4575,34
4575,36
4575,37
4575,46
4576,1
4576,2
4576,3
4576,4
4576,5
4576,10
4576,45
4577,1
4577,2
4577,3
4577,4
4577,5
4578,1
4578,2
4578,3
4578,5
4578,10
4578,44
4579,1
4579,4
4579,6
4579,39
4579,45
4580,1
4580,4
4580,10
4580,39
4580,45
4581,1
4581,2
4581,4
4581,5
4581,10
4581,31
4581,36
4582,1
4582,3
4582,4
4582,10
4583,1
4583,4
4583,5
4583,10
4584,1
4584,3
4584,4
4584,5
4584,10
4585,1
4585,2
4585,3
4585,4
4585,5
4585,10
4585,28
4586,2
4586,3
4586,4
4586,5
4587,1
4587,2
4587,3
4587,10
4587,25
4587,38
4588,1
4588,2
4588,3
4588,4
4588,5
4588,10
4588,35
4589,1
4589,2
4589,16
4589,22
4589,33
4589,37
4590,1
4590,3
4590,10
4590,25
4590,38
4590,43
4591,1
4591,2
4591,25
4591,38
4592,3
4592,4
4592,10
4592,45
4593,1
4593,2
4593,3
4593,4
4593,5
4593,10
4593,22
4594,1
4594,2
4594,3
4594,10
4594,11
4594,38
4595,2
4595,4
4595,5
4595,10
4595,12
4596,1
4596,2
4596,3
4596,4
4596,5
4596,10
4597,4
4597,5
4597,10
4597,36
4598,1
4598,2
4598,3
4598,4
4598,5
4598,10
4599,2
4599,3
4599,4
4599,10
4599,12
4600,1
4600,16
4600,22
4600,24
4600,37
4601,1
4601,4
4601,45
4601,46
4602,1
4602,2
4602,3
4602,4
4602,5
4602,10
4603,1
4603,2
4603,3
4603,4
4603,5
4603,10
4604,1
4604,22
4604,24
4604,33
4604,37
4605,1
4605,2
4605,3
4605,10
4605,35
4605,38
4606,1
4606,2
4606,3
4606,4
4606,5
4606,10
4607,1
4607,2
4607,28
4607,34
4607,36
4607,37
4608,2
4608,3
4608,10
4608,38
4608,47
4609,1
4609,3
4609,4
4609,44
4609,45
4609,46
4609,47
4610,1
4610,2
4610,7
4610,8
4610,12
4610,27
4611,1
4611,3
4611,14
4611,45
4611,46
4612,1
4612,3
4612,4
4612,8
4612,45
4612,46
4612,47
4613,1
4613,3
4613,4
4613,5
4614,2
4614,7
4614,26
4614,27
4615,1
4615,4
4615,45
4615,46
4616,1
4616,45
4616,46
4616,47
4617,2
4617,28
4617,34
4617,36
4618,1
4618,2
4618,3
4618,5
4618,10
4618,38
4619,1
4619,2
4619,3
4619,4
4619,5
4619,10
4619,36
4620,1
4620,4
4620,27
4620,45
4620,46
4621,1
4621,4
4621,5
4621,10
4622,1
4622,2
4622,10
4622,25
4623,1
4623,2
4623,4
4623,5
4623,10
4623,19
4623,36
4624,1
4624,2
4624,3
4624,4
4624,5
4624,10
4625,1
4625,3
4625,4
4625,5
4625,10
4626,1
4626,2
4626,4
4626,10
4627,1
4627,2
4627,4
4627,5
4627,10
4627,36
4627,38
4628,1
4628,3
4628,4
4628,5
4628,10
4628,39
4628,45
4629,1
4629,3
4629,4
4629,12
4629,25
4629,36
4630,1
4630,5
4630,45
4630,46
4630,47
4631,2
4631,4
4631,7
4631,10
4631,36
4632,1
4632,2
4632,34
4632,36
4632,37
4633,1
4633,3
4633,4
4633,10
4634,2
4634,3
4634,4
4634,5
4634,10
4635,1
4635,2
4635,3
4635,10
4635,19
4635,38
4636,1
4636,2
4636,3
4636,4
4636,5
4636,10
4636,43
4637,1
4637,2
4637,3
4637,5
4638,1
4638,3
4638,4
4638,16
4638,45
4638,46
4638,47
4639,3
4639,4
4639,45
4639,46
4639,47
4640,1
4640,3
4640,4
4640,10
4640,39
4641,1
4641,2
4641,3
4641,4
4641,5
4641,10
4641,36
4642,1
4642,2
4642,4
4642,5
4642,10
4642,36
4642,45
4643,1
4643,2
4643,28
4643,34
4643,37
4644,1
4644,3
4644,4
4644,22
4644,45
4644,46
4644,47
4645,1
4645,3
4645,4
4645,12
4645,25
4645,31
4645,36
4646,2
4646,3
4646,4
4646,10
4647,1
4647,4
4647,10
4647,45
4648,2
4648,3
4648,4
4648,5
4648,10
4649,1
4649,2
4649,3
4649,4
4649,10
4650,1
4650,2
4650,3
4650,4
4650,5
4650,10
4650,26
4651,1
4651,3
4651,4
4651,12
4651,25
4652,1
4652,2
4652,28
4652,36
4652,37
4653,2
4653,7
4653,8
4653,24
4653,26
4653,27
4654,1
4654,2
4654,3
4654,4
4654,5
4654,10
4655,1
4655,2
4655,16
4655,24
4655,33
4656,1
4656,2
4656,3
4656,4
4656,5
4656,10
4657,1
4657,2
4657,3
4657,4
4657,5
4657,10
4657,31
4658,1
4658,2
4658,3
4658,4
4658,5
4658,10
4658,36
4659,1
4659,2
4659,3
4659,4
4659,5
4659,10
4660,1
4660,3
4660,4
4660,15
4660,45
4660,46
4660,47
4661,1
4661,3
4661,5
4661,10
4661,38
4661,43
4662,1
4662,2
4662,3
4662,5
4662,10
4662,38
4663,1
4663,2
4663,3
4663,4
4663,5
4663,10
4664,1
4664,2
4664,5
4664,10
4664,42
4665,1
4665,2
4665,16
4665,22
4665,24
4665,33
4665,37
4666,1
4666,3
4666,4
4666,5
4666,39
4666,45
4667,1
4667,2
4667,7
4667,8
4667,26
4667,27
4668,1
4668,2
4668,7
4668,26
4669,1
4669,2
4669,4
4669,5
4669,10
4670,1
4670,2
4670,5
4670,6
4670,10
4671,1
4671,3
4671,4
4671,40
4671,45
4671,46
4671,47
4672,1
4672,2
4672,8
4672,26
4672,27
4673,1
4673,2
4673,3
4673,6
4673,10
4673,25
4673,38
4674,2
4674,3
4674,4
4674,5
4674,10
4674,25
4675,1
4675,2
4675,28
4675,34
4675,36
4675,37
4676,1
4676,3
4676,4
4676,5
4676,11
4677,1
4677,2
4677,3
4677,10
4677,16
4677,25
4677,38
4678,4
4678,12
4678,14
4678,25
4678,36
4679,3
4679,4
4679,24
4679,25
4679,36
4680,3
4680,4
4680,12
4680,25
4680,36
4681,3
4681,4
4681,25
4681,36
4682,1
4682,2
4682,7
4682,8
4682,26
4682,27
4682,40
4683,1
4683,3
4683,5
4683,10
4683,38
4683,47
4684,1
4684,7
4684,8
4684,26
4684,27
4684,47
4685,1
4685,2
4685,3
4685,4
4685,5
4685,10
4685,44
4686,1
4686,2
4686,4
4686,5
4686,10
4687,1
4687,3
4687,12
4687,25
4687,36
4688,1
4688,3
4688,4
4688,31
4688,47
4689,1
4689,2
4689,3
4689,5
4689,46
4690,1
4690,2
4690,5
4690,7
4690,8
4690,26
4690,27
4691,1
4691,2
4691,4
4691,5
4691,10
4691,36
4692,1
4692,2
4692,3
4692,4
4692,5
4693,1
4693,4
4693,25
4693,36
4694,1
4694,2
4694,3
4694,5
4694,38
4695,1
4695,2
4695,8
4695,12
4695,26
4695,27
4696,1
4696,3
4696,4
4696,10
4696,39
4696,45
4697,1
4697,2
4697,7
4697,8
4697,27
4698,1
4698,3
4698,5
4698,10
4698,33
4699,1
4699,3
4699,4
4699,46
4699,47
4700,2
4700,28
4700,34
4700,37
4701,1
4701,2
4701,3
4701,4
4701,5
4701,10
4702,1
4702,2
4702,3
4702,4
4702,5
4702,10
4702,36
4703,1
4703,2
4703,10
4703,25
4703,38
4704,3
4704,4
4704,46
4704,47
4705,3
4705,4
4705,5
4705,10
4705,31
4706,1
4706,3
4706,25
4706,36
4707,1
4707,2
4707,24
4707,33
4707,37
4708,3
4708,4
4708,12
4708,18
4708,36
4709,1
4709,2
4709,3
4709,4
4709,5
4709,38
4710,1
4710,3
4710,4
4710,7
4710,10
4710,39
4711,1
4711,3
4711,4
4711,45
4711,47
4712,1
4712,2
4712,3
4712,10
4712,40
4713,2
4713,7
4713,8
4713,27
4713,41
4714,1
4714,2
4714,4
4714,5
4714,10
4714,36
4715,1
4715,4
4715,25
4715,36
4715,39
4716,1
4716,2
4716,3
4716,4
4716,5
4716,10
4716,33
4717,7
4717,8
4717,26
4717,27
4717,33
4718,1
4718,4
4718,10
4718,15
4718,39
4718,45
4719,2
4719,3
4719,10
4719,38
4720,3
4720,4
4720,12
4720,36
4721,2
4721,3
4721,4
4721,5
4721,10
4721,42
4722,1
4722,3
4722,14
4722,45
4722,46
4722,47
4723,1
4723,2
4723,4
4723,10
4723,36
4723,47
4724,1
4724,3
4724,27
4724,39
4724,45
4725,1
4725,2
4725,4
4725,5
4725,10
4725,12
4726,2
4726,3
4726,10
4726,25
4726,38
4727,1
4727,2
4727,4
4727,10
4727,36
4727,37
4728,1
4728,2
4728,3
4728,5
4728,10
4728,38
4729,1
4729,2
4729,3
4729,10
4729,38
4729,46
4730,1
4730,2
4730,9
4730,10
4730,25
4730,38
4731,1
4731,3
4731,4
4731,35
4731,39
4731,45
4732,1
4732,3
4732,4
4732,18
4732,46
4732,47
4733,1
4733,3
4733,4
4733,35
4733,45
4733,46
4733,47
4734,3
4734,10
4734,39
4734,45
4735,1
4735,3
4735,10
4735,39
4736,1
4736,2
4736,3
4736,10
4736,25
4736,38
4736,42
4737,1
4737,2
4737,4
4737,5
4737,10
4737,29
4737,36
4738,1
4738,2
4738,3
4738,10
4738,38
4739,1
4739,3
4739,4
4739,18
4739,25
4740,1
4740,2
4740,5
4740,10
4740,38
4741,2
4741,4
4741,5
4741,10
4741,28
4742,1
4742,3
4742,32
4742,45
4742,47
4743,1
4743,3
4743,4
4743,12
4743,25
4743,36
4744,3
4744,4
4744,5
4744,10
4745,1
4745,2
4745,8
4745,17
4745,26
4746,1
4746,4
4746,5
4746,12
4746,25
4746,36
4747,1
4747,3
4747,4
4747,10
4747,25
4747,39
4747,45
4748,1
4748,2
4748,3
4748,5
4748,10
4748,38
4749,1
4749,2
4749,17
4749,28
4749,34
4749,37
4750,1
4750,3
4750,4
4750,15
4750,45
4750,46
4750,47
4751,1
4751,3
4751,4
4751,37
4751,45
4751,46
4751,47
4752,1
4752,2
4752,3
4752,5
4752,10
4752,38
4753,1
4753,2
4753,3
4753,5
4753,10
4753,34
4753,38
4754,1
4754,4
4754,37
4754,46
4754,47
4755,1
4755,2
4755,3
4755,10
4755,25
4755,37
4755,38
4756,1
4756,2
4756,3
4756,4
4756,5
4756,10
4756,17
4757,1
4757,3
4757,39
4757,45
4758,1
4758,2
4758,7
4758,10
4758,38
4759,3
4759,4
4759,9
4759,45
4759,47
4760,1
4760,8
4760,26
4760,27
4761,1
4761,2
4761,3
4761,4
4761,5
4762,1
4762,3
4762,4
4762,10
4762,39
4762,45
4763,1
4763,2
4763,4
4763,10
4763,15
4763,36
4764,1
4764,3
4764,25
4764,28
4764,36
4765,1
4765,34
4765,36
4765,37
4766,1
4766,3
4766,4
4766,10
4766,18
4766,39
4766,45
4767,1
4767,3
4767,4
4767,10
4767,39
4767,45
4768,1
4768,2
4768,4
4768,10
4769,3
4769,4
4769,12
4769,23
4769,25
4769,36
4770,1
4770,2
4770,10
4770,25
4770,31
4770,38
4771,1
4771,3
4771,4
4771,5
4771,45
4771,47
4772,1
4772,2
4772,3
4772,4
4772,5
4772,14
4773,1
4773,2
4773,3
4773,4
4773,5
4773,10
4774,1
4774,2
4774,4
4774,5
4775,1
4775,3
4775,4
4775,45
4775,46
4775,47
4776,1
4776,3
4776,4
4776,8
4776,25
4776,36
4777,3
4777,4
4777,12
4777,25
4777,32
4777,36
4778,1
4778,3
4778,4
4778,10
4778,39
4778,44
4778,45
4779,1
4779,3
4779,4
4779,45
4779,47
4780,1
4780,2
4780,8
4780,26
4780,27
4781,2
4781,7
4781,8
4781,26
4781,27
4782,1
4782,2
4782,8
4782,26
4782,27
4783,1
4783,2
4783,3
4783,4
4783,5
4783,10
4783,15
4784,1
4784,2
4784,4
4784,5
4784,19
4785,3
4785,4
4785,45
4785,46
4785,47
4786,1
4786,4
4786,5
4786,10
4786,36
4787,3
4787,4
4787,9
4787,10
4787,45
4788,1
4788,2
4788,3
4788,4
4788,5
4788,10
4788,18
4789,1
4789,2
4789,4
4789,5
4789,10
4789,36
4790,1
4790,3
4790,4
4790,5
4790,10
4791,1
4791,3
4791,4
4791,12
4791,25
4791,36
4792,1
4792,2
4792,4
4792,36
4793,1
4793,2
4793,3
4793,4
4793,5
4793,10
4793,47
4794,1
4794,2
4794,3
4794,10
4795,1
4795,3
4795,5
4795,10
4796,1
4796,2
4796,5
4796,10
4797,2
4797,3
4797,10
4797,25
4797,38
4798,1
4798,3
4798,4
4798,10
4798,39
4798,45
4799,1
4799,3
4799,4
4799,12
4799,25
4799,36
4800,1
4800,3
4800,4
4800,41
4800,45
4800,46
4800,47
4801,1
4801,3
4801,4
4801,25
4801,45
4801,46
4801,47
4802,1
4802,2
4802,4
4802,5
4802,10
4802,36
4803,2
4803,7
4803,8
4803,10
4803,26
4803,27
4804,1
4804,4
4804,12
4804,20
4804,25
4804,36
4805,1
4805,16
4805,22
4805,23
4805,24
4805,33
4805,37
4806,1
4806,3
4806,32
4806,45
4806,46
4806,47
4807,1
4807,2
4807,3
4807,5
4807,10
4808,2
4808,3
4808,10
4808,38
4809,1
4809,2
4809,4
4809,5
4809,10
4810,1
4810,3
4810,4
4810,10
4811,2
4811,3
4811,4
4811,10
4812,1
4812,2
4812,22
4812,33
4812,37
4813,1
4813,4
4813,12
4813,25
4813,36
4814,1
4814,3
4814,4
4814,19
4814,39
4815,1
4815,2
4815,3
4815,8
4815,10
4815,38
4816,1
4816,2
4816,4
4816,5
4816,10
4817,1
4817,2
4817,7
4817,8
4817,26
4817,27
4818,1
4818,2
4818,4
4818,5
4818,10
4818,36
4819,1
4819,2
4819,16
4819,22
4819,24
4819,33
4819,37
4820,1
4820,3
4820,4
4820,5
4820,10
4820,12
4821,1
4821,3
4821,4
4821,6
4821,45
4821,47
4822,1
4822,2
4822,28
4822,34
4822,36
4822,37
4823,1
4823,2
4823,3
4823,5
4824,1
4824,2
4824,3
4824,4
4824,5
4824,10
4825,3
4825,4
4825,10
4825,39
4825,45
4826,1
4826,2
4826,4
4826,5
4826,10
4827,1
4827,4
4827,5
4827,10
4827,34
4828,1
4828,2
4828,6
4828,28
4828,34
4828,36
4828,37
4829,1
4829,2
4829,28
4829,34
4829,36
4829,37
4830,1
4830,3
4830,4
4830,37
4830,46
4830,47
4831,1
4831,2
4831,4
4831,5
4831,10
4831,17
4831,36
4832,1
4832,3
4832,4
4832,47
4833,1
4833,3
4833,4
4833,12
4833,25
4833,36
4834,1
4834,2
4834,7
4834,8
4834,26
4834,27
4834,44
4835,1
4835,2
4835,3
4835,10
4835,25
4835,38
4836,1
4836,3
4836,45
4836,46
4836,47
4837,1
4837,3
4837,4
4837,46
4837,47
4838,3
4838,4
4838,12
4838,21
4838,36
4839,1
4839,2
4839,7
4839,34
4839,36
4839,37
4840,1
4840,3
4840,4
4840,25
4840,36
4841,1
4841,2
4841,28
4841,36
4841,46
4842,1
4842,2
4842,3
4842,10
4842,25
4842,38
4843,1
4843,2
4843,3
4843,5
4843,10
4843,18
4843,38
4844,1
4844,12
4844,25
4844,36
4845,1
4845,2
4845,3
4845,12
4845,25
4845,36
4846,1
4846,2
4846,3
4846,10
4846,20
4846,25
4846,38
4847,1
4847,2
4847,3
4847,4
4847,5
4847,10
4848,1
4848,2
4848,3
4848,10
4848,38
4849,1
4849,28
4849,34
4849,36
4849,37
4850,1
4850,2
4850,3
4850,5
4850,10
4850,38
4851,1
4851,3
4851,4
4851,10
4851,38
4851,39
4851,45
4852,1
4852,2
4852,34
4852,36
4852,37
4853,1
4853,3
4853,4
4853,45
4853,46
4853,47
4854,1
4854,3
4854,12
4854,25
4854,36
4855,28
4855,34
4855,36
4855,37
4856,1
4856,3
4856,4
4856,24
4856,45
4856,46
4856,47
4857,1
4857,2
4857,5
4857,36
4858,1
4858,2
4858,3
4858,5
4858,10
4858,38
4859,1
4859,2
4859,3
4859,7
4859,8
4859,26
4859,27
4860,3
4860,4
4860,5
4860,10
4861,3
4861,4
4861,45
4861,46
4861,47
4862,1
4862,2
4862,3
4862,4
4862,5
4862,10
4862,38
4863,1
4863,3
4863,4
4863,12
4863,23
4863,25
4863,36
4864,1
4864,2
4864,7
4864,8
4864,26
4864,27
4865,1
4865,2
4865,7
4865,26
4865,27
4866,1
4866,16
4866,22
4866,24
4866,33
4866,37
4867,1
4867,2
4867,3
4867,5
4867,10
4867,38
4867,40
4868,1
4868,4
4868,10
4868,13
4868,45
4869,1
4869,3
4869,4
4869,12
4869,25
4869,36
4870,1
4870,2
4870,3
4870,5
4870,10
4870,38
4871,1
4871,2
4871,7
4871,8
4871,26
4871,27
4871,36
4872,1
4872,3
4872,4
4872,21
4872,45
4872,46
4872,47
4873,1
4873,2
4873,3
4873,10
4873,25
4873,38
4874,1
4874,4
4874,10
4874,39
4874,44
4874,45
4875,1
4875,3
4875,4
4875,5
4875,10
4875,28
4876,2
4876,3
4876,4
4876,5
4876,8
4876,10
4877,1
4877,2
4877,3
4877,4
4877,10
4877,12
4878,1
4878,3
4878,4
4878,7
4878,39
4879,2
4879,3
4879,4
4879,5
4879,10
4879,36
4880,1
4880,2
4880,3
4880,5
4880,30
4881,3
4881,5
4881,45
4881,46
4881,47
4882,1
4882,2
4882,3
4882,4
4882,5
4882,10
4883,1
4883,2
4883,3
4883,10
4883,25
4883,27
4884,2
4884,16
4884,22
4884,24
4884,33
4885,1
4885,2
4885,4
4885,5
4885,10
4885,33
4886,1
4886,2
4886,3
4886,4
4886,5
4886,10
4887,1
4887,3
4887,4
4887,45
4887,46
4887,47
4888,1
4888,2
4888,3
4888,10
4888,38
4889,1
4889,3
4889,4
4889,45
4889,46
4890,1
4890,2
4890,10
4890,20
4890,25
4890,38
4891,1
4891,3
4891,4
4891,45
4891,46
4891,47
4892,2
4892,3
4892,4
4892,5
4892,9
4893,1
4893,2
4893,3
4893,4
4893,5
4893,46
4894,1
4894,3
4894,12
4894,36
4895,1
4895,3
4895,4
4895,7
4895,12
4895,25
4895,36
4896,1
4896,7
4896,8
4896,26
4897,1
4897,2
4897,16
4897,24
4897,33
4897,37
4897,42
4898,1
4898,2
4898,3
4898,5
4898,10
4898,13
4899,1
4899,3
4899,46
4899,47
4900,1
4900,2
4900,4
4900,5
4900,10
4900,36
4901,1
4901,2
4901,4
4901,5
4901,10
4901,22
4902,1
4902,3
4902,4
4902,12
4903,1
4903,2
4903,8
4903,26
4904,1
4904,3
4904,4
4904,12
4904,13
4904,25
4904,36
4905,1
4905,3
4905,12
4905,31
4905,36
4906,1
4906,2
4906,4
4906,7
4906,36
4907,1
4907,2
4907,28
4907,34
4907,36
4907,37
4907,45
4908,1
4908,3
4908,4
4908,5
4908,10
4909,2
4909,10
4909,16
4909,33
4909,37
4910,1
4910,2
4910,7
4910,8
4910,26
4910,27
4911,1
4911,3
4911,4
4911,12
4911,25
4911,36
4912,1
4912,4
4912,45
4912,46
4912,47
4913,1
4913,2
4913,34
4913,37
4914,2
4914,4
4914,5
4914,36
4915,1
4915,2
4915,26
4915,28
4915,34
4915,36
4915,37
4916,1
4916,3
4916,4
4916,45
4916,46
4916,47
4917,2
4917,3
4917,10
4917,25
4917,38
4918,1
4918,3
4918,4
4918,45
4918,46
4918,47
4919,1
4919,2
4919,34
4919,37
4920,1
4920,10
4920,39
4920,45
4921,1
4921,2
4921,3
4921,5
4921,10
4921,38
4922,1
4922,28
4922,34
4922,36
4922,37
4922,46
4923,2
4923,10
4923,16
4923,24
4923,33
4923,37
4924,1
4924,2
4924,3
4924,5
4924,10
4924,38
4924,41
4925,1
4925,2
4925,3
4925,10
4926,1
4926,3
4926,4
4926,5
4926,10
4927,3
4927,10
4927,25
4927,38
4928,2
4928,3
4928,5
4928,10
4928,35
4928,38
4929,1
4929,3
4929,10
4929,25
4929,27
4930,2
4930,3
4930,4
4930,5
4930,10
4931,1
4931,3
4931,5
4931,38
4932,1
4932,2
4932,3
4932,5
4932,10
4932,38
4933,3
4933,4
4933,10
4933,39
4933,45
4934,1
4934,3
4934,45
4934,46
4935,1
4935,2
4935,3
4935,4
4935,10
4935,39
4935,45
4936,3
4936,4
4936,5
4936,10
4937,1
4937,3
4937,5
4937,23
4937,38
4938,3
4938,4
4938,17
4938,39
4938,45
4939,1
4939,3
4939,4
4939,5
4939,7
4940,1
4940,2
4940,28
4940,37
4941,1
4941,2
4941,5
4941,10
4941,38
4942,1
4942,3
4942,11
4942,12
4942,25
4942,36
4943,1
4943,2
4943,4
4943,5
4943,10
4944,1
4944,3
4944,4
4944,46
4944,47
4945,1
4945,3
4945,4
4945,12
4945,25
4945,36
4946,1
4946,2
4946,3
4946,5
4946,10
4947,1
4947,3
4947,4
4947,32
4947,45
4947,46
4947,47
4948,1
4948,2
4948,3
4948,10
4948,25
4948,38
4949,2
4949,16
4949,22
4949,24
4949,33
4949,37
4950,2
4950,3
4950,5
4950,10
4950,38
4950,41
4951,1
4951,2
4951,4
4951,5
4951,10
4951,40
4952,1
4952,3
4952,4
4952,45
4952,46
4953,1
4953,2
4953,16
4953,22
4953,24
4953,33
4953,37
4954,1
4954,2
4954,3
4954,4
4954,5
4954,10
4954,37
4955,1
4955,2
4955,3
4955,4
4955,10
4955,37
4956,1
4956,3
4956,12
4956,25
4956,36
4957,1
4957,2
4957,8
4957,10
4957,38
4958,3
4958,12
4958,25
4958,36
4959,3
4959,4
4959,12
4959,36
4959,41
4960,1
4960,2
4960,3
4960,23
4960,25
4960,38
4961,1
4961,2
4961,3
4961,4
4961,5
4961,10
4961,16
4962,1
4962,3
4962,4
4962,45
4962,46
4962,47
4963,1
4963,2
4963,4
4963,5
4963,10
4963,36
4964,2
4964,3
4964,4
4964,5
4964,10
4964,46
4965,1
4965,3
4965,4
4965,45
4965,46
4965,47
4966,1
4966,2
4966,4
4966,5
4966,10
4966,30
4967,1
4967,2
4967,3
4967,5
4967,10
4967,29
4967,38
4968,2
4968,3
4968,10
4968,38
4969,1
4969,3
4969,9
4969,10
4969,25
4970,1
4970,3
4970,4
4970,26
4970,47
4971,2
4971,3
4971,5
4971,10
4971,38
4972,1
4972,2
4972,16
4972,22
4972,33
4972,37
4973,1
4973,2
4973,3
4973,10
4973,28
4974,1
4974,2
4974,3
4974,4
4974,45
4974,47
4975,1
4975,4
4975,12
4975,25
4975,36
4976,1
4976,22
4976,24
4976,33
4976,37
4977,1
4977,2
4977,3
4977,4
4977,5
4977,10
4977,28
4978,3
4978,4
4978,5
4978,7
4978,10
4979,1
4979,2
4979,3
4979,10
4979,25
4979,26
4979,38
4980,1
4980,2
4980,4
4980,5
4981,1
4981,2
4981,3
4981,10
4982,1
4982,3
4982,4
4982,5
4982,45
4982,46
4982,47
4983,2
4983,16
4983,22
4983,24
4983,33
4983,37
4983,46
4984,1
4984,3
4984,4
4984,14
4984,45
4984,46
4984,47
4985,3
4985,10
4985,23
4985,25
4985,38
4986,1
4986,2
4986,7
4986,8
4986,26
4986,27
4986,37
4987,2
4987,3
4987,4
4987,5
4988,1
4988,3
4988,4
4988,12
4988,29
4989,1
4989,2
4989,4
4989,5
4989,10
4990,1
4990,5
4990,10
4990,38
4991,1
4991,3
4991,4
4991,12
4991,25
4991,36
4992,1
4992,3
4992,40
4992,45
4992,47
4993,1
4993,2
4993,3
4993,4
4993,5
4993,10
4994,1
4994,3
4994,4
4994,26
4994,39
4994,45
4995,1
4995,3
4995,4
4995,12
4995,25
4995,27
4995,36
4996,1
4996,2
4996,3
4996,10
4996,25
4996,38
4997,1
4997,2
4997,3
4997,10
4997,15
4998,1
4998,2
4998,3
4998,10
4998,25
4998,38
4999,1
4999,3
4999,4
4999,25
4999,36
4999,47
5000,1
5000,2
5000,3
5000,10
5000,21
5000,38
5001,2
5001,3
5001,4
5001,5
5001,10
5001,30
5002,1
5002,2
5002,4
5002,10
5002,36
5003,3
5003,4
5003,12
5003,25
5003,28
5003,36
5004,3
5004,4
5004,12
5004,25
5004,28
5004,36
5005,2
5005,16
5005,22
5005,24
5005,37
5006,1
5006,18
5006,22
5006,24
5006,33
5006,37
5007,3
5007,4
5007,22
5007,45
5007,46
5007,47
5008,1
5008,2
5008,7
5008,8
5008,26
5008,27
5009,1
5009,2
5009,8
5009,12
5009,27
5010,1
5010,3
5010,4
5010,45
5010,46
5010,47
5011,3
5011,4
5011,15
5011,25
5011,36
5012,1
5012,2
5012,4
5012,5
5012,10
5012,22
5013,1
5013,2
5013,28
5013,32
5013,34
5013,36
5013,37
5014,1
5014,2
5014,3
5014,10
5014,25
5015,1
5015,2
5015,3
5015,5
5015,10
5015,32
5016,1
5016,2
5016,8
5016,26
5017,1
5017,2
5017,16
5017,22
5018,1
5018,2
5018,3
5018,4
5018,30
5019,1
5019,2
5019,4
5019,5
5019,10
5019,24
5020,1
5020,2
5020,28
5020,33
5020,34
5020,36
5021,1
5021,4
5021,45
5021,46
5021,47
5022,1
5022,2
5022,7
5022,8
5022,24
5022,26
5022,27
5023,1
5023,2
5023,25
5023,38
5024,1
5024,2
5024,25
5024,38
5024,41
5025,1
5025,4
5025,29
5025,45
5025,47
5026,1
5026,2
5026,3
5026,10
5026,25
5026,43
5027,1
5027,2
5027,4
5027,5
5027,10
5027,29
5027,36
5028,1
5028,2
5028,28
5028,34
5028,37
5029,1
5029,4
5029,5
5029,10
5029,30
5030,1
5030,3
5030,4
5030,12
5030,25
5031,2
5031,4
5031,5
5031,10
5031,36
5032,2
5032,3
5032,5
5032,10
5033,1
5033,2
5033,3
5033,4
5033,16
5034,3
5034,12
5034,25
5034,36
5035,1
5035,2
5035,7
5035,8
5035,19
5035,26
5036,1
5036,2
5036,3
5036,4
5036,5
5036,10
5037,1
5037,4
5037,12
5037,36
5038,1
5038,2
5038,5
5038,10
5038,25
5038,36
5039,1
5039,10
5039,25
5039,38
5039,39
5040,1
5040,2
5040,7
5040,8
5040,27
5041,2
5041,4
5041,5
5041,10
5042,1
5042,2
5042,3
5042,4
5042,5
5042,10
5043,1
5043,2
5043,4
5043,5
5043,10
5043,37
5044,1
5044,4
5044,45
5044,46
5045,1
5045,3
5045,4
5045,5
5046,1
5046,3
5046,45
5046,47
5047,1
5047,3
5047,4
5047,45
5047,46
5047,47
5048,3
5048,4
5048,10
5048,39
5048,45
5049,1
5049,3
5049,5
5049,10
5050,1
5050,4
5050,5
5050,36
5051,1
5051,2
5051,3
5051,4
5051,10
5052,1
5052,2
5052,28
5052,34
5052,36
5053,1
5053,2
5053,3
5053,4
5054,1
5054,2
5054,16
5054,22
5054,33
5054,37
5055,1
5055,2
5055,4
5055,10
5056,1
5056,2
5056,3
5056,4
5056,5
5056,10
5056,36
5057,1
5057,2
5057,3
5057,4
5057,5
5058,1
5058,2
5058,3
5058,4
5058,5
5058,10
5058,22
5059,1
5059,2
5059,5
5059,16
5059,22
5059,33
5059,37
5060,1
5060,2
5060,3
5060,5
5060,10
5060,31
5060,38
5061,4
5061,12
5061,14
5061,25
5061,36
5062,1
5062,3
5062,4
5062,10
5062,26
5062,39
5062,45
5063,1
5063,2
5063,7
5063,8
5063,26
5063,27
5064,1
5064,3
5064,4
5064,10
5064,39
5064,45
5065,3
5065,4
5065,45
5065,47
5066,2
5066,3
5066,10
5066,36
5066,38
5067,1
5067,2
5067,3
5067,4
5067,10
5068,1
5068,3
5068,4
5068,20
5068,45
5068,46
5068,47
5069,1
5069,2
5069,4
5069,5
5069,10
5069,41
5070,3
5070,4
5070,12
5070,25
5070,43
5071,1
5071,3
5071,4
5071,5
5071,45
5071,46
5071,47
5072,2
5072,4
5072,5
5072,10
5072,12
5073,1
5073,2
5073,4
5073,5
5073,42
5074,1
5074,2
5074,3
5074,4
5074,5
5074,10
5075,1
5075,2
5075,24
5075,28
5075,34
5075,36
5076,1
5076,3
5076,4
5076,12
5076,25
5076,36
5077,1
5077,3
5077,4
5077,10
5077,39
5077,45
5078,2
5078,3
5078,10
5078,38
5079,2
5079,10
5079,19
5079,25
5079,38
5080,1
5080,3
5080,4
5080,10
5080,45
5080,46
5080,47
5081,2
5081,3
5081,4
5081,5
5082,1
5082,2
5082,3
5082,4
5082,5
5082,10
5082,18
5083,1
5083,2
5083,7
5083,26
5084,1
5084,2
5084,4
5084,5
5084,10
5084,18
5085,1
5085,2
5085,3
5085,10
5085,38
5086,1
5086,2
5086,3
5086,4
5086,5
5086,40
5087,1
5087,2
5087,3
5087,4
5087,5
5087,10
5087,47
5088,1
5088,2
5088,3
5088,4
5088,5
5088,10
5088,30
5089,1
5089,2
5089,7
5089,26
5089,35
5090,1
5090,2
5090,28
5090,34
5090,35
5090,36
5090,37
5091,1
5091,3
5091,4
5091,10
5091,39
5091,45
5091,46
5092,1
5092,3
5092,4
5092,11
5092,45
5092,46
5093,1
5093,2
5093,3
5093,4
5093,5
5093,10
5093,15
5094,1
5094,2
5094,4
5094,5
5094,10
5094,36
5095,1
5095,2
5095,5
5095,10
5095,38
5096,1
5096,2
5096,3
5096,5
5097,1
5097,2
5097,3
5097,4
5097,5
5097,8
5097,10
5098,1
5098,3
5098,10
5098,14
5098,39
5098,45
5099,1
5099,3
5099,4
5099,12
5099,36
5100,1
5100,2
5100,4
5100,10
5100,36
5101,1
5101,3
5101,5
5101,10
5102,1
5102,3
5102,12
5102,25
5102,36
5103,1
5103,2
5103,3
5103,4
5103,5
5103,10
5104,1
5104,2
5104,3
5104,5
5104,10
5105,1
5105,2
5105,3
5105,5
5105,10
5105,26
5106,1
5106,2
5106,4
5106,10
5106,18
5107,1
5107,3
5107,10
5107,25
5108,1
5108,2
5108,34
5108,36
5109,3
5109,4
5109,6
5109,10
5109,39
5109,45
5110,1
5110,3
5110,39
5110,45
5110,46
5110,47
5111,1
5111,2
5111,7
5111,8
5111,26
5111,27
5112,1
5112,2
5112,3
5112,4
5112,5
5112,10
5113,1
5113,2
5113,3
5113,4
5113,5
5113,19
5114,1
5114,2
5114,3
5114,10
5114,25
5114,38
5114,46
5115,1
5115,3
5115,4
5115,29
5115,45
5116,1
5116,2
5116,8
5116,28
5116,34
5117,22
5117,24
5117,33
5117,37
5118,1
5118,2
5118,26
5118,27
5119,1
5119,3
5119,45
5119,46
5119,47
5120,2
5120,3
5120,4
5120,5
5120,10
5121,1
5121,2
5121,3
5121,4
5121,5
5121,10
5121,34
5122,1
5122,2
5122,3
5122,4
5122,5
5122,10
5122,24
5123,1
5123,2
5123,10
5123,16
5123,25
5124,1
5124,2
5124,34
5124,37
5125,2
5125,34
5125,36
5125,37
5126,1
5126,3
5126,4
5126,46
5127,1
5127,3
5127,4
5127,39
5127,45
5128,1
5128,3
5128,4
5128,10
5128,39
5128,45
5129,1
5129,3
5129,5
5129,10
5129,39
5130,1
5130,3
5130,4
5130,45
5130,47
5131,1
5131,3
5131,4
5131,12
5131,22
5131,36
5132,1
5132,3
5132,4
5132,12
5132,20
5132,25
5132,36
5133,1
5133,2
5133,3
5133,4
5133,5
5133,10
5133,34
5134,1
5134,4
5134,42
5134,45
5134,46
5134,47
5135,16
5135,22
5135,24
5135,33
5135,37
5135,45
5136,1
5136,3
5136,4
5136,10
5136,32
5136,39
5136,45
5137,2
5137,3
5137,10
5137,25
5137,36
5137,38
5138,1
5138,2
5138,3
5138,10
5138,25
5138,38
5139,2
5139,28
5139,34
5139,36
5140,1
5140,2
5140,3
5140,4
5140,10
5141,1
5141,2
5141,3
5141,5
5141,10
5141,38
5142,2
5142,5
5142,10
5142,38
5143,1
5143,3
5143,4
5143,5
5143,10
5144,3
5144,4
5144,10
5144,39
5144,43
5144,45
5145,1
5145,4
5145,15
5145,45
5145,46
5145,47
5146,1
5146,4
5146,25
5146,36
5147,1
5147,3
5147,4
5147,13
5147,25
5148,1
5148,2
5148,3
5148,4
5148,5
5149,1
5149,2
5149,3
5149,4
5149,5
5149,19
5150,1
5150,2
5150,3
5150,4
5150,5
5150,10
5150,14
5151,1
5151,4
5151,5
5151,10
5151,27
5152,3
5152,4
5152,10
5152,45
5153,1
5153,2
5153,3
5153,5
5153,35
5153,38
5154,1
5154,3
5154,10
5154,38
5155,1
5155,12
5155,25
5155,36
5156,1
5156,2
5156,7
5156,8
5156,26
5156,27
5157,1
5157,3
5157,4
5157,10
5157,39
5157,45
5158,1
5158,2
5158,5
5158,19
5158,36
5159,3
5159,4
5159,10
5159,16
5159,45
5160,1
5160,3
5160,4
5160,10
5160,39
5161,1
5161,2
5161,4
5161,5
5161,10
5162,1
5162,16
5162,28
5162,34
5162,37
5163,3
5163,5
5163,10
5163,38
5164,2
5164,4
5164,5
5164,9
5164,10
5164,36
5165,2
5165,3
5165,4
5165,5
5166,1
5166,3
5166,4
5166,5
5166,10
5167,1
5167,3
5167,4
5167,12
5167,25
5167,36
5167,45
5168,1
5168,2
5168,3
5168,4
5168,5
5168,10
5168,38
5169,1
5169,3
5169,4
5169,45
5169,46
5169,47
5170,1
5170,2
5170,10
5170,36
5170,47
5171,1
5171,2
5171,16
5171,22
5171,24
5171,36
5171,37
5172,1
5172,2
5172,3
5172,10
5172,16
5172,38
5173,1
5173,2
5173,4
5173,5
5173,10
5173,36
5174,1
5174,2
5174,7
5174,8
5174,26
5175,1
5175,2
5175,4
5175,5
5175,10
5176,1
5176,2
5176,3
5176,5
5176,10
5177,1
5177,3
5177,5
5177,10
5177,14
5178,1
5178,2
5178,3
5178,4
5178,5
5178,10
5179,1
5179,2
5179,3
5179,5
5180,1
5180,2
5180,16
5180,22
5180,33
5180,37
5180,47
5181,1
5181,4
5181,5
5181,10
5182,1
5182,2
5182,7
5182,8
5182,13
5182,26
5182,27
5183,1
5183,4
5183,5
5183,10
5183,28
5184,2
5184,3
5184,4
5184,5
5184,10
5184,16
5185,3
5185,4
5185,12
5185,45
5185,46
5185,47
5186,1
5186,2
5186,3
5186,25
5186,31
5187,1
5187,3
5187,4
5187,12
5187,25
5187,36
5188,1
5188,2
5188,3
5188,4
5188,5
5188,10
5189,1
5189,3
5189,4
5189,12
5189,21
5189,25
5189,36
5190,1
5190,4
5190,12
5190,36
5190,41
5191,1
5191,2
5191,3
5191,5
5191,10
5191,35
5191,38
5192,1
5192,4
5192,10
5192,39
5192,45
5193,1
5193,4
5193,46
5193,47
5194,1
5194,3
5194,4
5194,8
5194,45
5194,46
5194,47
5195,3
5195,4
5195,7
5195,12
5195,25
5195,36
5196,1
5196,2
5196,3
5196,7
5196,8
5196,26
5196,27
5197,1
5197,4
5197,45
5197,46
5197,47
5198,1
5198,3
5198,4
5198,12
5199,1
5199,2
5199,3
5199,4
5199,5
5199,10
5199,22
5200,1
5200,2
5200,4
5200,5
5200,36
5201,1
5201,3
5201,4
5201,36
5202,1
5202,2
5202,3
5202,4
5202,5
5202,10
5202,33
5203,1
5203,2
5203,3
5203,4
5203,5
5203,10
5204,1
5204,3
5204,12
5204,25
5205,3
5205,4
5205,6
5205,46
5205,47
5206,1
5206,2
5206,16
5206,22
5206,31
5206,33
5206,37
5207,1
5207,3
5207,4
5207,10
5207,39
5207,42
5207,45
5208,1
5208,2
5208,7
5208,8
5208,27
5209,1
5209,2
5209,3
5209,4
5209,5
5209,10
5209,22
5210,1
5210,2
5210,3
5210,4
5210,5
5210,39
5211,1
5211,4
5211,12
5211,25
5212,1
5212,4
5212,7
5212,45
5212,46
5213,1
5213,2
5213,4
5213,5
5213,10
5213,36
5214,2
5214,3
5214,5
5214,10
5214,27
5214,38
5215,1
5215,7
5215,8
5215,26
5215,27
5215,38
5216,1
5216,2
5216,3
5216,5
5216,10
5216,38
5217,1
5217,32
5217,45
5217,46
5217,47
5218,1
5218,2
5218,4
5218,10
5218,25
5218,38
5219,1
5219,4
5219,5
5219,10
5219,41
5220,1
5220,10
5220,28
5220,36
5220,37
5221,1
5221,2
5221,3
5221,4
5221,5
5221,10
5222,1
5222,2
5222,3
5222,5
5222,10
5222,38
5223,1
5223,4
5223,5
5223,10
5223,36
5224,1
5224,2
5224,4
5224,5
5224,9
5225,1
5225,2
5225,3
5225,4
5225,5
5225,10
5225,15
5226,1
5226,2
5226,4
5226,5
5226,10
5226,25
5226,36
5227,1
5227,2
5227,28
5227,34
5227,36
5227,37
5228,1
5228,2
5228,3
5228,4
5228,10
5229,1
5229,2
5229,3
5229,10
5229,38
5230,1
5230,2
5230,3
5230,5
5230,10
5230,38
5231,1
5231,3
5231,25
5231,39
5231,45
5232,1
5232,3
5232,5
5232,38
5233,2
5233,28
5233,36
5233,37
5234,1
5234,2
5234,3
5234,4
5234,5
5234,10
5235,1
5235,2
5235,3
5235,4
5235,10
5235,28
5236,1
5236,2
5236,3
5236,5
5236,10
5236,38
5237,1
5237,3
5237,4
5237,45
5238,1
5238,3
5238,4
5238,45
5238,46
5238,47
5239,1
5239,3
5239,4
5239,10
5239,26
5240,1
5240,3
5240,4
5240,10
5240,39
5240,45
5241,1
5241,2
5241,3
5241,5
5241,8
5241,10
5241,38
5242,1
5242,3
5242,4
5242,10
5242,30
5242,39
5242,45
5243,1
5243,3
5243,4
5243,45
5244,2
5244,3
5244,4
5244,5
5244,10
5244,30
5245,1
5245,3
5245,4
5245,33
5245,45
5245,46
5245,47
5246,1
5246,3
5246,4
5246,5
5246,10
5246,33
5247,1
5247,2
5247,3
5247,10
5247,25
5247,38
5248,1
5248,2
5248,3
5248,10
5248,25
5248,38
5249,2
5249,7
5249,26
5249,27
5250,1
5250,12
5250,25
5250,36
5251,1
5251,2
5251,3
5251,4
5251,5
5251,10
5252,3
5252,4
5252,7
5252,12
5252,36
5253,1
5253,2
5253,7
5253,8
5253,26
5254,1
5254,2
5254,8
5254,27
5255,1
5255,3
5255,4
5255,12
5255,25
5255,36
5256,2
5256,3
5256,5
5256,10
5256,11
5257,3
5257,4
5257,21
5257,45
5257,46
5257,47
5258,1
5258,2
5258,5
5258,29
5258,38
5259,1
5259,3
5259,4
5259,25
5259,36
5260,1
5260,3
5260,4
5260,12
5260,25
5260,36
5261,1
5261,3
5261,4
5261,9
5261,45
5261,46
5261,47
5262,3
5262,4
5262,10
5262,32
5262,39
5262,45
5263,1
5263,2
5263,4
5263,30
5263,36
5264,1
5264,2
5264,22
5264,33
5264,37
5264,46
5265,1
5265,2
5265,4
5265,5
5265,10
5265,36
5266,1
5266,2
5266,4
5266,5
5266,10
5267,1
5267,3
5267,4
5267,12
5267,25
5267,36
5267,41
5268,1
5268,2
5268,4
5268,5
5269,1
5269,3
5269,4
5269,45
5269,46
5269,47
5270,3
5270,4
5270,10
5270,39
5271,1
5271,7
5271,8
5271,13
5271,26
5272,1
5272,2
5272,4
5272,10
5272,14
5272,36
5273,1
5273,2
5273,3
5273,5
5273,10
5273,38
5274,2
5274,16
5274,22
5274,24
5274,33
5274,37
5275,1
5275,3
5275,4
5275,5
5275,45
5275,46
5275,47
5276,1
5276,2
5276,3
5276,4
5276,5
5276,10
5276,26
5277,1
5277,2
5277,4
5277,5
5277,10
5277,27
5278,1
5278,2
5278,3
5278,4
5278,10
5279,1
5279,2
5279,16
5279,22
5279,24
5279,33
5279,37
5280,1
5280,2
5280,3
5280,4
5280,5
5280,10
5281,1
5281,2
5281,3
5281,38
5282,1
5282,2
5282,28
5282,34
5282,37
5283,1
5283,2
5283,3
5283,4
5283,5
5283,10
5283,22
5284,2
5284,3
5284,4
5284,5
5284,10
5284,13
5285,1
5285,2
5285,4
5285,5
5285,10
5286,1
5286,3
5286,4
5286,10
5286,31
5286,39
5286,45
5287,1
5287,27
5287,45
5287,46
5287,47
5288,1
5288,2
5288,24
5288,33
5288,37
5289,1
5289,2
5289,3
5289,10
5289,25
5290,1
5290,2
5290,16
5290,22
5290,24
5290,33
5290,37
5291,1
5291,2
5291,5
5291,38
5292,1
5292,3
5292,10
5292,25
5292,38
5293,1
5293,2
5293,3
5293,10
5293,25
5293,30
5293,38
5294,1
5294,3
5294,4
5294,5
5295,1
5295,2
5295,7
5295,8
5295,26
5295,27
5296,1
5296,3
5296,5
5296,38
5297,1
5297,3
5297,10
5297,25
5297,38
5297,43
5298,1
5298,3
5298,4
5298,12
5298,13
5298,25
5298,36
5299,1
5299,2
5299,10
5299,38
5300,1
5300,3
5300,45
5300,46
5301,1
5301,2
5301,10
5301,38
5302,2
5302,8
5302,26
5302,27
5303,1
5303,2
5303,3
5303,4
5303,5
5303,17
5304,1
5304,3
5304,4
5304,5
5304,10
5305,1
5305,2
5305,3
5305,5
5305,10
5305,21
5305,38
5306,1
5306,2
5306,7
5306,8
5306,26
5306,27
5306,38
5307,1
5307,2
5307,3
5307,5
5307,10
5308,1
5308,3
5308,4
5308,12
5308,16
5308,25
5309,1
5309,2
5309,3
5309,10
5309,12
5309,25
5309,38
5310,1
5310,2
5310,16
5310,22
5310,24
5310,27
5310,33
5310,37
5311,1
5311,2
5311,34
5311,36
5312,1
5312,3
5312,4
5312,10
5313,1
5313,2
5313,3
5313,5
5313,10
5314,1
5314,3
5314,4
5314,45
5314,47
5315,1
5315,2
5315,4
5315,5
5315,10
5315,13
5315,36
5316,1
5316,2
5316,28
5316,34
5316,36
5316,37
5316,45
5317,1
5317,2
5317,3
5317,10
5317,25
5317,38
5318,1
5318,4
5318,12
5318,18
5318,25
5318,36
5319,1
5319,3
5319,4
5319,10
5319,39
5319,45
5320,1
5320,2
5320,4
5320,5
5321,1
5321,2
5321,10
5321,30
5321,38
5322,1
5322,2
5322,5
5322,38
5322,46
5323,1
5323,2
5323,3
5323,4
5323,5
5323,10
5323,35
5324,1
5324,2
5324,16
5324,22
5324,24
5324,33
5324,36
5324,37
5325,1
5325,3
5325,5
5325,8
5325,10
5326,1
5326,2
5326,3
5326,4
5326,5
5326,30
5327,1
5327,3
5327,4
5327,10
5327,24
5327,39
5327,45
5328,1
5328,3
5328,31
5328,45
5328,46
5328,47
5329,1
5329,3
5329,4
5329,12
5329,19
5329,25
5330,1
5330,2
5330,16
5330,22
5330,24
5330,27
5330,33
5330,37
5331,1
5331,3
5331,4
5331,45
5332,1
5332,3
5332,8
5332,10
5332,38
5333,3
5333,4
5333,12
5333,25
5333,36
5334,1
5334,3
5334,4
5334,10
5334,33
5334,39
5334,45
5335,1
5335,3
5335,4
5335,45
5335,46
5335,47
5336,1
5336,2
5336,4
5336,5
5336,10
5336,36
5337,2
5337,3
5337,5
5337,10
5337,30
5338,1
5338,2
5338,16
5338,22
5338,24
5338,33
5339,1
5339,4
5339,10
5339,16
5339,39
5339,45
5340,1
5340,3
5340,4
5340,35
5340,46
5340,47
5341,1
5341,2
5341,3
5341,4
5341,25
5342,1
5342,45
5342,46
5342,47
5343,1
5343,4
5343,5
5343,10
5344,1
5344,2
5344,7
5344,8
5344,26
5344,27
5345,2
5345,3
5345,10
5345,35
5345,38
5346,1
5346,2
5346,4
5346,5
5346,10
5346,36
5347,1
5347,3
5347,21
5347,45
5347,47
5348,1
5348,2
5348,3
5348,10
5348,25
5348,38
5349,1
5349,3
5349,4
5349,24
5349,45
5350,1
5350,2
5350,16
5350,22
5350,24
5350,25
5350,33
5350,37
5351,1
5351,2
5351,16
5351,22
5351,24
5351,33
5351,37
5352,1
5352,3
5352,4
5352,10
5352,39
5352,45
5353,1
5353,2
5353,7
5353,16
5353,22
5353,24
5353,33
5353,37
5354,1
5354,3
5354,4
5354,12
5354,25
5354,29
5354,36
5355,1
5355,2
5355,10
5355,25
5355,38
5356,2
5356,4
5356,5
5356,10
5357,2
5357,3
5357,4
5357,10
5358,1
5358,2
5358,16
5358,22
5358,37
5359,1
5359,2
5359,3
5359,5
5359,38
5360,3
5360,4
5360,5
5360,9
5360,10
5361,1
5361,3
5361,4
5361,27
5361,39
5361,45
5362,1
5362,3
5362,4
5362,45
5362,46
5362,47
5363,2
5363,3
5363,4
5363,5
5363,14
5364,1
5364,3
5364,4
5364,45
5364,46
5364,47
5365,2
5365,7
5365,8
5365,26
5365,27
5365,42
5366,1
5366,2
5366,3
5366,4
5366,5
5366,10
5367,1
5367,8
5367,28
5367,34
5367,37
5368,4
5368,45
5368,46
5368,47
5369,1
5369,2
5369,7
5369,8
5369,12
5369,26
5370,1
5370,3
5370,5
5370,10
5370,33
5371,1
5371,2
5371,3
5371,10
5371,38
5372,1
5372,3
5372,4
5372,39
5372,45
5373,2
5373,3
5373,10
5373,25
5373,38
5374,2
5374,4
5374,5
5374,10
5374,11
5375,1
5375,2
5375,3
5375,10
5375,25
5375,38
5376,1
5376,3
5376,4
5376,13
5376,45
5376,46
5376,47
5377,1
5377,3
5377,4
5377,45
5377,46
5377,47
5378,3
5378,4
5378,10
5378,39
5379,1
5379,28
5379,36
5379,37
5380,1
5380,3
5380,4
5380,45
5380,46
5380,47
5381,1
5381,2
5381,3
5381,4
5381,5
5381,10
5382,1
5382,3
5382,4
5382,26
5382,45
5382,46
5382,47
5383,1
5383,3
5383,10
5383,23
5383,25
5384,2
5384,23
5384,28
5384,36
5384,37
5385,2
5385,3
5385,5
5385,10
5385,38
5386,1
5386,2
5386,3
5386,4
5386,5
5386,10
5386,12
5387,1
5387,4
5387,10
5387,17
5387,39
5387,45
5388,1
5388,2
5388,3
5388,4
5388,5
5388,10
5389,1
5389,3
5389,4
5389,10
5389,15
5389,39
5389,45
5390,1
5390,4
5390,10
5390,39
5391,3
5391,4
5391,5
5391,10
5392,1
5392,2
5392,3
5392,25
5392,28
5392,38
5393,1
5393,2
5393,4
5393,5
5393,10
5393,28
5393,36
5394,1
5394,3
5394,4
5394,33
5394,45
5394,46
5394,47
5395,2
5395,3
5395,4
5395,5
5396,1
5396,2
5396,5
5396,10
5396,42
5397,1
5397,2
5397,3
5397,5
5397,10
5397,23
5397,38
5398,1
5398,2
5398,4
5398,5
5398,10
5399,1
5399,2
5399,3
5399,5
5399,38
5400,1
5400,2
5400,3
5400,10
5400,20
5400,38
5401,1
5401,2
5401,3
5401,5
5401,10
5401,38
5401,47
5402,1
5402,2
5402,5
5402,21
5402,36
5403,1
5403,2
5403,7
5403,8
5403,26
5403,27
5404,1
5404,2
5404,3
5404,4
5404,5
5404,10
5405,1
5405,2
5405,3
5405,25
5405,38
5406,1
5406,3
5406,10
5406,39
5406,45
5407,2
5407,4
5407,10
5407,36
5408,1
5408,2
5408,3
5408,25
5408,38
5409,1
5409,2
5409,3
5409,4
5409,5
5410,1
5410,8
5410,26
5410,27
5411,3
5411,4
5411,35
5411,45
5411,46
5411,47
5412,1
5412,2
5412,4
5412,36
5413,1
5413,2
5413,8
5413,15
5413,26
5413,27
5414,1
5414,3
5414,5
5414,10
5414,38
5415,2
5415,3
5415,4
5415,5
5415,10
5416,1
5416,2
5416,3
5416,4
5416,5
5416,10
5416,41
5417,2
5417,3
5417,4
5417,10
5417,17
5418,1
5418,2
5418,4
5418,5
5418,10
5419,1
5419,2
5419,3
5419,4
5419,15
5420,1
5420,2
5420,3
5420,10
5420,25
5421,1
5421,3
5421,4
5421,12
5421,25
5421,36
5421,44
5422,1
5422,2
5422,10
5422,38
5423,1
5423,2
5423,4
5423,5
5423,10
5424,1
5424,2
5424,3
5424,10
5424,25
5425,1
5425,3
5425,4
5425,8
5425,46
5425,47
5426,1
5426,8
5426,45
5426,46
5426,47
5427,1
5427,2
5427,4
5427,28
5427,34
5427,36
5427,37
5428,1
5428,2
5428,3
5428,10
5428,25
5428,38
5429,1
5429,3
5429,4
5429,12
5429,25
5429,36
5430,1
5430,2
5430,3
5430,4
5430,5
5430,10
5430,37
5431,3
5431,45
5431,46
5431,47
5432,1
5432,2
5432,3
5432,4
5432,5
5432,10
5433,1
5433,2
5433,3
5433,5
5433,10
5433,38
5433,45
5434,3
5434,4
5434,45
5434,46
5434,47
5435,1
5435,3
5435,4
5435,9
5435,10
5435,39
5435,45
5436,1
5436,3
5436,4
5436,46
5436,47
5437,1
5437,3
5437,5
5437,10
5438,1
5438,2
5438,3
5438,4
5438,5
5438,10
5439,1
5439,3
5439,45
5439,46
5439,47
5440,2
5440,3
5440,4
5440,5
5440,10
5440,45
5441,1
5441,3
5441,4
5441,25
5442,1
5442,2
5442,3
5442,5
5442,10
5442,30
5442,38
5443,1
5443,2
5443,3
5443,5
5443,24
5444,1
5444,3
5444,4
5444,5
5444,10
5444,17
5445,1
5445,2
5445,16
5445,22
5445,24
5445,33
5445,35
5445,37
5446,1
5446,3
5446,12
5446,36
5446,37
5447,2
5447,3
5447,4
5447,5
5448,2
5448,28
5448,31
5448,34
5448,36
5448,37
5449,1
5449,2
5449,3
5449,4
5449,5
5449,10
5450,2
5450,7
5450,8
5450,26
5451,2
5451,8
5451,26
5451,27
5452,1
5452,2
5452,3
5452,4
5452,5
5452,10
5453,1
5453,4
5453,10
5453,36
5454,1
5454,2
5454,3
5454,4
5454,5
5454,10
5454,47
5455,1
5455,3
5455,4
5455,21
5455,45
5455,46
5455,47
5456,1
5456,2
5456,3
5456,5
5456,23
5457,1
5457,2
5457,28
5457,36
5457,37
5458,1
5458,16
5458,22
5458,24
5458,33
5458,34
5458,37
5459,1
5459,2
5459,7
5459,8
5459,26
5460,1
5460,3
5460,4
5460,12
5460,25
5460,35
5460,36
5461,1
5461,4
5461,46
5461,47
5462,3
5462,4
5462,5
5462,10
5463,1
5463,2
5463,34
5463,37
5464,1
5464,28
5464,34
5464,36
5465,1
5465,2
5465,3
5465,5
5465,10
5465,38
5466,1
5466,2
5466,3
5466,10
5466,23
5466,25
5466,38
5467,1
5467,3
5467,4
5467,10
5467,24
5467,39
5467,45
5468,1
5468,3
5468,4
5468,29
5468,45
5468,46
5468,47
5469,1
5469,3
5469,4
5469,6
5469,10
5469,39
5469,45
5470,1
5470,3
5470,4
5470,34
5470,45
5470,46
5470,47
5471,3
5471,4
5471,5
5471,10
5471,13
5472,1
5472,2
5472,3
5472,5
5472,38
5473,1
5473,2
5473,3
5473,4
5473,5
5473,10
5474,3
5474,4
5474,5
5474,10
5475,1
5475,2
5475,3
5475,4
5475,5
5476,2
5476,3
5476,4
5476,10
5477,2
5477,5
5477,10
5477,36
5478,3
5478,10
5478,25
5478,38
5479,1
5479,2
5479,3
5479,10
5480,4
5480,10
5480,35
5480,39
5480,45
5481,1
5481,2
5481,22
5481,34
5481,37
5482,1
5482,2
5482,3
5482,10
5482,25
5482,34
5482,38
5483,1
5483,2
5483,9
5483,28
5483,34
5483,36
5483,37
5484,1
5484,2
5484,25
5484,34
5484,36
5485,1
5485,2
5485,9
5485,16
5485,22
5485,24
5485,33
5485,37
5486,2
5486,28
5486,36
5486,37
5487,1
5487,2
5487,3
5487,4
5487,5
5487,10
5487,34
5488,4
5488,5
5488,10
5488,36
5489,1
5489,3
5489,4
5489,45
5489,47
5490,1
5490,2
5490,14
5490,16
5490,33
5491,3
5491,4
5491,45
5491,46
5491,47
5492,2
5492,3
5492,4
5492,5
5492,26
5493,3
5493,4
5493,45
5493,46
5493,47
5494,1
5494,4
5494,10
5494,36
5494,45
5495,1
5495,3
5495,10
5495,39
5495,45
5496,1
5496,3
5496,4
5496,45
5496,46
5496,47
5497,1
5497,2
5497,3
5497,10
5497,25
5497,38
5498,1
5498,3
5498,4
5498,12
5498,25
5498,37
5499,1
5499,3
5499,46
5499,47
5500,1
5500,2
5500,24
5500,28
5500,34
5500,36
5500,37
5501,1
5501,2
5501,5
5501,10
5501,17
5502,1
5502,2
5502,3
5502,10
5502,25
5502,40
5503,1
5503,3
5503,4
5503,9
5503,45
5503,47
5504,1
5504,3
5504,25
5504,36
5505,1
5505,2
5505,3
5505,5
5505,10
5505,38
5506,3
5506,4
5506,10
5506,39
5507,2
5507,3
5507,4
5507,10
5507,35
5508,1
5508,7
5508,8
5508,27
5508,39
5509,1
5509,2
5509,3
5509,4
5509,5
5509,10
5509,19
5510,2
5510,3
5510,7
5510,10
5510,38
5511,1
5511,2
5511,3
5511,4
5511,10
5512,1
5512,2
5512,3
5512,4
5512,5
5512,10
5512,40
5513,1
5513,2
5513,3
5513,4
5513,5
5513,10
5513,26
5514,1
5514,2
5514,3
5514,4
5514,5
5514,10
5515,1
5515,3
5515,4
5515,5
5516,1
5516,3
5516,10
5516,25
5516,38
5517,2
5517,3
5517,5
5517,10
5518,1
5518,3
5518,43
5518,45
5518,46
5518,47
5519,1
5519,3
5519,4
5519,10
5519,38
5519,39
5519,45
5520,1
5520,2
5520,28
5520,32
5520,36
5521,1
5521,3
5521,5
5521,38
5522,2
5522,3
5522,5
5522,10
5523,2
5523,3
5523,4
5523,5
5523,10
5524,3
5524,10
5524,25
5524,36
5524,38
5525,1
5525,3
5525,4
5525,42
5525,45
5525,46
5526,1
5526,2
5526,4
5526,5
5526,12
5526,36
5527,1
5527,3
5527,4
5527,25
5527,36
5527,46
5528,1
5528,2
5528,3
5528,5
5528,10
5528,38
5529,1
5529,2
5529,5
5529,10
5529,38
5529,45
5530,1
5530,2
5530,3
5530,10
5530,38
5531,3
5531,4
5531,7
5531,25
5531,36
5532,1
5532,3
5532,4
5532,12
5533,1
5533,2
5533,3
5533,4
5533,5
5533,10
5534,1
5534,2
5534,17
5534,28
5534,34
5534,36
5535,2
5535,3
5535,5
5535,38
5536,1
5536,2
5536,3
5536,4
5536,5
5536,10
5537,1
5537,2
5537,3
5537,5
5537,8
5537,10
5537,38
5538,1
5538,2
5538,3
5538,4
5538,5
5538,10
5538,11
5539,1
5539,2
5539,3
5539,10
5539,31
5540,2
5540,3
5540,4
5540,10
5540,35
5541,1
5541,4
5541,10
5541,36
5542,1
5542,3
5542,4
5542,12
5542,25
5542,36
5543,1
5543,2
5543,7
5543,8
5543,26
5543,27
5544,1
5544,2
5544,10
5544,25
5544,38
5545,1
5545,3
5545,4
5545,25
5545,36
5546,1
5546,3
5546,4
5546,21
5546,45
5546,46
5546,47
5547,1
5547,2
5547,3
5547,18
5547,25
5547,38
5548,2
5548,4
5548,5
5548,10
5548,22
5548,36
5549,1
5549,2
5549,3
5549,4
5549,5
5549,10
5550,2
5550,3
5550,4
5550,5
5550,10
5550,29
5551,1
5551,2
5551,7
5551,8
5551,11
5551,26
5551,27
5552,1
5552,3
5552,4
5552,36
5553,3
5553,4
5553,10
5553,16
5553,39
5553,45
5554,1
5554,3
5554,4
5554,10
5554,24
5554,39
5554,45
5555,1
5555,2
5555,3
5555,5
5555,10
5556,1
5556,2
5556,3
5556,10
5556,16
5556,25
5556,38
5557,1
5557,3
5557,4
5557,5
5557,10
5558,1
5558,2
5558,3
5558,10
5559,4
5559,5
5559,10
5559,36
5560,1
5560,4
5560,12
5560,25
5560,36
5561,1
5561,2
5561,4
5561,5
5561,10
5561,25
5561,36
5562,1
5562,3
5562,4
5562,10
5562,45
5562,46
5562,47
5563,1
5563,3
5563,4
5563,42
5563,45
5563,46
5564,3
5564,4
5564,5
5564,10
5565,1
5565,2
5565,4
5565,5
5565,10
5565,36
5565,46
5566,2
5566,3
5566,5
5566,10
5567,1
5567,3
5567,13
5567,45
5567,46
5567,47
5568,1
5568,3
5568,10
5568,25
5568,38
5569,1
5569,2
5569,3
5569,25
5569,38
5570,3
5570,4
5570,12
5570,20
5570,25
5570,36
5571,1
5571,2
5571,4
5571,5
5571,10
5571,20
5571,36
5572,2
5572,3
5572,4
5572,10
5573,1
5573,2
5573,7
5573,8
5573,26
5573,27
5573,44
5574,2
5574,3
5574,4
5574,10
5575,1
5575,16
5575,22
5575,24
5575,33
5575,37
5576,1
5576,4
5576,39
5576,45
5577,1
5577,2
5577,3
5577,25
5577,38
5577,46
5578,1
5578,2
5578,28
5578,34
5578,36
5578,37
5579,1
5579,3
5579,4
5579,10
5579,13
5579,39
5579,45
5580,1
5580,3
5580,4
5580,10
5580,34
5580,39
5580,45
5581,1
5581,2
5581,16
5581,22
5581,24
5581,33
5582,4
5582,5
5582,10
5582,36
5583,1
5583,3
5583,46
5583,47
5584,1
5584,4
5584,10
5584,39
5584,45
5584,46
5585,1
5585,2
5585,16
5585,25
5585,38
5586,1
5586,3
5586,4
5586,43
5586,46
5587,1
5587,2
5587,3
5587,4
5587,5
5587,10
5587,12
5588,1
5588,10
5588,25
5588,38
5589,1
5589,3
5589,4
5589,12
5589,24
5589,25
5589,36
5590,1
5590,2
5590,7
5590,8
5590,27
5591,1
5591,3
5591,4
5591,42
5591,45
5591,46
5591,47
5592,1
5592,2
5592,3
5592,4
5592,10
5593,1
5593,2
5593,3
5593,5
5593,10
5593,38
5594,1
5594,2
5594,4
5594,5
5594,10
5594,18
5594,36
5595,1
5595,2
5595,4
5595,5
5595,10
5595,18
5595,36
5596,1
5596,3
5596,12
5596,25
5596,33
5596,36
5597,1
5597,3
5597,5
5597,38
5598,1
5598,3
5598,4
5598,45
5598,46
5598,47
5599,1
5599,2
5599,4
5599,10
5599,36
5600,1
5600,2
5600,3
5600,5
5600,38
5601,1
5601,2
5601,4
5601,10
5601,33
5602,2
5602,7
5602,8
5602,26
5603,1
5603,2
5603,3
5603,4
5603,5
5603,10
5603,47
5604,1
5604,2
5604,3
5604,4
5604,5
5604,7
5604,10
5605,1
5605,2
5605,5
5605,7
5605,10
5606,1
5606,3
5606,4
5606,5
5606,10
5607,1
5607,3
5607,4
5607,12
5607,25
5607,33
5608,1
5608,3
5608,4
5608,12
5608,25
5608,36
5609,3
5609,4
5609,26
5609,45
5609,46
5609,47
5610,1
5610,2
5610,3
5610,4
5610,5
5611,3
5611,4
5611,10
5611,39
5612,2
5612,3
5612,5
5612,10
5613,4
5613,5
5613,10
5613,36
5614,1
5614,2
5614,4
5614,5
5614,10
5614,36
5615,1
5615,2
5615,3
5615,4
5615,5
5615,10
5615,38
5616,2
5616,28
5616,32
5616,34
5616,36
5617,1
5617,2
5617,28
5617,34
5617,36
5617,37
5617,39
5618,1
5618,2
5618,4
5618,5
5618,10
5618,36
5619,1
5619,3
5619,4
5619,39
5619,45
5620,1
5620,2
5620,3
5620,5
5620,10
5621,1
5621,2
5621,3
5621,4
5621,5
5621,19
5622,1
5622,3
5622,4
5622,45
5622,46
5622,47
5623,2
5623,4
5623,10
5623,36
5624,1
5624,2
5624,7
5624,8
5624,26
5624,27
5625,1
5625,45
5625,46
5625,47
5626,1
5626,16
5626,24
5626,33
5626,37
5627,1
5627,3
5627,5
5627,10
5628,2
5628,3
5628,28
5628,34
5628,36
5628,37
5629,1
5629,2
5629,4
5629,10
5630,1
5630,3
5630,25
5630,32
5630,38
5631,1
5631,2
5631,3
5631,5
5631,10
5632,1
5632,3
5632,4
5632,12
5632,25
5632,36
5633,3
5633,4
5633,5
5633,10
5634,1
5634,2
5634,3
5634,4
5634,5
5634,10
5634,12
5635,1
5635,2
5635,28
5635,34
5635,36
5635,40
5636,2
5636,28
5636,29
5636,36
5636,37
5637,1
5637,2
5637,3
5637,25
5637,37
5638,1
5638,22
5638,33
5638,37
5639,1
5639,3
5639,4
5639,5
5640,1
5640,2
5640,3
5640,4
5640,5
5640,10
5640,17
5641,1
5641,2
5641,4
5641,5
5641,10
5641,36
5642,1
5642,2
5642,7
5642,8
5642,26
5642,27
5642,37
5643,1
5643,4
5643,45
5643,46
5643,47
5644,1
5644,2
5644,3
5644,5
5644,10
5644,38
5644,44
5645,1
5645,3
5645,4
5645,10
5645,29
5645,39
5645,45
5646,1
5646,2
5646,16
5646,22
5646,33
5646,37
5647,2
5647,3
5647,4
5647,10
5647,36
5648,1
5648,28
5648,31
5648,34
5648,36
5649,1
5649,3
5649,4
5649,45
5649,46
5649,47
5650,2
5650,3
5650,5
5650,7
5650,10
5650,38
5651,1
5651,3
5651,4
5651,45
5651,46
5651,47
5652,1
5652,2
5652,4
5652,5
5652,24
5653,1
5653,3
5653,4
5653,7
5653,45
5653,46
5653,47
5654,1
5654,3
5654,4
5654,12
5654,25
5654,36
5655,3
5655,12
5655,25
5655,36
5656,1
5656,2
5656,4
5656,5
5656,10
5656,43
5657,1
5657,2
5657,3
5657,4
5657,10
5657,47
5658,1
5658,2
5658,8
5658,27
5659,1
5659,2
5659,4
5659,5
5659,10
5659,36
5660,1
5660,3
5660,4
5660,45
5660,46
5661,1
5661,2
5661,4
5661,5
5661,10
5661,36
5662,1
5662,2
5662,7
5662,8
5662,26
5662,27
5663,1
5663,2
5663,7
5663,8
5663,26
5663,27
5664,1
5664,3
5664,4
5664,10
5664,39
5665,2
5665,5
5665,10
5665,38
5666,1
5666,2
5666,7
5666,8
5666,26
5667,1
5667,2
5667,16
5667,22
5667,24
5667,33
5668,1
5668,16
5668,22
5668,24
5668,26
5668,33
5668,37
5669,1
5669,2
5669,22
5669,33
5669,37
5669,41
5670,1
5670,4
5670,5
5670,12
5670,25
5670,36
5671,1
5671,2
5671,4
5671,10
5672,1
5672,2
5672,3
5672,4
5672,5
5672,10
5672,41
5673,1
5673,3
5673,4
5673,14
5673,45
5673,46
5673,47
5674,3
5674,4
5674,5
5674,10
5674,24
5675,1
5675,4
5675,10
5675,32
5675,45
5676,1
5676,3
5676,4
5676,5
5676,14
5677,1
5677,3
5677,4
5677,23
5677,45
5677,46
5678,1
5678,2
5678,4
5678,5
5678,10
5678,36
5679,1
5679,3
5679,28
5679,46
5679,47
5680,1
5680,2
5680,3
5680,4
5680,5
5681,1
5681,2
5681,5
5681,10
5681,27
5682,1
5682,3
5682,15
5682,25
5682,38
5683,1
5683,2
5683,4
5683,5
5683,10
5683,18
5684,1
5684,3
5684,4
5684,45
5684,47
5685,1
5685,3
5685,4
5685,45
5685,46
5685,47
5686,1
5686,3
5686,4
5686,45
5686,46
5686,47
5687,1
5687,2
5687,3
5687,4
5687,5
5687,10
5688,1
5688,2
5688,3
5688,10
5689,1
5689,3
5689,4
5689,45
5689,47
5690,1
5690,2
5690,4
5690,5
5690,10
5690,26
5690,36
5691,1
5691,2
5691,14
5691,16
5691,22
5691,24
5691,33
5691,37
5692,2
5692,3
5692,5
5692,10
5692,38
5693,1
5693,2
5693,26
5693,34
5693,36
5693,37
5694,2
5694,4
5694,5
5694,10
5694,36
5695,2
5695,3
5695,4
5695,5
5695,24
5696,1
5696,2
5696,8
5696,26
5696,27
5697,1
5697,2
5697,7
5697,8
5697,27
5697,29
5698,1
5698,2
5698,10
5698,35
5698,36
5699,1
5699,2
5699,3
5699,4
5699,5
5699,8
5700,1
5700,2
5700,16
5700,22
5700,24
5700,33
5701,1
5701,3
5701,4
5701,10
5701,39
5702,2
5702,3
5702,4
5702,10
5703,1
5703,2
5703,4
5703,5
5703,10
5704,1
5704,2
5704,5
5704,10
5704,38
5705,1
5705,3
5705,12
5705,13
5705,25
5706,1
5706,2
5706,3
5706,4
5706,5
5706,33
5707,1
5707,4
5707,5
5707,8
5707,10
5707,36
5708,1
5708,2
5708,3
5708,4
5708,5
5709,2
5709,3
5709,4
5709,5
5710,1
5710,2
5710,22
5710,33
5711,3
5711,12
5711,25
5711,36
5712,1
5712,3
5712,4
5712,10
5712,35
5712,39
5712,45
5713,1
5713,2
5713,28
5713,34
5713,37
5714,1
5714,3
5714,10
5714,13
5714,38
5715,1
5715,4
5715,39
5715,45
5716,1
5716,2
5716,4
5716,5
5716,10
5716,36
5716,42
5717,1
5717,2
5717,3
5717,38
5718,1
5718,4
5718,5
5718,10
5718,36
5718,44
5719,1
5719,2
5719,3
5719,4
5719,10
5720,1
5720,3
5720,4
5720,12
5720,25
5720,36
5721,1
5721,4
5721,45
5721,47
5722,1
5722,3
5722,4
5722,8
5722,12
5722,25
5722,36
5723,3
5723,4
5723,12
5723,15
5723,25
5723,36
5724,1
5724,3
5724,4
5724,25
5724,31
5724,36
5725,3
5725,4
5725,12
5725,25
5726,1
5726,3
5726,4
5726,10
5726,12
5726,25
5726,36
5727,3
5727,4
5727,33
5727,46
5727,47
5728,1
5728,2
5728,3
5728,5
5728,10
5728,38
5728,42
5729,2
5729,3
5729,5
5729,10
5729,27
5730,1
5730,2
5730,3
5730,10
5730,25
5731,1
5731,3
5731,4
5731,8
5731,39
5731,45
5732,1
5732,2
5732,3
5732,4
5732,5
5732,10
5732,26
5733,1
5733,20
5733,28
5733,34
5733,36
5733,37
5734,1
5734,3
5734,4
5734,10
5734,12
5734,39
5734,45
5735,1
5735,2
5735,16
5735,24
5735,33
5735,38
5736,1
5736,2
5736,3
5736,4
5736,5
5736,10
5736,20
5737,1
5737,2
5737,4
5737,10
5737,15
5738,1
5738,2
5738,3
5738,4
5738,5
5738,10
5739,1
5739,2
5739,7
5739,26
5739,27
5740,1
5740,2
5740,28
5740,34
5740,37
5741,1
5741,2
5741,3
5741,4
5741,13
5742,1
5742,2
5742,28
5742,34
5742,36
5743,1
5743,2
5743,3
5743,4
5743,5
5743,10
5744,1
5744,2
5744,3
5744,4
5744,45
5744,47
5745,1
5745,2
5745,16
5745,22
5745,24
5745,33
5745,37
5746,1
5746,2
5746,3
5746,4
5746,5
5747,1
5747,3
5747,4
5747,47
5748,1
5748,2
5748,24
5748,33
5748,37
5749,2
5749,8
5749,26
5749,27
5749,42
5750,1
5750,2
5750,3
5750,4
5750,5
5750,10
5751,1
5751,2
5751,4
5751,5
5751,10
5752,1
5752,2
5752,7
5752,8
5752,10
5752,26
5752,27
5753,1
5753,2
5753,7
5753,8
5753,26
5753,27
5754,1
5754,2
5754,3
5754,4
5754,10
5754,12
5755,1
5755,4
5755,5
5755,10
5755,36
5756,2
5756,4
5756,5
5756,10
5757,1
5757,2
5757,3
5757,10
5757,25
5757,38
5757,40
5758,1
5758,2
5758,3
5758,10
5759,3
5759,12
5759,20
5759,25
5759,36
5760,1
5760,3
5760,4
5760,39
5760,45
5761,1
5761,3
5761,10
5761,21
5761,25
5761,38
5762,1
5762,3
5762,4
5762,45
5762,46
5762,47
5763,1
5763,2
5763,3
5763,4
5763,5
5763,10
5763,11
5764,1
5764,2
5764,28
5764,34
5764,36
5764,37
5765,1
5765,2
5765,3
5765,4
5765,5
5765,10
5766,1
5766,3
5766,46
5766,47
5767,1
5767,4
5767,12
5767,20
5767,25
5767,36
5768,1
5768,4
5768,5
5768,8
5768,10
5768,36
5769,1
5769,2
5769,28
5769,34
5769,36
5769,37
5770,3
5770,12
5770,22
5770,25
5770,36
5771,3
5771,10
5771,28
5771,39
5771,45
5772,1
5772,4
5772,12
5772,19
5772,25
5772,36
5773,1
5773,2
5773,3
5773,10
5773,17
5773,25
5774,1
5774,3
5774,4
5774,5
5774,10
5774,26
5775,1
5775,2
5775,7
5775,8
5775,26
5775,27
5776,1
5776,3
5776,4
5776,12
5776,25
5776,36
5777,1
5777,2
5777,4
5777,5
5777,10
5778,2
5778,28
5778,34
5778,36
5778,37
5779,1
5779,2
5779,16
5779,22
5779,24
5779,33
5779,37
5780,1
5780,2
5780,3
5780,4
5780,5
5781,1
5781,3
5781,4
5781,10
5781,39
5781,45
5781,46
5782,1
5782,3
5782,4
5782,12
5782,25
5782,33
5782,36
5783,1
5783,2
5783,3
5783,4
5783,5
5783,10
5784,1
5784,2
5784,4
5784,10
5785,1
5785,3
5785,25
5785,30
5785,38
5786,1
5786,4
5786,10
5786,30
5786,39
5786,45
5787,1
5787,2
5787,16
5787,22
5787,24
5787,33
5787,37
5787,42
5788,1
5788,3
5788,7
5788,12
5788,25
5788,36
5789,1
5789,2
5789,22
5789,33
5790,1
5790,2
5790,16
5790,22
5790,24
5790,33
5790,37
5790,47
5791,1
5791,3
5791,46
5791,47
5792,1
5792,3
5792,4
5792,23
5792,46
5792,47
5793,1
5793,2
5793,3
5793,4
5793,5
5793,29
5794,1
5794,2
5794,7
5794,8
5794,25
5794,26
5794,27
5795,1
5795,2
5795,3
5795,5
5795,10
5796,1
5796,3
5796,4
5796,47
5797,1
5797,2
5797,3
5797,4
5797,5
5797,10
5797,17
5798,4
5798,5
5798,10
5798,36
5799,1
5799,2
5799,5
5799,10
5800,2
5800,7
5800,8
5800,26
5800,27
5800,42
5801,1
5801,2
5801,4
5801,10
5802,1
5802,2
5802,3
5802,4
5802,5
5802,10
5803,1
5803,2
5803,3
5803,4
5803,5
5803,10
5803,30
5804,1
5804,3
5804,10
5804,39
5805,2
5805,5
5805,10
5805,38
5805,45
5806,1
5806,16
5806,22
5806,24
5806,33
5807,1
5807,3
5807,4
5807,12
5807,25
5807,46
5808,1
5808,4
5808,5
5808,45
5808,46
5809,1
5809,2
5809,3
5809,4
5809,5
5809,10
5809,39
5810,1
5810,2
5810,10
5810,38
5811,1
5811,2
5811,3
5811,5
5811,10
5811,13
5811,38
5812,1
5812,3
5812,4
5812,43
5812,45
5812,46
5812,47
5813,1
5813,2
5813,3
5813,4
5813,9
5814,1
5814,7
5814,8
5814,26
5814,27
5815,1
5815,2
5815,3
5815,4
5815,5
5815,10
5815,47
5816,1
5816,2
5816,7
5816,19
5816,26
5816,27
5817,2
5817,16
5817,24
5817,33
5818,1
5818,3
5818,4
5818,39
5818,45
5818,46
5819,1
5819,3
5819,4
5819,12
5819,25
5819,28
5819,36
5820,1
5820,2
5820,3
5820,5
5820,10
5821,1
5821,3
5821,4
5821,8
5821,10
5821,39
5821,45
5822,1
5822,2
5822,16
5822,24
5822,37
5823,3
5823,10
5823,37
5823,39
5823,45
5824,1
5824,4
5824,8
5824,10
5824,39
5824,45
5825,1
5825,2
5825,7
5825,8
5825,26
5825,27
5826,1
5826,2
5826,4
5826,5
5826,10
5826,36
5827,1
5827,4
5827,10
5827,28
5827,45
5828,2
5828,3
5828,4
5828,5
5828,9
5829,1
5829,3
5829,4
5829,12
5829,36
5829,40
5830,2
5830,28
5830,36
5830,37
5831,1
5831,3
5831,12
5831,25
5831,45
5832,1
5832,3
5832,4
5832,16
5832,45
5832,46
5832,47
5833,1
5833,3
5833,4
5833,10
5833,39
5833,45
5834,1
5834,2
5834,3
5834,10
5834,38
5835,1
5835,25
5835,45
5835,46
5835,47
5836,1
5836,8
5836,26
5836,27
5837,1
5837,2
5837,3
5837,4
5837,5
5837,10
5838,1
5838,2
5838,7
5838,8
5838,15
5838,26
5839,16
5839,22
5839,24
5839,33
5839,37
5840,1
5840,3
5840,5
5840,10
5840,38
5840,46
5841,1
5841,3
5841,4
5841,47
5842,1
5842,3
5842,4
5842,12
5842,34
5842,36
5843,2
5843,3
5843,4
5843,5
5843,14
5844,1
5844,2
5844,3
5844,10
5844,25
5845,1
5845,7
5845,8
5845,27
5845,28
5846,1
5846,4
5846,5
5846,10
5846,36
5847,1
5847,3
5847,16
5847,24
5847,33
5848,2
5848,3
5848,10
5848,38
5849,1
5849,2
5849,4
5849,5
5849,32
5850,1
5850,2
5850,3
5850,4
5850,5
5850,10
5850,27
5851,1
5851,2
5851,3
5851,4
5851,5
5852,2
5852,3
5852,4
5852,5
5852,10
5853,1
5853,3
5853,4
5853,5
5853,10
5853,20
5854,1
5854,2
5854,3
5854,5
5854,10
5854,38
5855,2
5855,3
5855,4
5855,5
5855,10
5856,1
5856,3
5856,4
5856,35
5856,45
5856,46
5856,47
5857,1
5857,3
5857,10
5857,25
5858,1
5858,2
5858,4
5858,5
5858,10
5859,1
5859,2
5859,3
5859,4
5859,5
5859,10
5859,44
5860,1
5860,4
5860,27
5860,45
5860,46
5860,47
5861,1
5861,4
5861,5
5861,10
5862,1
5862,2
5862,4
5862,5
5862,10
5862,36
5863,1
5863,3
5863,4
5863,10
5863,45
5864,1
5864,2
5864,3
5864,10
5864,25
5864,38
5865,1
5865,2
5865,4
5865,10
5865,33
5866,1
5866,3
5866,4
5866,12
5866,25
5866,37
5867,1
5867,2
5867,3
5867,5
5867,10
5867,38
5868,2
5868,3
5868,5
5868,10
5868,13
5869,1
5869,2
5869,3
5869,5
5869,10
5869,26
5870,1
5870,2
5870,28
5870,34
5870,36
5870,37
5871,1
5871,3
5871,4
5871,39
5871,42
5871,45
5872,1
5872,3
5872,4
5872,5
5872,18
5873,1
5873,2
5873,10
5873,25
5874,1
5874,2
5874,5
5874,6
5874,10
5875,1
5875,3
5875,4
5875,12
5875,15
5875,25
5875,36
5876,1
5876,3
5876,4
5876,19
5876,45
5876,46
5876,47
5877,1
5877,2
5877,7
5877,8
5877,20
5877,26
5877,27
5878,1
5878,2
5878,3
5878,5
5878,10
5878,42
5879,1
5879,8
5879,26
5879,27
5880,1
5880,2
5880,3
5880,4
5880,5
5880,10
5880,14
5881,1
5881,3
5881,4
5881,30
5881,45
5881,46
5881,47
5882,1
5882,2
5882,3
5882,4
5882,5
5882,10
5883,3
5883,10
5883,25
5883,38
5884,1
5884,3
5884,4
5884,45
5884,46
5884,47
5885,1
5885,3
5885,22
5885,45
5885,46
5886,1
5886,2
5886,3
5886,4
5886,5
5886,6
5886,10
5887,1
5887,3
5887,4
5887,10
5887,39
5887,45
5888,1
5888,2
5888,4
5888,10
5888,20
5888,36
5889,1
5889,2
5889,4
5889,5
5889,10
5889,34
5889,36
5890,1
5890,14
5890,34
5890,36
5890,37
5891,2
5891,7
5891,8
5891,19
5891,26
5891,27
5892,1
5892,2
5892,4
5892,5
5893,1
5893,4
5893,10
5893,36
5893,39
5894,2
5894,3
5894,4
5894,5
5894,10
5894,27
5895,1
5895,2
5895,4
5895,5
5895,10
5895,12
5895,36
5896,1
5896,2
5896,3
5896,10
5896,25
5896,39
5897,1
5897,7
5897,20
5897,26
5897,27
5898,1
5898,3
5898,4
5898,13
5898,47
5899,1
5899,3
5899,4
5899,45
5899,47
5900,1
5900,3
5900,4
5900,45
5900,47
5901,1
5901,2
5901,4
5901,5
5901,10
5901,36
5901,38
5902,1
5902,3
5902,4
5902,10
5902,20
5903,1
5903,2
5903,3
5903,5
5904,1
5904,2
5904,3
5904,4
5904,5
5904,10
5905,1
5905,2
5905,3
5905,4
5905,5
5905,10
5905,22
5906,1
5906,2
5906,4
5906,5
5906,10
5906,18
5906,36
5907,3
5907,4
5907,12
5907,23
5907,25
5907,36
5908,1
5908,2
5908,33
5908,34
5908,36
5908,37
5909,1
5909,2
5909,4
5909,10
5909,36
5909,37
5910,1
5910,4
5910,10
5910,45
5911,1
5911,3
5911,4
5911,12
5911,25
5911,36
5912,1
5912,2
5912,7
5912,8
5912,26
5912,27
5913,1
5913,2
5913,16
5913,22
5913,24
5913,37
5914,1
5914,2
5914,3
5914,5
5914,10
5914,38
5915,2
5915,24
5915,33
5915,37
5916,1
5916,4
5916,5
5916,36
5917,1
5917,4
5917,5
5917,9
5917,10
5917,36
5918,2
5918,3
5918,4
5918,5
5918,10
5918,32
5919,1
5919,3
5919,4
5919,10
5919,39
5919,45
5920,1
5920,3
5920,45
5920,46
5920,47
5921,1
5921,2
5921,3
5921,5
5921,10
5921,38
5922,1
5922,3
5922,10
5922,12
5922,39
5923,4
5923,45
5923,46
5923,47
5924,1
5924,3
5924,4
5924,28
5924,45
5924,46
5924,47
5925,1
5925,2
5925,3
5925,5
5925,7
5925,10
5925,38
5926,1
5926,3
5926,10
5926,25
5927,1
5927,2
5927,3
5927,5
5927,10
5927,18
5927,38
5928,1
5928,2
5928,5
5928,6
5928,10
5929,1
5929,2
5929,7
5929,8
5929,22
5929,26
5929,27
5930,3
5930,4
5930,5
5930,10
5930,33
5931,1
5931,2
5931,16
5931,22
5931,24
5931,37
5932,1
5932,2
5932,5
5932,6
5932,36
5933,1
5933,3
5933,4
5933,10
5933,39
5933,45
5934,2
5934,3
5934,10
5934,25
5934,33
5934,38
5935,1
5935,2
5935,10
5935,23
5935,25
5935,38
5936,1
5936,2
5936,4
5936,10
5936,36
5937,1
5937,4
5937,5
5937,10
5937,36
5938,1
5938,2
5938,3
5938,10
5938,25
5938,38
5939,7
5939,28
5939,34
5939,36
5939,37
5940,1
5940,3
5940,4
5940,12
5940,25
5940,36
5941,1
5941,3
5941,4
5941,10
5941,22
5941,39
5942,1
5942,2
5942,3
5942,4
5942,5
5942,10
5942,29
5943,1
5943,3
5943,4
5943,10
5943,39
5943,45
5944,1
5944,2
5944,3
5944,4
5944,5
5944,10
5944,38
5945,2
5945,10
5945,25
5945,38
5946,1
5946,3
5946,4
5946,45
5946,46
5946,47
5947,1
5947,2
5947,28
5947,34
5947,36
5947,37
5947,43
5948,2
5948,7
5948,8
5948,26
5948,27
5949,1
5949,2
5949,7
5949,8
5949,27
5950,1
5950,2
5950,3
5950,4
5950,5
5950,10
5950,25
5951,1
5951,2
5951,4
5951,5
5951,10
5951,36
5952,1
5952,2
5952,34
5952,36
5952,37
5952,45
5953,1
5953,3
5953,4
5953,10
5953,19
5953,45
5954,1
5954,3
5954,12
5954,22
5954,25
5954,36
5955,1
5955,2
5955,5
5955,10
5956,1
5956,2
5956,3
5956,5
5956,10
5956,38
5957,3
5957,4
5957,40
5957,45
5957,46
5957,47
5958,1
5958,2
5958,7
5958,8
5958,26
5958,27
5959,1
5959,2
5959,7
5959,8
5959,26
5959,27
5960,1
5960,2
5960,4
5960,5
5960,10
5960,11
5960,36
5961,2
5961,3
5961,25
5961,38
5962,1
5962,2
5962,3
5962,10
5962,25
5962,38
5963,1
5963,2
5963,3
5963,25
5964,1
5964,2
5964,7
5964,26
5964,27
5964,45
5965,1
5965,3
5965,4
5965,10
5965,17
5965,39
5966,1
5966,3
5966,4
5966,10
5966,39
5966,41
5966,45
5967,1
5967,3
5967,4
5967,10
5967,15
5967,39
5967,45
5968,2
5968,7
5968,16
5968,22
5968,33
5968,37
5969,2
5969,34
5969,36
5969,37
5970,2
5970,3
5970,4
5970,5
5970,10
5971,1
5971,2
5971,3
5971,38
5972,2
5972,3
5972,10
5972,25
5972,46
5973,2
5973,28
5973,34
5973,36
5973,37
5974,2
5974,3
5974,10
5974,25
5974,38
5975,1
5975,3
5975,4
5975,12
5975,25
5975,36
5976,1
5976,2
5976,34
5976,36
5976,37
5977,1
5977,3
5977,4
5977,45
5977,46
5977,47
5978,1
5978,2
5978,3
5978,10
5978,15
5978,25
5978,38
5979,1
5979,2
5979,4
5979,5
5979,10
5980,16
5980,22
5980,24
5980,33
5981,1
5981,2
5981,16
5981,22
5981,23
5981,24
5982,1
5982,22
5982,24
5982,37
5983,1
5983,2
5983,3
5983,5
5983,10
5983,27
5983,38
5984,1
5984,2
5984,3
5984,25
5984,38
5985,1
5985,3
5985,12
5985,25
5985,36
5986,1
5986,2
5986,16
5986,22
5986,24
5986,33
5986,37
5986,40
5987,1
5987,3
5987,12
5987,25
5987,35
5988,1
5988,2
5988,28
5988,34
5988,36
5989,1
5989,2
5989,3
5989,5
5989,10
5990,1
5990,2
5990,3
5990,5
5990,10
5990,38
5991,1
5991,2
5991,4
5991,10
5991,36
5992,1
5992,2
5992,28
5992,34
5992,36
5992,37
5993,1
5993,2
5993,4
5993,5
5994,2
5994,16
5994,22
5994,33
5995,1
5995,3
5995,4
5995,33
5995,45
5995,46
5995,47
5996,1
5996,4
5996,12
5996,13
5996,25
5996,36
5997,1
5997,2
5997,3
5997,5
5997,10
5997,17
5997,38
5998,1
5998,2
5998,3
5998,5
5998,10
5998,24
5998,38
5999,1
5999,2
5999,3
5999,5
6000,1
6000,3
6000,4
6000,46
6000,47
6001,2
6001,16
6001,22
6001,24
6001,28
6001,33
6001,37
6002,1
6002,12
6002,25
6002,36
6003,3
6003,4
6003,45
6003,46
6003,47
6004,1
6004,2
6004,10
6004,38
6005,1
6005,3
6005,10
6005,24
6005,38
6006,1
6006,3
6006,4
6006,29
6006,39
6007,3
6007,4
6007,36
6007,46
6007,47
6008,1
6008,2
6008,7
6008,8
6008,26
6008,27
6009,1
6009,2
6009,3
6009,4
6009,5
6009,10
6010,1
6010,3
6010,4
6010,12
6010,25
6010,36
6011,1
6011,2
6011,3
6011,5
6011,10
6012,1
6012,2
6012,4
6012,5
6012,10
6013,1
6013,2
6013,4
6013,5
6013,36
6014,1
6014,2
6014,28
6014,34
6014,36
6014,37
6015,1
6015,3
6015,4
6015,12
6015,25
6015,36
6016,3
6016,4
6016,10
6016,39
6016,45
6017,1
6017,2
6017,7
6017,8
6017,26
6017,27
6017,42
6018,1
6018,2
6018,3
6018,10
6018,14
6018,38
6019,1
6019,2
6019,4
6019,5
6019,10
6019,36
6020,1
6020,2
6020,3
6020,4
6020,5
6020,10
6021,1
6021,3
6021,4
6021,45
6021,47
6022,1
6022,3
6022,5
6022,38
6022,45
6023,1
6023,3
6023,4
6023,10
6023,28
6023,39
6023,45
6024,1
6024,2
6024,4
6024,5
6025,1
6025,2
6025,3
6025,10
6025,25
6025,38
6026,3
6026,4
6026,12
6026,25
6026,41
6027,1
6027,3
6027,4
6027,5
6027,10
6028,2
6028,28
6028,34
6028,37
6029,1
6029,2
6029,7
6029,8
6029,26
6029,27
6030,4
6030,12
6030,25
6030,36
6030,46
6031,2
6031,3
6031,10
6031,38
6032,4
6032,10
6032,39
6032,43
6032,45
6033,1
6033,2
6033,3
6033,5
6033,10
6033,24
6033,38
6034,1
6034,3
6034,4
6034,10
6034,30
6034,45
6035,1
6035,2
6035,3
6035,10
6035,38
6035,46
6036,1
6036,3
6036,4
6036,12
6036,25
6037,1
6037,2
6037,26
6037,27
6038,2
6038,7
6038,26
6038,27
6039,1
6039,3
6039,25
6039,38
6040,1
6040,2
6040,3
6040,10
6041,4
6041,12
6041,25
6041,36
6042,3
6042,4
6042,10
6042,39
6042,45
6043,1
6043,2
6043,3
6043,4
6043,5
6043,10
6044,1
6044,2
6044,3
6044,4
6044,10
6044,12
6045,1
6045,2
6045,4
6045,5
6045,10
6045,32
6045,36
6046,1
6046,3
6046,4
6046,10
6046,21
6046,39
6046,45
6047,1
6047,2
6047,3
6047,4
6047,5
6047,10
6048,3
6048,4
6048,12
6048,25
6049,1
6049,3
6049,4
6049,12
6049,36
6050,1
6050,3
6050,4
6050,5
6050,10
6051,1
6051,2
6051,4
6051,10
6052,1
6052,2
6052,3
6052,5
6052,10
6053,1
6053,2
6053,7
6053,8
6053,12
6053,26
6054,1
6054,2
6054,30
6054,34
6054,36
6054,37
6055,1
6055,3
6055,4
6055,12
6055,24
6055,25
6055,36
6056,1
6056,3
6056,4
6056,10
6056,39
6056,45
6057,2
6057,3
6057,5
6057,38
6058,1
6058,2
6058,3
6058,10
6058,25
6058,38
6058,46
6059,1
6059,2
6059,3
6059,10
6059,21
6059,25
6059,38
6060,1
6060,2
6060,3
6060,4
6060,5
6060,36
6061,3
6061,4
6061,25
6061,36
6061,37
6062,2
6062,3
6062,5
6062,10
6062,26
6063,1
6063,4
6063,5
6063,36
6064,1
6064,3
6064,4
6064,45
6064,46
6064,47
6065,1
6065,2
6065,3
6065,4
6065,5
6065,10
6065,28
6066,1
6066,2
6066,7
6066,8
6066,21
6066,26
6066,27
6067,1
6067,3
6067,4
6067,30
6067,47
6068,2
6068,28
6068,34
6068,36
6068,37
6068,39
6069,1
6069,2
6069,3
6069,10
6069,47
6070,1
6070,3
6070,15
6070,45
6070,47
6071,1
6071,3
6071,10
6071,26
6071,39
6072,1
6072,2
6072,4
6072,10
6072,37
6073,3
6073,12
6073,25
6073,36
6074,1
6074,3
6074,5
6074,10
6074,38
6075,1
6075,2
6075,16
6075,22
6075,24
6075,33
6075,37
6076,2
6076,4
6076,5
6076,10
6076,36
6077,3
6077,4
6077,12
6077,25
6077,36
6078,1
6078,3
6078,4
6078,45
6078,46
6078,47
6079,1
6079,2
6079,7
6079,8
6079,26
6079,27
6080,1
6080,2
6080,3
6080,5
6080,38
6081,1
6081,2
6081,4
6081,5
6081,44
6082,1
6082,3
6082,4
6082,5
6082,7
6082,10
6083,1
6083,3
6083,10
6083,34
6083,38
6084,1
6084,2
6084,4
6084,5
6084,8
6084,10
6085,2
6085,3
6085,10
6085,35
6085,38
6086,1
6086,7
6086,8
6086,27
6087,1
6087,3
6087,4
6087,12
6087,18
6087,25
6087,36
6088,1
6088,2
6088,3
6088,25
6088,38
6089,1
6089,2
6089,3
6089,18
6089,25
6089,38
6090,1
6090,2
6090,3
6090,5
6090,9
6090,10
6090,38
6091,1
6091,2
6091,4
6091,5
6091,10
6091,36
6091,42
6092,1
6092,2
6092,7
6092,26
6092,27
6093,1
6093,2
6093,3
6093,4
6093,10
6094,1
6094,2
6094,3
6094,5
6094,10
6094,17
6094,38
6095,3
6095,4
6095,45
6095,46
6095,47
6096,1
6096,2
6096,28
6096,34
6096,36
6096,37
6097,1
6097,2
6097,4
6097,5
6097,7
6097,10
6097,36
6098,1
6098,2
6098,4
6098,5
6098,36
6098,38
6099,1
6099,2
6099,3
6099,4
6099,5
6099,10
6100,2
6100,3
6100,4
6100,5
6100,10
6100,19
6101,1
6101,2
6101,3
6101,4
6101,5
6101,10
6102,1
6102,2
6102,3
6102,4
6102,5
6102,41
6103,1
6103,2
6103,7
6103,8
6103,11
6103,26
6103,27
6104,1
6104,2
6104,7
6104,8
6104,26
6105,1
6105,2
6105,4
6105,5
6105,10
6105,11
6105,36
6106,1
6106,3
6106,4
6106,10
6106,39
6106,45
6107,1
6107,2
6107,7
6107,8
6107,26
6107,30
6108,1
6108,2
6108,3
6108,4
6108,5
6108,10
6109,1
6109,2
6109,22
6109,24
6109,33
6109,37
6110,2
6110,3
6110,5
6110,10
6110,39
6111,1
6111,2
6111,3
6111,4
6111,5
6111,10
6112,1
6112,2
6112,3
6112,8
6112,10
6112,38
6113,16
6113,22
6113,24
6113,25
6113,33
6113,37
6114,1
6114,2
6114,25
6114,38
6115,1
6115,2
6115,28
6115,34
6115,36
6115,37
6116,2
6116,10
6116,25
6116,38
6117,1
6117,4
6117,45
6117,46
6117,47
6118,1
6118,2
6118,7
6118,8
6118,26
6118,27
6119,1
6119,2
6119,7
6119,8
6119,26
6119,27
6120,3
6120,4
6120,23
6120,45
6120,46
6120,47
6121,1
6121,3
6121,4
6121,10
6121,22
6121,39
6121,45
6122,1
6122,2
6122,6
6122,7
6122,26
6122,27
6123,1
6123,2
6123,17
6123,28
6123,34
6123,36
6123,37
6124,2
6124,16
6124,22
6124,24
6124,33
6124,37
6125,1
6125,2
6125,3
6125,5
6125,10
6125,38
6126,1
6126,4
6126,12
6126,25
6127,1
6127,16
6127,22
6127,23
6127,33
6128,1
6128,2
6128,3
6128,5
6128,38
6129,1
6129,2
6129,3
6129,4
6129,5
6129,37
6130,1
6130,3
6130,4
6130,12
6130,25
6130,36
6131,1
6131,3
6131,5
6131,10
6131,21
6132,1
6132,4
6132,5
6132,10
6132,36
6133,1
6133,2
6133,3
6133,5
6134,2
6134,4
6134,5
6134,10
6135,1
6135,2
6135,3
6135,4
6135,5
6135,10
6136,1
6136,2
6136,3
6136,4
6136,5
6136,10
6136,24
6137,1
6137,3
6137,10
6137,40
6137,45
6138,1
6138,4
6138,10
6138,14
6138,39
6138,45
6139,1
6139,3
6139,4
6139,10
6139,12
6139,45
6140,1
6140,3
6140,4
6140,25
6140,32
6141,3
6141,6
6141,10
6141,25
6141,38
6142,1
6142,2
6142,3
6142,4
6142,10
6143,1
6143,2
6143,16
6143,22
6143,24
6143,30
6143,37
6144,1
6144,3
6144,4
6144,39
6144,45
6145,2
6145,8
6145,16
6145,24
6145,33
6146,1
6146,2
6146,3
6146,10
6146,38
6147,1
6147,2
6147,18
6147,34
6147,36
6147,37
6148,1
6148,2
6148,16
6148,22
6148,24
6148,33
6148,37
6149,1
6149,3
6149,4
6149,10
6150,1
6150,2
6150,4
6150,29
6150,36
6151,1
6151,2
6151,4
6151,5
6151,10
6151,36
6152,1
6152,2
6152,3
6152,38
6153,2
6153,3
6153,4
6153,5
6153,10
6154,1
6154,3
6154,4
6154,37
6154,45
6154,46
6155,2
6155,28
6155,34
6155,36
6155,37
6156,1
6156,3
6156,4
6156,12
6156,25
6156,26
6156,36
6157,1
6157,3
6157,4
6157,5
6157,10
6158,4
6158,10
6158,30
6158,39
6158,45
6159,2
6159,3
6159,10
6159,25
6160,1
6160,2
6160,22
6160,28
6160,34
6160,36
6160,37
6161,1
6161,2
6161,3
6161,5
6161,10
6162,1
6162,3
6162,4
6162,45
6162,46
6162,47
6163,1
6163,2
6163,5
6163,38
6164,2
6164,4
6164,5
6164,10
6165,2
6165,3
6165,4
6165,10
6166,1
6166,3
6166,4
6166,5
6166,10
6166,22
6167,1
6167,2
6167,4
6167,5
6167,10
6168,1
6168,2
6168,4
6168,7
6168,26
6169,1
6169,2
6169,5
6169,10
6169,19
6169,38
6170,1
6170,2
6170,3
6170,4
6170,10
6171,1
6171,3
6171,12
6171,36
6172,1
6172,3
6172,4
6172,45
6173,1
6173,2
6173,3
6173,5
6173,10
6173,15
6173,38
6174,1
6174,3
6174,10
6174,39
6174,43
6174,45
6175,1
6175,2
6175,4
6175,5
6176,1
6176,2
6176,34
6176,36
6176,37
6177,2
6177,4
6177,5
6177,10
6177,36
6178,1
6178,2
6178,3
6178,4
6178,5
6178,10
6178,19
6179,1
6179,3
6179,10
6179,18
6179,45
6180,1
6180,2
6180,3
6180,10
6180,25
6180,38
6181,1
6181,2
6181,28
6181,34
6181,35
6181,36
6181,37
6182,1
6182,2
6182,3
6182,10
6182,38
6183,1
6183,4
6183,10
6183,17
6183,39
6183,45
6184,1
6184,4
6184,10
6184,12
6184,45
6185,1
6185,3
6185,4
6185,12
6185,14
6185,25
6185,36
6186,1
6186,2
6186,3
6186,4
6186,10
6186,18
6187,1
6187,3
6187,4
6187,5
6187,45
6187,46
6188,2
6188,7
6188,8
6188,27
6188,34
6189,1
6189,3
6189,4
6189,5
6189,10
6189,38
6190,1
6190,3
6190,4
6190,10
6190,39
6190,45
6191,1
6191,2
6191,3
6191,4
6191,45
6191,46
6191,47
6192,1
6192,3
6192,4
6192,5
6192,10
6193,1
6193,2
6193,4
6193,5
6193,10
6193,18
6193,36
6194,1
6194,2
6194,28
6194,36
6194,37
6195,1
6195,2
6195,3
6195,4
6196,1
6196,24
6196,34
6196,36
6196,37
6197,1
6197,4
6197,45
6197,46
6198,1
6198,7
6198,8
6198,26
6198,27
6198,34
6199,1
6199,2
6199,4
6199,5
6199,6
6199,10
6199,36
6200,1
6200,4
6200,5
6200,10
6200,21
6200,36
6201,1
6201,3
6201,4
6201,45
6201,46
6202,1
6202,2
6202,3
6202,4
6202,5
6202,10
6203,2
6203,3
6203,4
6203,10
6204,1
6204,3
6204,10
6204,23
6204,39
6204,45
6205,1
6205,2
6205,4
6205,5
6205,10
6205,36
6205,44
6206,1
6206,2
6206,3
6206,25
6206,37
6206,38
6207,1
6207,4
6207,5
6207,9
6207,36
6208,1
6208,2
6208,4
6208,5
6208,10
6209,3
6209,4
6209,34
6209,45
6209,46
6209,47
6210,1
6210,3
6210,4
6210,10
6210,39
6210,45
6211,1
6211,4
6211,5
6211,6
6211,36
6212,1
6212,3
6212,45
6212,46
6212,47
6213,1
6213,3
6213,4
6213,46
6213,47
6214,3
6214,4
6214,36
6214,39
6214,45
6215,1
6215,2
6215,3
6215,5
6215,9
6215,10
6216,1
6216,2
6216,3
6216,4
6216,5
6216,10
6216,45
6217,1
6217,2
6217,4
6217,5
6217,10
6217,36
6218,3
6218,4
6218,13
6218,45
6218,46
6218,47
6219,2
6219,3
6219,4
6219,10
6219,37
6220,1
6220,2
6220,7
6220,28
6220,34
6220,36
6220,37
6221,2
6221,3
6221,10
6221,25
6221,38
6222,1
6222,8
6222,13
6222,26
6222,27
6223,1
6223,2
6223,3
6223,10
6224,1
6224,2
6224,16
6224,22
6224,24
6224,33
6225,1
6225,2
6225,10
6225,28
6225,37
6226,1
6226,2
6226,26
6226,28
6226,34
6226,37
6227,1
6227,3
6227,45
6227,47
6228,1
6228,2
6228,7
6228,8
6228,9
6228,26
6228,27
6229,1
6229,2
6229,3
6229,4
6229,5
6229,10
6230,1
6230,2
6230,3
6230,4
6230,5
6230,10
6231,1
6231,4
6231,16
6231,25
6231,36
6232,1
6232,3
6232,16
6232,22
6232,24
6233,1
6233,3
6233,4
6233,10
6233,39
6233,45
6234,1
6234,2
6234,4
6234,5
6234,10
6234,36
6235,1
6235,3
6235,4
6235,47
6236,1
6236,2
6236,7
6236,27
6236,36
6237,1
6237,2
6237,3
6237,10
6237,25
6238,1
6238,2
6238,4
6238,5
6238,10
6238,36
6239,2
6239,16
6239,22
6239,33
6239,37
6240,1
6240,4
6240,5
6240,10
6241,1
6241,3
6241,4
6241,8
6241,10
6241,39
6241,45
6242,1
6242,2
6242,3
6242,25
6242,38
6243,1
6243,2
6243,4
6243,8
6243,27
6244,1
6244,2
6244,4
6244,5
6244,10
6244,25
6245,2
6245,16
6245,24
6245,30
6245,33
6246,1
6246,3
6246,4
6246,8
6246,46
6246,47
6247,1
6247,2
6247,28
6247,34
6247,36
6248,1
6248,3
6248,17
6248,25
6248,36
6249,1
6249,3
6249,7
6249,12
6249,25
6249,36
6250,16
6250,22
6250,24
6250,37
6251,1
6251,2
6251,4
6251,5
6251,36
6252,3
6252,4
6252,33
6252,45
6252,46
6252,47
6253,1
6253,2
6253,3
6253,4
6253,5
6253,10
6253,38
6254,1
6254,2
6254,3
6254,4
6255,1
6255,2
6255,10
6255,25
6255,42
6256,1
6256,3
6256,4
6256,25
6256,45
6256,46
6256,47
6257,1
6257,4
6257,5
6257,36
6258,1
6258,3
6258,4
6258,12
6259,1
6259,28
6259,34
6259,36
6259,37
6260,2
6260,3
6260,4
6260,5
6260,10
6261,1
6261,2
6261,3
6261,4
6261,5
6261,10
6262,1
6262,2
6262,8
6262,26
6263,1
6263,2
6263,16
6263,24
6263,37
6264,1
6264,2
6264,3
6264,4
6264,10
6264,23
6265,1
6265,2
6265,3
6265,4
6266,1
6266,3
6266,4
6266,12
6266,25
6267,1
6267,2
6267,3
6267,5
6267,12
6267,38
6268,2
6268,3
6268,4
6268,5
6268,10
6268,42
6269,1
6269,3
6269,4
6269,46
6270,1
6270,2
6270,3
6270,4
6270,5
6270,10
6271,3
6271,4
6271,5
6271,10
6272,4
6272,5
6272,12
6272,25
6272,36
6273,2
6273,3
6273,4
6273,5
6273,10
6274,1
6274,2
6274,28
6274,34
6274,36
6274,37
6275,1
6275,2
6275,4
6275,10
6275,15
6275,36
6276,1
6276,2
6276,7
6276,8
6276,26
6276,27
6277,1
6277,2
6277,3
6277,5
6277,30
6277,38
6278,1
6278,2
6278,28
6278,34
6278,36
6278,37
6279,1
6279,3
6279,5
6279,10
6279,25
6279,38
6280,3
6280,4
6280,39
6280,45
6281,1
6281,4
6281,39
6281,45
6282,2
6282,4
6282,5
6282,36
6283,3
6283,4
6283,12
6283,21
6283,36
6284,1
6284,28
6284,34
6284,37
6285,2
6285,3
6285,4
6285,10
6286,1
6286,2
6286,16
6286,22
6286,33
6286,37
6287,2
6287,3
6287,4
6287,10
6287,24
6288,3
6288,4
6288,45
6288,46
6289,1
6289,3
6289,4
6289,5
6289,10
6289,17
6290,1
6290,2
6290,10
6290,38
6291,1
6291,2
6291,16
6291,22
6291,24
6291,34
6291,37
6292,1
6292,2
6292,3
6292,4
6292,5
6292,10
6293,3
6293,4
6293,46
6293,47
6294,1
6294,2
6294,3
6294,4
6294,5
6294,10
6295,1
6295,2
6295,7
6295,8
6295,26
6295,27
6295,43
6296,1
6296,2
6296,4
6296,5
6296,36
6297,1
6297,3
6297,4
6297,45
6297,46
6297,47
6298,1
6298,16
6298,24
6298,33
6299,1
6299,2
6299,3
6299,4
6299,5
6299,22
6300,1
6300,2
6300,3
6300,5
6300,20
6300,38
6301,1
6301,3
6301,45
6301,46
6302,1
6302,2
6302,3
6302,4
6302,5
6302,10
6302,19
6303,2
6303,3
6303,4
6303,10
6304,1
6304,2
6304,3
6304,5
6304,10
6305,2
6305,3
6305,5
6305,10
6305,25
6306,1
6306,2
6306,10
6306,25
6306,36
6307,1
6307,2
6307,3
6307,4
6307,10
6307,24
6308,2
6308,3
6308,4
6308,5
6309,1
6309,2
6309,3
6309,5
6309,10
6310,1
6310,2
6310,4
6310,7
6310,8
6310,26
6311,1
6311,2
6311,4
6311,10
6311,19
6311,36
6312,1
6312,2
6312,3
6312,5
6312,43
6313,1
6313,2
6313,22
6313,24
6313,33
6313,37
6314,1
6314,2
6314,3
6314,10
6314,20
6315,2
6315,4
6315,5
6315,10
6316,1
6316,3
6316,4
6316,12
6316,25
6316,36
6317,1
6317,28
6317,34
6317,36
6317,40
6318,1
6318,2
6318,28
6318,34
6318,36
6318,37
6319,1
6319,4
6319,5
6319,10
6319,43
6320,1
6320,2
6320,4
6320,5
6320,10
6321,1
6321,3
6321,4
6321,5
6321,9
6322,1
6322,3
6322,4
6322,45
6322,46
6322,47
6323,1
6323,2
6323,4
6323,5
6323,10
6323,11
6323,36
6324,3
6324,5
6324,10
6324,38
6325,1
6325,3
6325,4
6325,37
6325,45
6325,46
6325,47
6326,1
6326,3
6326,4
6326,10
6326,39
6326,45
6327,1
6327,2
6327,3
6327,4
6328,1
6328,2
6328,3
6328,4
6328,5
6328,10
6329,1
6329,3
6329,4
6329,12
6329,25
6329,36
6330,1
6330,2
6330,3
6330,4
6330,10
6330,21
6331,1
6331,4
6331,10
6331,36
6331,39
6331,45
6332,1
6332,3
6332,45
6332,46
6332,47
6333,1
6333,2
6333,3
6333,5
6333,10
6334,1
6334,3
6334,4
6334,10
6334,39
6334,45
6335,1
6335,3
6335,4
6335,42
6335,45
6335,46
6335,47
6336,1
6336,2
6336,5
6336,38
6337,1
6337,3
6337,10
6337,25
6337,35
6337,38
6338,1
6338,3
6338,4
6338,5
6339,1
6339,2
6339,3
6339,4
6339,10
6339,26
6340,1
6340,2
6340,3
6340,38
6341,1
6341,2
6341,3
6341,4
6341,5
6341,10
6342,1
6342,3
6342,4
6342,12
6342,25
6342,26
6342,36
6343,2
6343,10
6343,25
6343,30
6343,38
6344,1
6344,2
6344,3
6344,10
6344,25
6344,38
6345,1
6345,2
6345,3
6345,4
6345,5
6345,10
6346,1
6346,2
6346,3
6346,5
6346,10
6346,25
6346,38
6347,1
6347,2
6347,7
6347,8
6347,26
6347,27
6347,47
6348,1
6348,4
6348,5
6348,10
6348,36
6349,2
6349,16
6349,22
6349,24
6349,27
6349,33
6349,37
6350,1
6350,3
6350,4
6350,34
6350,46
6350,47
6351,2
6351,3
6351,4
6351,10
6351,38
6352,1
6352,2
6352,3
6352,10
6352,32
6353,1
6353,2
6353,4
6353,5
6354,1
6354,2
6354,3
6354,4
6354,10
6355,1
6355,3
6355,4
6355,45
6355,46
6355,47
6356,1
6356,3
6356,29
6356,45
6356,46
6357,1
6357,3
6357,4
6357,39
6357,45
6358,1
6358,2
6358,3
6358,10
6359,1
6359,3
6359,4
6359,12
6359,25
6359,36
6360,1
6360,3
6360,45
6360,47
6361,1
6361,2
6361,3
6361,4
6361,5
6361,10
6362,2
6362,3
6362,4
6362,5
6362,9
6362,10
6363,1
6363,3
6363,4
6363,19
6363,45
6364,2
6364,3
6364,4
6364,10
6364,19
6365,1
6365,2
6365,3
6365,4
6365,10
6365,32
6366,1
6366,2
6366,3
6366,10
6366,25
6366,38
6366,43
6367,1
6367,2
6367,3
6367,5
6367,10
6368,4
6368,28
6368,34
6368,36
6368,37
6369,1
6369,3
6369,4
6369,12
6369,20
6369,25
6369,36
6370,1
6370,2
6370,16
6370,24
6370,33
6371,3
6371,12
6371,25
6371,36
6371,37
6372,2
6372,3
6372,25
6372,38
6373,1
6373,2
6373,4
6373,5
6373,10
6373,27
6374,1
6374,2
6374,3
6374,5
6374,10
6374,44
6375,1
6375,2
6375,3
6375,5
6375,10
6376,1
6376,2
6376,16
6376,22
6376,24
6376,33
6376,37
6377,1
6377,2
6377,5
6377,10
6377,19
6378,1
6378,2
6378,3
6378,5
6378,7
6378,10
6378,38
6379,1
6379,3
6379,4
6379,12
6379,25
6379,36
6379,47
6380,1
6380,3
6380,4
6380,45
6380,46
6380,47
6381,1
6381,2
6381,16
6381,18
6381,22
6381,24
6381,33
6381,37
6382,1
6382,2
6382,5
6382,10
6382,12
6382,36
6383,1
6383,2
6383,4
6383,5
6383,10
6383,36
6384,2
6384,3
6384,4
6384,10
6385,1
6385,2
6385,3
6385,4
6385,5
6385,10
6385,23
6386,1
6386,2
6386,28
6386,36
6386,37
6387,1
6387,2
6387,3
6387,4
6387,5
6387,10
6388,1
6388,2
6388,3
6388,5
6388,10
6388,14
6388,38
6389,1
6389,3
6389,4
6389,12
6389,25
6389,36
6390,1
6390,2
6390,22
6390,24
6390,33
6390,37
6391,1
6391,3
6391,4
6391,10
6391,12
6391,39
6391,45
6392,1
6392,4
6392,5
6392,10
6392,21
6393,2
6393,3
6393,10
6393,38
6394,1
6394,2
6394,7
6394,8
6394,27
6394,32
6395,1
6395,2
6395,3
6395,4
6395,5
6395,10
6396,1
6396,2
6396,4
6396,5
6396,10
6397,1
6397,2
6397,12
6397,28
6397,34
6397,36
6397,37
6398,1
6398,2
6398,3
6398,9
6398,10
6398,38
6399,1
6399,3
6399,4
6399,36
6400,1
6400,2
6400,3
6400,4
6400,5
6400,10
6401,3
6401,4
6401,45
6401,46
6402,1
6402,2
6402,3
6402,5
6402,6
6402,10
6402,38
6403,1
6403,2
6403,3
6403,4
6403,5
6403,10
6404,1
6404,2
6404,4
6404,5
6404,10
6404,36
6405,1
6405,2
6405,4
6405,5
6406,1
6406,7
6406,8
6406,26
6406,27
6407,1
6407,22
6407,24
6407,33
6407,37
6408,1
6408,2
6408,3
6408,5
6408,10
6408,38
6409,1
6409,2
6409,3
6409,5
6409,10
6409,37
6410,3
6410,4
6410,10
6410,45
6411,2
6411,3
6411,4
6411,5
6411,10
6412,1
6412,2
6412,28
6412,36
6413,1
6413,3
6413,4
6413,12
6413,25
6413,36
6414,1
6414,2
6414,3
6414,10
6414,16
6414,25
6414,38
6415,1
6415,2
6415,3
6415,4
6415,5
6415,10
6415,39
6416,1
6416,2
6416,3
6416,10
6416,31
6417,1
6417,3
6417,10
6417,38
6418,1
6418,3
6418,4
6418,10
6418,30
6418,39
6418,45
6419,1
6419,2
6419,3
6419,10
6419,24
6419,25
6419,38
6420,1
6420,2
6420,4
6420,5
6420,10
6420,36
6421,1
6421,3
6421,4
6421,46
6421,47
6422,1
6422,2
6422,3
6422,10
6422,38
6423,3
6423,4
6423,12
6423,25
6423,26
6423,36
6424,1
6424,4
6424,12
6424,25
6424,36
6425,1
6425,2
6425,10
6425,38
6426,1
6426,3
6426,4
6426,5
6426,10
6427,1
6427,2
6427,3
6427,10
6427,25
6427,38
6428,1
6428,3
6428,4
6428,45
6428,46
6428,47
6429,1
6429,3
6429,4
6429,45
6429,46
6429,47
6430,2
6430,3
6430,5
6430,10
6430,38
6430,46
6431,2
6431,3
6431,4
6431,5
6431,10
6431,35
6432,3
6432,4
6432,45
6432,47
6433,1
6433,2
6433,7
6433,8
6433,26
6433,27
6433,42
6434,1
6434,3
6434,10
6434,38
6435,2
6435,4
6435,5
6435,10
6436,1
6436,2
6436,3
6436,5
6436,10
6436,38
6437,2
6437,10
6437,25
6437,27
6437,38
6438,3
6438,4
6438,45
6438,46
6438,47
6439,3
6439,4
6439,10
6439,39
6439,45
6440,1
6440,2
6440,3
6440,5
6440,10
6440,38
6440,45
6441,1
6441,2
6441,28
6441,34
6441,36
6441,37
6442,1
6442,2
6442,3
6442,4
6442,5
6442,10
6443,1
6443,2
6443,8
6443,26
6444,1
6444,2
6444,3
6444,10
6445,1
6445,7
6445,26
6445,27
6446,3
6446,4
6446,39
6446,45
6447,1
6447,2
6447,3
6447,4
6447,5
6447,8
6447,10
6448,1
6448,2
6448,3
6448,4
6448,5
6448,10
6448,38
6449,1
6449,3
6449,4
6449,10
6449,29
6450,1
6450,3
6450,4
6450,10
6450,39
6450,45
6451,1
6451,2
6451,3
6451,4
6451,5
6451,10
6452,1
6452,2
6452,3
6452,4
6452,10
6453,1
6453,2
6453,7
6453,8
6453,26
6453,27
6453,42
6454,2
6454,5
6454,10
6454,28
6454,36
6455,1
6455,2
6455,14
6455,28
6455,34
6455,36
6455,37
6456,1
6456,3
6456,10
6456,19
6456,25
6457,2
6457,3
6457,4
6457,5
6458,1
6458,2
6458,3
6458,4
6458,5
6458,10
6458,29
6459,1
6459,2
6459,4
6459,5
6460,1
6460,2
6460,7
6460,8
6460,26
6460,27
6460,43
6461,1
6461,3
6461,4
6461,46
6461,47
6462,1
6462,2
6462,3
6462,5
6462,10
6462,38
6463,1
6463,2
6463,3
6463,5
6463,10
6463,25
6463,38
6464,1
6464,2
6464,3
6464,5
6464,38
6465,1
6465,2
6465,4
6465,30
6465,36
6466,1
6466,4
6466,5
6466,10
6466,25
6467,1
6467,2
6467,3
6467,10
6467,44
6468,1
6468,2
6468,3
6468,5
6468,10
6469,1
6469,2
6469,10
6469,20
6469,25
6469,38
6470,1
6470,2
6470,3
6470,20
6470,25
6471,1
6471,3
6471,4
6471,10
6471,12
6471,25
6471,36
6472,1
6472,3
6472,4
6472,12
6472,25
6472,36
6473,1
6473,2
6473,3
6473,4
6473,5
6473,10
6474,1
6474,2
6474,3
6474,5
6474,10
6475,3
6475,4
6475,10
6475,36
6475,39
6475,45
6476,2
6476,3
6476,4
6476,5
6476,10
6476,25
6477,1
6477,2
6477,3
6477,38
6477,39
6478,1
6478,2
6478,3
6478,4
6478,5
6478,10
6478,32
6479,1
6479,3
6479,5
6479,45
6479,46
6480,1
6480,2
6480,3
6480,4
6480,5
6480,10
6481,1
6481,3
6481,10
6481,25
6481,38
6482,1
6482,2
6482,3
6482,4
6482,10
6483,2
6483,5
6483,10
6483,28
6483,36
6484,1
6484,2
6484,3
6484,4
6484,5
6484,10
6484,12
6485,1
6485,3
6485,4
6485,45
6485,47
6486,1
6486,3
6486,4
6486,12
6486,25
6486,26
6486,36
6487,1
6487,2
6487,4
6487,5
6487,10
6487,36
6488,1
6488,3
6488,4
6488,10
6489,1
6489,4
6489,10
6489,45
6490,1
6490,3
6490,45
6490,46
6490,47
6491,2
6491,4
6491,5
6491,36
6492,1
6492,2
6492,4
6492,10
6492,29
6493,1
6493,2
6493,28
6493,34
6493,36
6493,37
6494,2
6494,3
6494,5
6494,10
6494,22
6495,1
6495,2
6495,3
6495,5
6495,10
6496,1
6496,2
6496,4
6496,5
6496,10
6496,35
6496,36
6497,1
6497,2
6497,6
6497,7
6497,27
6498,2
6498,3
6498,5
6498,10
6499,1
6499,3
6499,4
6499,10
6499,15
6499,39
6499,45
6500,1
6500,3
6500,4
6500,5
6500,10
6500,24
6501,1
6501,2
6501,3
6501,5
6502,1
6502,3
6502,10
6502,21
6502,39
6503,1
6503,3
6503,12
6503,36
6504,1
6504,2
6504,7
6504,8
6504,26
6505,1
6505,3
6505,45
6505,46
6505,47
6506,1
6506,2
6506,4
6506,16
6506,22
6506,24
6506,33
6506,37
6507,1
6507,2
6507,7
6507,8
6507,22
6507,26
6507,27
6508,1
6508,2
6508,7
6508,8
6508,26
6508,27
6508,34
6509,1
6509,2
6509,11
6509,28
6509,36
6509,37
6510,1
6510,3
6510,4
6510,45
6510,46
6510,47
6511,2
6511,9
6511,28
6511,36
6511,37
6512,1
6512,2
6512,7
6512,8
6512,26
6512,27
6513,1
6513,3
6513,4
6513,10
6513,25
6513,38
6514,1
6514,2
6514,5
6514,36
6515,3
6515,4
6515,12
6515,13
6515,25
6515,36
6516,1
6516,3
6516,9
6516,10
6516,39
6516,45
6517,1
6517,4
6517,12
6517,36
6518,1
6518,43
6518,45
6518,46
6518,47
6519,1
6519,3
6519,27
6519,45
6519,46
6519,47
6520,1
6520,3
6520,4
6520,45
6520,46
6520,47
6521,1
6521,4
6521,10
6521,19
6521,39
6522,1
6522,2
6522,3
6522,5
6522,10
6523,1
6523,3
6523,4
6523,5
6523,10
6524,3
6524,4
6524,12
6524,25
6524,42
6525,1
6525,2
6525,3
6525,21
6525,25
6526,1
6526,4
6526,10
6526,45
6526,46
6527,1
6527,2
6527,4
6527,5
6527,10
6528,1
6528,2
6528,3
6528,4
6528,5
6528,10
6528,30
6529,1
6529,2
6529,3
6529,10
6529,20
6530,1
6530,2
6530,4
6530,14
6530,36
6531,1
6531,2
6531,3
6531,4
6531,5
6531,10
6531,17
6532,1
6532,3
6532,4
6532,5
6532,10
6532,14
6533,1
6533,2
6533,4
6533,5
6533,37
6534,1
6534,2
6534,11
6534,28
6534,34
6534,36
6534,37
6535,1
6535,2
6535,4
6535,5
6535,10
6535,36
6535,45
6536,1
6536,4
6536,10
6536,18
6536,45
6537,1
6537,3
6537,4
6537,11
6537,39
6538,1
6538,2
6538,3
6538,5
6539,1
6539,3
6539,4
6539,12
6539,25
6539,26
6540,1
6540,2
6540,10
6540,25
6540,29
6541,1
6541,2
6541,7
6541,27
6541,35
6542,3
6542,4
6542,22
6542,45
6542,46
6543,1
6543,4
6543,45
6543,46
6543,47
6544,1
6544,19
6544,28
6544,34
6544,36
6545,1
6545,3
6545,4
6545,5
6545,10
6545,39
6546,1
6546,2
6546,4
6546,5
6546,10
6547,3
6547,5
6547,8
6547,10
6547,38
6548,1
6548,3
6548,4
6548,12
6548,17
6548,25
6548,36
6549,1
6549,3
6549,4
6549,12
6549,32
6550,1
6550,2
6550,3
6550,4
6550,5
6550,10
6551,1
6551,2
6551,9
6551,22
6551,24
6552,2
6552,34
6552,36
6552,37
6553,1
6553,3
6553,4
6553,45
6553,46
6553,47
6554,1
6554,3
6554,4
6554,45
6554,46
6554,47
6555,1
6555,2
6555,3
6555,4
6555,5
6555,10
6555,32
6556,1
6556,2
6556,5
6556,10
6556,38
6557,1
6557,2
6557,10
6557,17
6557,25
6558,1
6558,2
6558,28
6558,36
6558,37
6558,43
6559,1
6559,4
6559,39
6559,45
6560,1
6560,4
6560,5
6560,36
6561,1
6561,2
6561,12
6561,28
6561,34
6561,36
6561,37
6562,1
6562,2
6562,3
6562,4
6562,12
6562,25
6562,36
6563,3
6563,4
6563,12
6563,25
6563,35
6563,36
6564,3
6564,4
6564,22
6564,46
6564,47
6565,1
6565,7
6565,8
6565,26
6565,27
6566,3
6566,4
6566,12
6566,20
6566,25
6567,1
6567,2
6567,5
6567,10
6567,38
6568,1
6568,10
6568,25
6568,38
6569,1
6569,4
6569,45
6569,46
6569,47
6570,3
6570,4
6570,10
6570,39
6571,2
6571,3
6571,5
6571,38
6572,1
6572,3
6572,4
6572,39
6572,45
6573,1
6573,2
6573,3
6573,5
6573,10
6573,41
6574,1
6574,3
6574,4
6574,25
6575,1
6575,2
6575,7
6575,8
6575,26
6575,27
6575,47
6576,1
6576,2
6576,4
6576,5
6576,10
6576,36
6577,1
6577,2
6577,4
6577,5
6577,22
6577,36
6578,2
6578,3
6578,4
6578,5
6578,10
6578,16
6579,4
6579,5
6579,10
6579,36
6580,1
6580,2
6580,3
6580,4
6580,5
6580,10
6580,38
6581,4
6581,12
6581,25
6581,36
6581,41
6582,1
6582,3
6582,5
6582,10
6583,1
6583,2
6583,34
6583,37
6584,1
6584,2
6584,28
6584,34
6584,36
6584,37
6585,1
6585,3
6585,4
6585,7
6585,10
6585,45
6586,1
6586,2
6586,3
6586,4
6586,5
6586,10
6587,1
6587,3
6587,6
6587,45
6587,46
6587,47
6588,1
6588,12
6588,25
6588,32
6588,36
6589,1
6589,2
6589,3
6589,5
6589,10
6589,38
6590,1
6590,2
6590,7
6590,8
6590,26
6590,27
6591,2
6591,4
6591,5
6591,10
6591,31
6592,1
6592,3
6592,12
6592,25
6592,36
6593,2
6593,4
6593,5
6593,10
6593,24
6594,1
6594,2
6594,4
6594,5
6594,10
6594,36
6594,44
6595,1
6595,2
6595,3
6595,4
6595,10
6595,42
6596,1
6596,12
6596,25
6596,36
6597,1
6597,3
6597,4
6597,25
6598,1
6598,2
6598,3
6598,10
6598,25
6598,38
6599,1
6599,3
6599,4
6599,10
6600,2
6600,4
6600,5
6600,10
6601,1
6601,4
6601,12
6601,25
6601,30
6601,36
6602,1
6602,3
6602,4
6602,10
6602,13
6602,39
6602,45
6603,1
6603,2
6603,3
6603,4
6604,3
6604,4
6604,46
6604,47
6605,1
6605,3
6605,4
6605,18
6605,45
6605,47
6606,1
6606,4
6606,5
6606,10
6606,38
6607,1
6607,2
6607,7
6607,8
6607,26
6607,27
6607,30
6608,1
6608,2
6608,3
6608,4
6608,5
6608,10
6608,11
6609,1
6609,2
6609,4
6609,5
6609,10
6609,36
6609,38
6610,1
6610,2
6610,3
6610,4
6610,10
6611,1
6611,4
6611,5
6611,36
6612,1
6612,3
6612,11
6612,45
6612,46
6612,47
6613,1
6613,16
6613,22
6613,24
6613,33
6614,1
6614,2
6614,3
6614,4
6614,5
6614,10
6615,1
6615,3
6615,4
6615,12
6615,25
6615,36
6616,1
6616,4
6616,5
6616,10
6616,39
6617,1
6617,3
6617,12
6617,25
6618,1
6618,16
6618,22
6618,33
6618,37
6618,42
6619,1
6619,2
6619,3
6619,5
6619,10
6620,1
6620,45
6620,46
6620,47
6621,1
6621,2
6621,5
6621,10
6622,3
6622,4
6622,5
6622,10
6622,41
6623,1
6623,2
6623,14
6623,28
6623,34
6623,36
6623,37
6624,1
6624,2
6624,7
6624,8
6624,26
6625,1
6625,2
6625,28
6625,34
6625,36
6625,37
6626,1
6626,2
6626,10
6626,36
6627,1
6627,2
6627,3
6627,10
6627,25
6628,1
6628,3
6628,4
6628,10
6628,39
6628,42
6629,1
6629,3
6629,4
6629,5
6629,10
6629,23
6630,1
6630,2
6630,4
6630,5
6630,10
6631,1
6631,3
6631,4
6631,10
6631,19
6631,39
6631,45
6632,1
6632,3
6632,4
6632,12
6632,25
6632,29
6632,36
6633,1
6633,3
6633,46
6633,47
6634,1
6634,4
6634,21
6634,45
6634,46
6635,1
6635,10
6635,25
6635,38
6636,3
6636,4
6636,24
6636,45
6636,46
6637,1
6637,2
6637,3
6637,8
6637,10
6637,25
6637,38
6638,1
6638,2
6638,3
6638,4
6638,5
6638,10
6639,1
6639,3
6639,4
6639,12
6639,25
6639,36
6640,1
6640,2
6640,3
6640,4
6640,5
6641,1
6641,2
6641,11
6641,28
6641,34
6642,1
6642,3
6642,11
6642,12
6642,25
6642,36
6643,1
6643,2
6643,4
6643,5
6643,10
6644,1
6644,2
6644,4
6644,5
6644,10
6644,31
6644,36
6645,1
6645,2
6645,3
6645,10
6645,25
6646,1
6646,2
6646,4
6646,5
6646,10
6647,2
6647,3
6647,10
6647,22
6647,25
6647,38
6648,1
6648,2
6648,3
6648,4
6648,5
6648,10
6648,28
6649,1
6649,2
6649,28
6649,34
6649,36
6650,1
6650,3
6650,4
6650,10
6651,1
6651,2
6651,3
6651,10
6651,25
6651,38
6652,1
6652,5
6652,10
6652,38
6653,1
6653,2
6653,3
6653,10
6653,37
6653,38
6654,1
6654,2
6654,3
6654,4
6654,5
6654,10
6654,47
6655,1
6655,2
6655,3
6655,4
6655,5
6655,10
6655,35
6656,3
6656,4
6656,45
6656,46
6656,47
6657,1
6657,2
6657,9
6657,10
6657,38
6658,1
6658,2
6658,3
6658,10
6658,38
6659,1
6659,3
6659,4
6659,45
6659,46
6659,47
6660,1
6660,4
6660,10
6660,36
6660,45
6661,3
6661,4
6661,45
6661,47
6662,1
6662,2
6662,3
6662,4
6662,5
6662,10
6662,16
6663,1
6663,2
6663,4
6663,10
6663,36
6663,41
6664,3
6664,4
6664,37
6664,39
6664,45
6665,1
6665,2
6665,28
6665,34
6665,36
6665,37
6666,1
6666,2
6666,4
6666,5
6666,10
6666,20
6666,36
6667,1
6667,3
6667,4
6667,5
6667,10
6667,24
6668,1
6668,2
6668,10
6668,25
6669,2
6669,3
6669,10
6669,25
6669,38
6670,1
6670,4
6670,5
6670,10
6671,1
6671,2
6671,3
6671,10
6671,18
6671,38
6672,1
6672,2
6672,3
6672,4
6672,5
6672,10
6672,46
6673,2
6673,3
6673,4
6673,10
6674,3
6674,4
6674,19
6674,45
6674,47
6675,1
6675,2
6675,16
6675,22
6675,24
6675,33
6675,37
6676,1
6676,2
6676,28
6676,34
6676,37
6676,46
6677,1
6677,3
6677,4
6677,5
6677,10
6677,23
6678,1
6678,2
6678,3
6678,10
6679,2
6679,4
6679,5
6679,10
6679,31
6680,1
6680,4
6680,42
6680,45
6680,47
6681,1
6681,3
6681,5
6681,10
6681,36
6682,1
6682,2
6682,7
6682,8
6682,27
6683,1
6683,3
6683,10
6683,39
6684,1
6684,2
6684,3
6684,4
6684,5
6684,10
6685,1
6685,2
6685,3
6685,4
6685,5
6685,10
6685,33
6686,1
6686,2
6686,7
6686,8
6686,26
6686,27
6686,28
6687,1
6687,2
6687,3
6687,4
6687,5
6687,10
6688,1
6688,2
6688,11
6688,28
6688,34
6688,36
6688,37
6689,1
6689,2
6689,3
6689,4
6689,10
6689,30
6690,1
6690,2
6690,3
6690,5
6690,10
6691,1
6691,3
6691,12
6691,25
6691,36
6692,3
6692,5
6692,10
6692,38
6693,1
6693,2
6693,3
6693,4
6693,5
6693,10
6693,28
6694,1
6694,2
6694,3
6694,10
6695,1
6695,4
6695,10
6695,22
6695,39
6695,45
6696,1
6696,3
6696,4
6696,10
6696,33
6696,39
6696,45
6697,1
6697,2
6697,5
6697,28
6697,38
6698,1
6698,4
6698,5
6698,10
6698,11
6698,36
6699,1
6699,2
6699,3
6699,4
6699,5
6699,10
6700,1
6700,2
6700,22
6700,24
6700,27
6700,33
6701,1
6701,3
6701,4
6701,16
6701,39
6702,1
6702,3
6702,25
6702,45
6702,46
6702,47
6703,1
6703,21
6703,28
6703,36
6703,37
6704,1
6704,2
6704,5
6704,10
6704,30
6705,1
6705,3
6705,4
6705,9
6705,10
6705,39
6706,1
6706,3
6706,4
6706,10
6706,39
6706,45
6707,1
6707,2
6707,3
6707,10
6707,25
6707,38
6708,1
6708,2
6708,3
6708,4
6708,5
6708,10
6709,1
6709,2
6709,7
6709,8
6709,26
6709,27
6709,28
6710,1
6710,2
6710,3
6710,4
6710,5
6710,10
6710,34
6711,2
6711,3
6711,4
6711,5
6711,10
6712,1
6712,2
6712,3
6712,4
6712,5
6712,13
6713,1
6713,3
6713,4
6713,10
6713,39
6714,1
6714,2
6714,24
6714,28
6714,34
6714,36
6714,37
6715,1
6715,2
6715,3
6715,10
6715,23
6715,25
6715,38
6716,16
6716,22
6716,24
6716,37
6717,1
6717,2
6717,4
6717,5
6717,10
6718,1
6718,2
6718,28
6718,34
6718,36
6718,37
6719,1
6719,3
6719,5
6719,10
6720,3
6720,12
6720,25
6720,36
6721,1
6721,2
6721,28
6721,36
6721,37
6722,3
6722,4
6722,12
6722,25
6722,36
6723,2
6723,5
6723,10
6723,38
6724,1
6724,3
6724,5
6724,10
6724,13
6724,38
6725,1
6725,2
6725,5
6725,7
6725,8
6726,1
6726,3
6726,4
6726,10
6726,39
6726,45
6727,1
6727,2
6727,3
6727,4
6727,5
6727,10
6728,1
6728,4
6728,45
6728,46
6729,1
6729,2
6729,3
6729,4
6729,5
6729,10
6730,1
6730,3
6730,45
6730,47
6731,1
6731,2
6731,3
6731,4
6731,5
6732,1
6732,3
6732,4
6732,5
6732,30
6733,2
6733,3
6733,5
6733,10
6734,1
6734,2
6734,34
6734,37
6735,1
6735,4
6735,5
6735,10
6735,32
6736,1
6736,4
6736,39
6736,45
6737,4
6737,10
6737,39
6737,45
6738,2
6738,4
6738,5
6738,10
6739,2
6739,3
6739,4
6739,5
6739,10
6739,43
6740,1
6740,3
6740,4
6740,12
6740,13
6740,25
6740,36
6741,1
6741,2
6741,3
6741,5
6741,10
6742,1
6742,2
6742,4
6742,5
6742,36
6743,1
6743,2
6743,28
6743,34
6743,36
6743,37
6743,45
6744,1
6744,3
6744,4
6744,12
6744,25
6744,44
6745,1
6745,4
6745,5
6745,10
6745,32
6745,36
6746,1
6746,2
6746,28
6746,34
6746,36
6746,42
6747,3
6747,4
6747,12
6747,25
6747,47
6748,1
6748,2
6748,3
6748,5
6748,9
6749,1
6749,11
6749,45
6749,46
6749,47
6750,1
6750,4
6750,45
6750,47
6751,1
6751,2
6751,3
6751,5
6751,10
6751,38
6752,1
6752,4
6752,12
6752,36
6753,1
6753,3
6753,12
6753,25
6753,36
6754,2
6754,16
6754,17
6754,24
6754,33
6754,37
6755,1
6755,3
6755,10
6755,25
6755,38
6756,1
6756,4
6756,10
6756,39
6756,45
6757,1
6757,2
6757,3
6757,5
6757,10
6757,18
6757,38
6758,1
6758,2
6758,8
6758,26
6758,33
6759,3
6759,4
6759,45
6759,46
6759,47
6760,1
6760,2
6760,36
6760,37
6761,1
6761,2
6761,4
6761,5
6761,10
6761,28
6761,36
6762,1
6762,3
6762,4
6762,25
6762,36
6763,1
6763,2
6763,3
6763,5
6763,38
6763,41
6764,1
6764,2
6764,7
6764,8
6764,26
6765,1
6765,3
6765,4
6765,39
6765,45
6766,1
6766,28
6766,34
6766,36
6766,37
6767,1
6767,3
6767,4
6767,12
6767,25
6767,36
6768,1
6768,2
6768,4
6768,5
6768,10
6769,1
6769,3
6769,10
6769,17
6769,39
6769,45
6770,1
6770,3
6770,4
6770,10
6770,39
6770,45
6770,47
6771,1
6771,2
6771,4
6771,10
6771,11
6772,1
6772,2
6772,20
6772,34
6772,36
6773,1
6773,2
6773,3
6773,10
6774,1
6774,3
6774,4
6774,31
6774,45
6774,46
6774,47
6775,1
6775,2
6775,16
6775,22
6775,33
6775,37
6776,1
6776,4
6776,17
6776,46
6776,47
6777,1
6777,2
6777,4
6777,5
6777,10
6777,36
6778,1
6778,4
6778,10
6778,28
6778,39
6778,45
6779,1
6779,2
6779,3
6779,4
6779,5
6779,10
6780,1
6780,2
6780,10
6780,32
6780,36
6781,1
6781,4
6781,5
6781,10
6781,36
6781,46
6782,1
6782,4
6782,45
6782,46
6782,47
6783,2
6783,28
6783,34
6783,36
6783,37
6784,1
6784,2
6784,3
6784,4
6784,5
6785,23
6785,28
6785,34
6785,36
6785,37
6786,1
6786,2
6786,3
6786,4
6786,10
6786,33
6787,1
6787,3
6787,4
6787,5
6787,10
6787,23
6788,1
6788,28
6788,34
6788,37
6789,1
6789,3
6789,4
6789,45
6789,46
6789,47
6790,1
6790,2
6790,3
6790,10
6790,25
6790,38
6791,1
6791,3
6791,4
6791,10
6792,1
6792,2
6792,3
6792,4
6792,5
6792,8
6792,10
6793,1
6793,2
6793,3
6793,5
6793,10
6793,19
6794,1
6794,2
6794,22
6794,33
6794,44
6795,1
6795,3
6795,4
6795,5
6795,12
6795,25
6795,36
6796,1
6796,2
6796,4
6796,5
6796,10
6796,36
6797,1
6797,2
6797,3
6797,5
6797,10
6797,38
6798,1
6798,2
6798,6
6798,16
6798,22
6798,24
6798,33
6798,37
6799,1
6799,3
6799,4
6799,12
6799,25
6799,36
6800,1
6800,2
6800,3
6800,4
6800,5
6800,10
6800,23
6801,1
6801,3
6801,4
6801,25
6801,36
6802,1
6802,2
6802,4
6802,5
6803,1
6803,2
6803,7
6803,8
6803,26
6803,27
6803,39
6804,1
6804,2
6804,3
6804,10
6804,11
6805,1
6805,3
6805,4
6805,45
6805,46
6805,47
6806,1
6806,2
6806,7
6806,28
6806,36
6806,37
6807,1
6807,2
6807,3
6807,10
6807,25
6807,38
6808,1
6808,2
6808,3
6808,10
6808,25
6808,38
6809,1
6809,3
6809,5
6809,10
6809,38
6810,1
6810,12
6810,25
6810,28
6810,36
6811,1
6811,3
6811,40
6811,45
6811,47
6812,1
6812,2
6812,3
6812,10
6812,25
6812,39
6813,1
6813,3
6813,4
6813,9
6813,10
6813,39
6814,1
6814,3
6814,4
6814,5
6814,10
6815,3
6815,4
6815,45
6815,47
6816,1
6816,2
6816,3
6816,4
6816,5
6816,10
6816,41
6817,1
6817,2
6817,10
6817,25
6817,38
6818,1
6818,2
6818,4
6818,5
6818,10
6818,26
6818,36
6819,1
6819,3
6819,4
6819,12
6819,25
6819,36
6819,46
6820,1
6820,3
6820,4
6820,12
6820,25
6820,36
6820,41
6821,1
6821,4
6821,5
6821,10
6821,12
6822,1
6822,2
6822,3
6822,4
6822,5
6822,10
6823,2
6823,3
6823,5
6823,38
6824,1
6824,3
6824,4
6824,26
6824,46
6824,47
6825,1
6825,2
6825,4
6825,5
6825,10
6825,36
6826,1
6826,2
6826,4
6826,5
6827,2
6827,4
6827,5
6827,10
6827,14
6828,1
6828,3
6828,10
6828,39
6828,45
6829,1
6829,4
6829,45
6829,47
6830,1
6830,2
6830,4
6830,5
6830,10
6830,36
6831,1
6831,2
6831,4
6831,5
6831,36
6831,46
6832,1
6832,3
6832,4
6832,12
6832,25
6832,36
6833,1
6833,2
6833,3
6833,10
6833,18
6833,25
6833,38
6834,1
6834,2
6834,3
6834,10
6835,2
6835,8
6835,13
6835,26
6835,27
6836,1
6836,2
6836,3
6836,4
6836,5
6836,10
6836,11
6837,1
6837,3
6837,4
6837,12
6837,25
6837,26
6837,36
6838,1
6838,2
6838,5
6838,10
6838,38
6839,1
6839,2
6839,3
6839,10
6839,25
6840,1
6840,2
6840,3
6840,4
6840,5
6841,1
6841,5
6841,6
6841,10
6841,38
6842,1
6842,3
6842,4
6842,5
6843,1
6843,2
6843,7
6843,8
6843,26
6843,27
6843,41
6844,1
6844,2
6844,3
6844,4
6844,5
6844,10
6844,20
6845,1
6845,3
6845,4
6845,28
6845,45
6845,46
6845,47
6846,1
6846,2
6846,20
6846,28
6846,34
6846,36
6846,37
6847,1
6847,2
6847,3
6847,4
6847,5
6847,10
6847,17
6848,1
6848,2
6848,3
6848,5
6848,8
6848,10
6848,38
6849,1
6849,38
6849,45
6849,46
6849,47
6850,1
6850,2
6850,8
6850,28
6850,34
6851,1
6851,2
6851,4
6851,5
6851,10
6852,1
6852,4
6852,39
6852,46
6852,47
6853,2
6853,4
6853,5
6853,36
6854,1
6854,3
6854,4
6854,30
6854,45
6854,46
6854,47
6855,2
6855,28
6855,34
6855,37
6856,1
6856,2
6856,3
6856,5
6856,38
6857,1
6857,28
6857,33
6857,34
6857,36
6857,37
6858,1
6858,2
6858,3
6858,5
6858,10
6858,22
6858,38
6859,1
6859,2
6859,28
6859,36
6859,37
6860,1
6860,3
6860,4
6860,10
6861,1
6861,2
6861,3
6861,10
6861,23
6861,25
6861,38
6862,1
6862,2
6862,34
6862,37
6863,1
6863,2
6863,3
6863,4
6863,5
6863,10
6863,12
6864,1
6864,3
6864,4
6864,10
6864,20
6864,39
6864,45
6865,1
6865,2
6865,4
6865,5
6865,10
6865,25
6865,36
6866,1
6866,7
6866,8
6866,26
6867,1
6867,2
6867,3
6867,10
6867,33
6868,1
6868,2
6868,16
6868,24
6868,33
6868,37
6869,1
6869,3
6869,4
6869,28
6869,45
6869,46
6869,47
6870,2
6870,3
6870,25
6870,38
6871,2
6871,3
6871,10
6871,25
6871,38
6872,1
6872,3
6872,4
6872,45
6872,46
6872,47
6873,1
6873,2
6873,13
6873,28
6873,34
6873,36
6873,37
6874,1
6874,2
6874,16
6874,24
6874,25
6874,33
6874,37
6875,1
6875,2
6875,5
6875,10
6876,4
6876,6
6876,10
6876,39
6876,45
6877,2
6877,3
6877,4
6877,5
6877,10
6877,16
6878,1
6878,2
6878,3
6878,28
6878,34
6878,36
6878,37
6879,1
6879,2
6879,3
6879,4
6879,5
6879,10
6879,20
6880,1
6880,2
6880,3
6880,10
6880,25
6880,38
6881,1
6881,3
6881,4
6881,12
6881,32
6881,36
6882,1
6882,2
6882,3
6882,4
6882,15
6883,1
6883,2
6883,3
6883,25
6883,38
6884,1
6884,2
6884,3
6884,4
6884,5
6884,10
6884,41
6885,1
6885,3
6885,4
6885,45
6885,46
6885,47
6886,3
6886,4
6886,12
6886,25
6886,36
6887,1
6887,4
6887,12
6887,25
6887,36
6887,46
6888,1
6888,3
6888,4
6888,10
6888,39
6888,45
6889,1
6889,2
6889,7
6889,8
6889,26
6889,27
6890,1
6890,4
6890,5
6890,10
6891,1
6891,3
6891,4
6891,5
6891,10
6891,25
6892,1
6892,2
6892,3
6892,10
6892,25
6892,30
6892,38
6893,2
6893,4
6893,5
6893,10
6893,36
6893,46
6894,1
6894,2
6894,3
6894,4
6894,5
6894,10
6894,42
6895,1
6895,2
6895,3
6895,4
6895,5
6895,36
6896,1
6896,2
6896,5
6896,38
6897,1
6897,2
6897,3
6897,4
6897,5
6897,45
6898,1
6898,2
6898,11
6898,28
6898,34
6898,36
6898,37
6899,4
6899,10
6899,39
6899,45
6900,1
6900,2
6900,3
6900,4
6900,5
6900,10
6901,1
6901,2
6901,4
6901,5
6901,36
6902,1
6902,2
6902,5
6902,36
6903,1
6903,2
6903,4
6903,5
6903,10
6903,19
6903,36
6904,3
6904,12
6904,25
6904,36
6904,45
6905,1
6905,2
6905,3
6905,5
6905,10
6905,37
6906,1
6906,34
6906,36
6906,37
6907,1
6907,2
6907,3
6907,4
6908,1
6908,2
6908,3
6908,4
6908,46
6908,47
6909,1
6909,4
6909,5
6909,12
6909,25
6909,36
6910,1
6910,2
6910,28
6910,37
6911,1
6911,3
6911,4
6911,10
6911,19
6911,39
6911,45
6912,2
6912,3
6912,4
6912,5
6912,10
6912,22
6913,1
6913,3
6913,4
6913,16
6913,45
6913,46
6913,47
6914,1
6914,2
6914,16
6914,24
6914,37
6915,1
6915,2
6915,4
6915,16
6915,22
6915,24
6915,33
6915,37
6916,1
6916,2
6916,3
6916,4
6916,5
6916,10
6916,34
6917,1
6917,3
6917,4
6917,13
6917,45
6917,46
6917,47
6918,1
6918,3
6918,25
6918,38
6918,46
6919,1
6919,2
6919,10
6919,22
6919,25
6919,38
6920,1
6920,2
6920,3
6920,5
6920,10
6920,38
6920,43
6921,1
6921,2
6921,3
6921,5
6921,10
6921,38
6922,1
6922,3
6922,5
6922,10
6922,38
6923,1
6923,2
6923,28
6923,34
6923,36
6923,37
6923,42
6924,1
6924,2
6924,4
6924,45
6924,46
6924,47
6925,3
6925,4
6925,5
6925,10
6925,42
6926,1
6926,2
6926,3
6926,10
6926,25
6926,38
6927,1
6927,2
6927,3
6927,5
6927,7
6927,10
6928,1
6928,2
6928,3
6928,4
6928,5
6928,10
6929,1
6929,3
6929,36
6929,45
6929,46
6930,2
6930,7
6930,8
6930,27
6931,1
6931,2
6931,3
6931,5
6931,47
6932,1
6932,2
6932,3
6932,4
6932,10
6933,1
6933,3
6933,4
6933,10
6933,39
6934,1
6934,2
6934,3
6934,4
6934,5
6934,10
6935,1
6935,2
6935,3
6935,4
6935,5
6935,10
6935,42
6936,1
6936,2
6936,3
6936,5
6936,10
6936,17
6936,38
6937,4
6937,45
6937,46
6937,47
6938,2
6938,4
6938,5
6938,10
6938,36
6939,1
6939,2
6939,34
6939,36
6939,37
6940,1
6940,2
6940,4
6940,5
6940,10
6940,17
6940,36
6941,1
6941,2
6941,3
6941,4
6941,5
6941,10
6941,20
6942,1
6942,3
6942,4
6942,5
6942,9
6942,10
6943,2
6943,3
6943,4
6943,5
6943,10
6943,22
6944,2
6944,7
6944,8
6944,17
6944,26
6944,27
6945,3
6945,4
6945,10
6945,38
6945,39
6946,1
6946,3
6946,4
6946,10
6947,1
6947,2
6947,16
6947,22
6947,24
6947,29
6947,33
6948,2
6948,3
6948,5
6948,10
6948,38
6948,42
6949,1
6949,2
6949,3
6949,5
6950,1
6950,2
6950,28
6950,34
6950,36
6950,37
6951,2
6951,28
6951,35
6951,36
6951,37
6952,1
6952,3
6952,4
6952,32
6952,45
6952,46
6952,47
6953,1
6953,2
6953,28
6953,32
6953,34
6954,1
6954,4
6954,5
6954,10
6955,1
6955,3
6955,4
6955,5
6956,1
6956,2
6956,3
6956,4
6956,10
6956,31
6957,1
6957,2
6957,4
6957,5
6957,10
6957,36
6958,1
6958,3
6958,10
6958,39
6958,45
6958,47
6959,1
6959,3
6959,4
6959,10
6959,45
6959,46
6959,47
6960,1
6960,3
6960,4
6960,25
6960,36
6961,1
6961,2
6961,3
6961,4
6961,5
6961,10
6961,17
6962,1
6962,2
6962,4
6962,10
6962,36
6963,1
6963,3
6963,4
6963,15
6963,45
6963,46
6963,47
6964,1
6964,2
6964,28
6964,36
6964,37
6965,1
6965,3
6965,4
6965,12
6965,25
6965,36
6966,1
6966,3
6966,4
6966,30
6966,45
6966,46
6966,47
6967,1
6967,8
6967,26
6967,27
6968,1
6968,2
6968,3
6968,4
6968,5
6968,10
6968,22
6969,1
6969,3
6969,4
6969,10
6969,39
6969,45
6970,1
6970,5
6970,10
6970,11
6970,36
6971,1
6971,3
6971,4
6971,45
6971,46
6971,47
6972,1
6972,2
6972,16
6972,22
6972,24
6972,33
6972,37
6973,1
6973,3
6973,30
6973,45
6973,47
6974,1
6974,2
6974,10
6974,38
6975,1
6975,3
6975,4
6975,10
6975,39
6975,45
6976,1
6976,2
6976,8
6976,26
6976,27
6977,2
6977,3
6977,5
6977,10
6978,1
6978,2
6978,4
6978,10
6979,1
6979,2
6979,4
6979,10
6979,28
6979,36
6980,1
6980,2
6980,28
6980,34
6980,36
6980,37
6981,1
6981,2
6981,4
6981,5
6981,8
6981,10
6981,36
6982,1
6982,3
6982,4
6982,12
6983,2
6983,10
6983,25
6983,37
6983,38
6984,1
6984,4
6984,10
6984,39
6984,45
6984,47
6985,1
6985,2
6985,3
6985,10
6985,25
6986,1
6986,2
6986,4
6986,5
6986,10
6986,22
6986,36
6987,2
6987,3
6987,4
6987,5
6987,10
6988,1
6988,2
6988,21
6988,28
6988,34
6988,36
6988,37
6989,1
6989,2
6989,16
6989,22
6989,37
6989,43
6990,2
6990,3
6990,5
6990,10
6991,1
6991,2
6991,16
6991,22
6991,24
6991,33
6991,37
6992,1
6992,2
6992,3
6992,4
6992,5
6992,10
6993,1
6993,2
6993,3
6993,10
6994,1
6994,4
6994,19
6994,45
6994,46
6994,47
6995,1
6995,3
6995,12
6995,25
6995,33
6996,1
6996,2
6996,3
6996,4
6996,5
6996,10
6996,35
6997,1
6997,4
6997,46
6997,47
6998,1
6998,7
6998,8
6998,13
6998,26
6998,27
6999,1
6999,4
6999,45
6999,46
7000,1
7000,2
7000,3
7000,4
7000,5
7000,10
7000,44
7001,1
7001,2
7001,3
7001,4
7001,5
7001,10
7002,1
7002,2
7002,3
7002,5
7002,10
7002,45
7003,1
7003,3
7003,10
7003,30
7003,38
7004,1
7004,3
7004,4
7004,5
7004,12
7004,25
7005,1
7005,3
7005,10
7005,39
7005,45
7005,47
7006,4
7006,45
7006,46
7006,47
7007,1
7007,3
7007,4
7007,23
7007,45
7007,46
7007,47
7008,1
7008,2
7008,5
7008,20
7008,36
7009,1
7009,3
7009,4
7009,5
7009,10
7009,16
7010,2
7010,3
7010,10
7010,25
7011,1
7011,3
7011,4
7011,12
7011,25
7011,36
7012,3
7012,4
7012,31
7012,45
7012,47
7013,1
7013,3
7013,5
7013,10
7013,38
7014,1
7014,3
7014,4
7014,10
7014,39
7014,45
7015,1
7015,2
7015,3
7015,5
7015,10
7015,21
7016,1
7016,2
7016,28
7016,34
7016,36
7016,37
7017,1
7017,2
7017,16
7017,22
7017,24
7017,37
7018,1
7018,2
7018,3
7018,10
7018,16
7018,38
7019,3
7019,4
7019,38
7019,45
7019,46
7020,1
7020,2
7020,3
7020,4
7020,5
7020,10
7021,1
7021,2
7021,3
7021,4
7021,5
7021,10
7021,22
7022,1
7022,2
7022,7
7022,8
7022,26
7022,27
7023,1
7023,4
7023,10
7023,34
7023,39
7023,45
7024,2
7024,28
7024,34
7024,36
7025,1
7025,2
7025,3
7025,4
7025,5
7025,10
7025,14
7026,1
7026,2
7026,3
7026,4
7026,10
7027,1
7027,3
7027,4
7027,5
7027,10
7027,14
7028,1
7028,2
7028,3
7028,5
7028,10
7028,18
7028,38
7029,1
7029,3
7029,4
7029,47
7030,2
7030,4
7030,5
7030,10
7030,40
7031,1
7031,2
7031,3
7031,4
7031,5
7031,10
7032,1
7032,2
7032,5
7032,10
7032,21
7032,38
7033,1
7033,2
7033,3
7033,5
7033,10
7033,38
7034,1
7034,3
7034,4
7034,10
7034,39
7034,44
7034,45
7035,2
7035,3
7035,10
7035,25
7035,38
7036,2
7036,3
7036,4
7036,5
7036,10
7037,1
7037,2
7037,3
7037,10
7037,25
7037,38
7038,2
7038,3
7038,5
7038,10
7038,27
7038,38
7039,1
7039,2
7039,10
7039,23
7039,25
7040,1
7040,28
7040,36
7040,37
7040,39
7041,1
7041,2
7041,4
7041,5
7041,30
7041,36
7042,1
7042,2
7042,3
7042,5
7042,10
7042,44
7043,1
7043,2
7043,3
7043,4
7043,5
7043,9
7043,10
7044,1
7044,2
7044,5
7044,10
7045,1
7045,2
7045,3
7045,16
7045,22
7045,24
7045,33
7045,37
7046,1
7046,2
7046,33
7046,34
7046,36
7046,37
7047,1
7047,2
7047,3
7047,4
7047,10
7048,1
7048,2
7048,3
7048,5
7048,10
7048,38
7049,1
7049,2
7049,3
7049,10
7049,15
7049,38
7050,1
7050,3
7050,5
7050,38
7051,1
7051,2
7051,3
7051,4
7051,5
7051,10
7052,1
7052,2
7052,7
7052,8
7052,26
7052,27
7053,3
7053,4
7053,30
7053,45
7053,47
7054,3
7054,4
7054,5
7054,9
7054,10
7055,1
7055,2
7055,4
7055,10
7055,35
7056,1
7056,2
7056,3
7056,4
7056,5
7056,27
7057,1
7057,2
7057,3
7057,9
7057,10
7057,25
7057,38
7058,1
7058,2
7058,3
7058,4
7058,5
7058,10
7058,27
7059,2
7059,3
7059,4
7059,5
7059,10
7060,1
7060,3
7060,4
7060,45
7060,46
7060,47
7061,1
7061,3
7061,4
7061,45
7061,46
7061,47
7062,1
7062,2
7062,10
7062,25
7062,26
7062,38
7063,2
7063,28
7063,34
7063,36
7063,37
7063,39
7064,1
7064,4
7064,5
7064,10
7064,16
7065,1
7065,2
7065,3
7065,4
7065,5
7065,10
7066,1
7066,3
7066,4
7066,10
7066,13
7066,39
7066,45
7067,1
7067,2
7067,3
7067,4
7067,5
7067,10
7068,1
7068,3
7068,4
7068,40
7068,45
7068,46
7068,47
7069,1
7069,2
7069,16
7069,22
7069,24
7069,33
7069,37
7069,47
7070,1
7070,24
7070,33
7070,37
7071,1
7071,2
7071,3
7071,10
7071,25
7071,29
7071,38
7072,1
7072,3
7072,4
7072,20
7072,36
7073,1
7073,4
7073,5
7073,6
7073,10
7074,3
7074,4
7074,17
7074,45
7074,46
7074,47
7075,2
7075,16
7075,22
7075,24
7075,37
7076,1
7076,3
7076,4
7076,36
7076,46
7076,47
7077,1
7077,2
7077,5
7077,10
7078,1
7078,3
7078,4
7078,10
7078,39
7078,45
7079,1
7079,2
7079,3
7079,5
7079,10
7079,37
7079,38
7080,2
7080,10
7080,25
7080,38
7081,2
7081,3
7081,4
7081,10
7081,39
7082,1
7082,2
7082,3
7082,5
7082,10
7082,21
7083,1
7083,2
7083,3
7083,38
7083,46
7084,1
7084,2
7084,28
7084,32
7084,34
7084,36
7085,1
7085,2
7085,3
7085,4
7085,5
7085,10
7085,36
7086,1
7086,7
7086,26
7086,27
7087,2
7087,3
7087,4
7087,5
7087,10
7088,1
7088,3
7088,4
7088,10
7088,45
7088,47
7089,2
7089,3
7089,10
7089,25
7090,1
7090,16
7090,22
7090,24
7090,33
7090,37
7091,1
7091,2
7091,4
7091,5
7091,10
7092,1
7092,2
7092,5
7092,10
7092,16
7092,36
7093,1
7093,2
7093,3
7093,4
7093,5
7093,10
7094,1
7094,2
7094,28
7094,34
7095,1
7095,7
7095,8
7095,26
7095,44
7096,1
7096,2
7096,16
7096,21
7096,24
7096,33
7096,37
7097,1
7097,3
7097,4
7097,45
7097,47
7098,1
7098,3
7098,4
7098,9
7098,12
7098,25
7098,36
7099,2
7099,4
7099,5
7099,10
7099,36
7100,1
7100,2
7100,3
7100,10
7100,25
7100,38
7101,1
7101,2
7101,3
7101,4
7101,5
7101,10
7101,41
7102,1
7102,2
7102,3
7102,5
7102,10
7103,1
7103,2
7103,3
7103,5
7103,10
7103,38
7104,1
7104,2
7104,28
7104,30
7104,34
7104,36
7104,37
7105,1
7105,3
7105,12
7105,25
7105,29
7105,36
7106,1
7106,4
7106,34
7106,45
7106,47
7107,2
7107,3
7107,4
7107,10
7107,28
7108,3
7108,4
7108,5
7108,10
7108,35
7109,1
7109,2
7109,6
7109,7
7109,27
7110,1
7110,7
7110,8
7110,26
7110,27
7111,1
7111,2
7111,3
7111,4
7111,5
7111,10
7112,1
7112,2
7112,10
7112,25
7112,26
7112,38
7113,1
7113,2
7113,3
7113,5
7113,10
7113,38
7114,1
7114,3
7114,5
7114,22
7114,38
7115,1
7115,2
7115,4
7115,5
7115,29
7115,36
7116,1
7116,2
7116,3
7116,4
7116,24
7117,1
7117,2
7117,25
7117,34
7117,36
7118,1
7118,2
7118,3
7118,4
7118,5
7118,10
7119,1
7119,2
7119,3
7119,4
7119,5
7119,10
7119,37
7120,3
7120,4
7120,10
7120,45
7121,1
7121,2
7121,3
7121,10
7121,25
7121,38
7122,1
7122,2
7122,3
7122,4
7122,5
7122,10
7122,30
7123,1
7123,2
7123,3
7123,4
7123,5
7123,10
7124,1
7124,2
7124,28
7124,34
7124,37
7125,1
7125,2
7125,3
7125,4
7125,5
7125,10
7126,1
7126,2
7126,3
7126,10
7126,25
7126,38
7126,47
7127,1
7127,3
7127,4
7127,12
7127,25
7127,42
7128,1
7128,2
7128,10
7128,25
7128,38
7129,1
7129,3
7129,4
7129,25
7129,36
7130,3
7130,4
7130,44
7130,46
7130,47
7131,1
7131,2
7131,3
7131,4
7131,5
7131,10
7132,1
7132,3
7132,4
7132,45
7132,47
7133,1
7133,2
7133,10
7133,25
7134,1
7134,2
7134,3
7134,38
7134,47
7135,2
7135,4
7135,5
7135,10
7135,25
7136,1
7136,2
7136,3
7136,4
7136,5
7136,28
7137,1
7137,3
7137,4
7137,5
7138,1
7138,2
7138,4
7138,5
7138,10
7138,36
7138,43
7139,1
7139,4
7139,25
7139,36
7140,1
7140,2
7140,7
7140,8
7140,26
7140,27
7141,1
7141,2
7141,4
7141,10
7141,29
7141,36
7142,2
7142,7
7142,8
7142,26
7142,27
7143,3
7143,4
7143,12
7143,25
7143,36
7144,1
7144,3
7144,10
7144,27
7144,38
7145,1
7145,28
7145,34
7145,36
7145,37
7146,1
7146,5
7146,10
7146,34
7146,38
7147,1
7147,2
7147,4
7147,16
7147,22
7147,24
7147,33
7147,37
7148,1
7148,2
7148,28
7148,33
7148,34
7148,36
7148,37
7149,1
7149,2
7149,5
7149,28
7149,38
7150,1
7150,3
7150,45
7150,46
7150,47
7151,1
7151,4
7151,40
7151,45
7151,46
7151,47
7152,1
7152,2
7152,3
7152,5
7152,10
7152,38
7153,2
7153,3
7153,4
7153,10
7153,16
7154,1
7154,2
7154,5
7154,8
7154,10
7155,3
7155,4
7155,37
7155,45
7155,46
7155,47
7156,1
7156,3
7156,4
7156,6
7156,45
7156,47
7157,1
7157,2
7157,4
7157,5
7157,33
7157,36
7158,1
7158,2
7158,3
7158,5
7158,10
7158,38
7159,1
7159,3
7159,4
7159,27
7159,46
7159,47
7160,1
7160,3
7160,25
7160,38
7161,1
7161,3
7161,4
7161,12
7161,25
7162,2
7162,3
7162,5
7162,6
7162,38
7163,1
7163,2
7163,4
7163,5
7164,1
7164,2
7164,3
7164,10
7164,25
7164,43
7165,1
7165,2
7165,36
7165,37
7166,1
7166,2
7166,4
7166,5
7166,36
7167,1
7167,3
7167,4
7167,36
7168,2
7168,3
7168,8
7168,25
7168,38
7169,2
7169,3
7169,5
7169,10
7170,1
7170,2
7170,3
7170,5
7170,10
7170,38
7171,1
7171,3
7171,4
7171,37
7171,45
7171,46
7171,47
7172,1
7172,3
7172,4
7172,45
7172,46
7172,47
7173,3
7173,45
7173,46
7173,47
7174,1
7174,2
7174,3
7174,7
7174,8
7174,26
7174,27
7175,1
7175,3
7175,10
7175,25
7175,28
7175,38
7176,1
7176,3
7176,4
7176,10
7176,39
7177,1
7177,2
7177,3
7177,5
7177,10
7177,45
7178,1
7178,3
7178,4
7178,39
7178,45
7178,46
7178,47
7179,3
7179,4
7179,45
7179,47
7180,2
7180,16
7180,22
7180,25
7180,33
7180,37
7181,1
7181,2
7181,26
7181,27
7182,1
7182,2
7182,3
7182,5
7182,38
7183,1
7183,2
7183,3
7183,5
7183,10
7183,38
7184,1
7184,3
7184,4
7184,45
7184,46
7184,47
7185,1
7185,2
7185,20
7185,28
7185,36
7185,37
7186,1
7186,3
7186,10
7186,12
7186,25
7186,36
7187,1
7187,2
7187,19
7187,28
7187,34
7188,1
7188,2
7188,3
7188,5
7188,10
7188,26
7188,38
7189,1
7189,3
7189,4
7189,12
7189,25
7189,36
7190,1
7190,2
7190,3
7190,10
7190,38
7191,2
7191,3
7191,4
7191,5
7191,10
7191,20
7192,16
7192,24
7192,33
7192,34
7192,37
7193,1
7193,2
7193,3
7193,4
7193,5
7193,10
7194,1
7194,3
7194,4
7194,12
7194,25
7194,36
7195,1
7195,2
7195,4
7195,5
7195,10
7195,36
7196,3
7196,4
7196,12
7196,25
7197,1
7197,2
7197,3
7197,6
7197,10
7197,25
7197,38
7198,1
7198,4
7198,5
7198,36
7199,1
7199,3
7199,4
7199,25
7199,36
7200,1
7200,2
7200,4
7200,36
7201,2
7201,3
7201,10
7201,15
7201,25
7201,38
7202,1
7202,3
7202,4
7202,23
7202,25
7202,36
7203,1
7203,2
7203,7
7203,8
7203,26
7203,27
7204,1
7204,2
7204,3
7204,4
7204,5
7204,10
7205,1
7205,2
7205,3
7205,4
7205,5
7205,10
7206,1
7206,3
7206,4
7206,22
7206,45
7206,46
7206,47
7207,2
7207,3
7207,5
7207,10
7208,1
7208,2
7208,5
7208,10
7208,46
7209,1
7209,2
7209,28
7209,34
7209,36
7209,37
7210,1
7210,2
7210,3
7210,4
7210,5
7210,10
7210,30
7211,1
7211,2
7211,7
7211,26
7212,1
7212,3
7212,4
7212,9
7212,12
7212,25
7213,1
7213,2
7213,4
7213,5
7213,36
7214,1
7214,2
7214,3
7214,5
7215,1
7215,2
7215,3
7215,4
7215,10
7215,30
7216,2
7216,3
7216,10
7216,12
7216,25
7217,1
7217,2
7217,3
7217,10
7217,25
7217,38
7218,1
7218,2
7218,3
7218,10
7218,38
7219,3
7219,4
7219,16
7219,46
7219,47
7220,2
7220,4
7220,5
7220,10
7220,36
7221,1
7221,16
7221,22
7221,24
7221,37
7222,1
7222,3
7222,4
7222,29
7222,45
7222,46
7222,47
7223,1
7223,3
7223,4
7223,5
7223,10
7224,1
7224,2
7224,3
7224,4
7224,5
7224,10
7224,40
7225,1
7225,2
7225,3
7225,4
7225,5
7225,13
7226,1
7226,2
7226,3
7226,4
7226,5
7226,10
7226,36
7227,1
7227,2
7227,3
7227,25
7228,1
7228,3
7228,12
7228,17
7228,25
7228,36
7229,1
7229,3
7229,5
7229,16
7229,38
7230,1
7230,2
7230,3
7230,5
7230,38
7231,1
7231,2
7231,3
7231,38
7232,1
7232,2
7232,28
7232,34
7232,36
7233,1
7233,3
7233,4
7233,10
7234,1
7234,3
7234,4
7234,12
7234,25
7234,35
7234,36
7235,1
7235,2
7235,10
7235,23
7235,25
7235,38
7236,1
7236,3
7236,4
7236,6
7236,12
7236,25
7236,36
7237,2
7237,3
7237,4
7237,10
7237,18
7238,1
7238,2
7238,3
7238,10
7238,38
7239,1
7239,2
7239,3
7239,10
7239,25
7239,27
7239,38
7240,1
7240,4
7240,12
7240,22
7240,25
7241,1
7241,3
7241,4
7241,39
7241,45
7242,1
7242,2
7242,3
7242,4
7242,10
7242,12
7243,1
7243,2
7243,5
7243,10
7243,36
7244,1
7244,2
7244,4
7244,5
7244,10
7244,36
7245,1
7245,2
7245,3
7245,5
7245,10
7245,37
7246,1
7246,4
7246,10
7246,34
7246,39
7246,45
7247,1
7247,3
7247,10
7247,24
7247,38
7248,1
7248,12
7248,25
7248,30
7248,36
7249,1
7249,2
7249,16
7249,22
7249,33
7249,37
7250,1
7250,2
7250,4
7250,5
7250,10
7250,36
7251,1
7251,2
7251,7
7251,8
7251,26
7251,27
7252,3
7252,5
7252,10
7252,38
7253,1
7253,2
7253,7
7253,8
7253,26
7253,27
7254,1
7254,2
7254,7
7254,8
7254,26
7254,27
7255,1
7255,4
7255,12
7255,25
7255,33
7255,36
7256,1
7256,2
7256,10
7256,36
7257,1
7257,4
7257,12
7257,25
7258,4
7258,45
7258,46
7258,47
7259,1
7259,2
7259,4
7259,5
7259,36
7260,4
7260,5
7260,45
7260,46
7260,47
7261,1
7261,2
7261,3
7261,5
7261,10
7262,1
7262,2
7262,3
7262,4
7262,5
7262,10
7263,1
7263,2
7263,3
7263,4
7263,5
7263,10
7264,1
7264,3
7264,4
7264,36
7264,45
7264,46
7264,47
7265,1
7265,3
7265,4
7265,5
7265,47
7266,4
7266,5
7266,10
7266,36
7267,1
7267,2
7267,3
7267,4
7267,10
7268,1
7268,2
7268,5
7268,10
7269,1
7269,2
7269,3
7269,4
7269,5
7269,10
7270,1
7270,2
7270,3
7270,4
7270,5
7270,8
7270,10
7271,1
7271,2
7271,4
7271,5
7271,10
7271,29
7271,36
7272,1
7272,2
7272,28
7272,34
7272,36
7272,37
7273,1
7273,2
7273,3
7273,38
7274,1
7274,2
7274,28
7274,34
7274,36
7274,37
7275,1
7275,2
7275,3
7275,5
7275,10
7275,22
7275,38
7276,1
7276,3
7276,4
7276,8
7276,12
7276,25
7276,36
7277,2
7277,4
7277,10
7277,36
7278,1
7278,2
7278,3
7278,4
7278,5
7278,6
7279,1
7279,2
7279,7
7279,8
7279,26
7279,27
7280,1
7280,2
7280,3
7280,5
7280,10
7280,36
7281,1
7281,2
7281,3
7281,4
7281,5
7281,37
7282,1
7282,2
7282,3
7282,5
7282,38
7282,40
7283,1
7283,2
7283,3
7283,4
7283,5
7283,10
7284,2
7284,8
7284,12
7284,26
7284,27
7285,1
7285,2
7285,28
7285,34
7285,36
7285,37
7286,1
7286,2
7286,3
7286,4
7286,5
7286,10
7287,3
7287,4
7287,10
7287,33
7287,39
7287,45
7288,1
7288,3
7288,4
7288,5
7288,10
7288,27
7289,1
7289,3
7289,4
7289,12
7289,25
7289,36
7290,1
7290,2
7290,3
7290,5
7290,13
7291,1
7291,3
7291,4
7291,45
7291,46
7291,47
7292,1
7292,3
7292,4
7292,10
7292,39
7292,45
7293,1
7293,2
7293,4
7293,10
7293,11
7294,2
7294,3
7294,5
7294,10
7294,38
7295,1
7295,2
7295,7
7295,8
7295,20
7295,26
7296,3
7296,4
7296,10
7296,34
7296,39
7296,45
7297,1
7297,2
7297,3
7297,5
7297,10
7297,35
7298,3
7298,4
7298,15
7298,45
7298,46
7299,1
7299,2
7299,3
7299,4
7299,5
7299,10
7299,14
7300,1
7300,2
7300,3
7300,4
7300,5
7300,10
7300,42
7301,1
7301,3
7301,45
7301,46
7302,1
7302,5
7302,10
7302,26
7302,36
7303,1
7303,2
7303,4
7303,5
7303,36
7303,37
7304,1
7304,2
7304,3
7304,4
7304,5
7304,10
7305,1
7305,3
7305,5
7305,10
7305,31
7306,1
7306,3
7306,18
7306,45
7306,47
7307,1
7307,2
7307,16
7307,21
7307,24
7307,33
7308,1
7308,2
7308,4
7308,5
7308,10
7308,27
7309,1
7309,3
7309,45
7309,46
7309,47
7310,1
7310,2
7310,16
7310,18
7310,22
7310,24
7310,33
7310,37
7311,2
7311,5
7311,10
7311,38
7312,1
7312,2
7312,5
7312,7
7312,38
7313,1
7313,3
7313,4
7313,10
7313,12
7313,25
7313,36
7314,1
7314,2
7314,3
7314,4
7314,5
7314,10
7315,1
7315,2
7315,28
7315,34
7315,36
7315,37
7315,39
7316,1
7316,3
7316,4
7316,10
7316,39
7316,45
7317,1
7317,2
7317,3
7317,4
7317,5
7317,18
7318,1
7318,3
7318,4
7318,45
7318,46
7318,47
7319,1
7319,2
7319,3
7319,5
7319,13
7320,2
7320,3
7320,10
7320,25
7320,38
7321,3
7321,4
7321,5
7321,10
7321,42
7322,1
7322,2
7322,4
7322,5
7322,10
7322,24
7323,1
7323,2
7323,3
7323,4
7323,5
7323,10
7324,1
7324,2
7324,16
7324,22
7324,24
7325,1
7325,3
7325,4
7325,12
7325,25
7325,36
7325,38
7326,1
7326,2
7326,3
7326,5
7326,10
7326,38
7326,43
7327,1
7327,2
7327,16
7327,20
7327,22
7327,24
7327,33
7327,37
7328,1
7328,3
7328,4
7328,25
7328,36
7329,2
7329,6
7329,28
7329,34
7329,36
7329,37
7330,1
7330,2
7330,4
7330,10
7330,14
7330,36
7331,1
7331,3
7331,4
7331,44
7331,45
7332,1
7332,2
7332,3
7332,5
7332,10
7332,25
7332,38
7333,1
7333,3
7333,4
7333,12
7333,21
7333,25
7333,36
7334,1
7334,2
7334,4
7334,10
7334,36
7334,44
7335,1
7335,2
7335,5
7335,10
7335,38
7336,1
7336,2
7336,3
7336,5
7336,10
7336,38
7337,1
7337,2
7337,3
7337,5
7337,10
7338,1
7338,2
7338,3
7338,5
7339,1
7339,3
7339,4
7339,12
7339,14
7339,25
7339,36
7340,2
7340,3
7340,4
7340,5
7340,10
7340,32
7341,1
7341,19
7341,28
7341,34
7341,36
7342,1
7342,3
7342,8
7342,10
7342,38
7343,1
7343,2
7343,3
7343,10
7343,25
7343,38
7343,45
7344,1
7344,2
7344,5
7344,16
7344,22
7344,24
7344,37
7345,1
7345,2
7345,3
7345,5
7345,10
7345,38
7346,1
7346,2
7346,3
7346,4
7346,5
7346,10
7347,1
7347,2
7347,3
7347,10
7347,34
7347,38
7348,1
7348,3
7348,12
7348,14
7348,25
7348,36
7349,1
7349,2
7349,3
7349,5
7349,28
7350,1
7350,2
7350,3
7350,4
7350,9
7350,10
7351,1
7351,2
7351,3
7351,5
7351,20
7352,2
7352,3
7352,10
7352,25
7352,28
7353,3
7353,4
7353,12
7353,45
7353,46
7353,47
7354,1
7354,3
7354,25
7354,38
7355,1
7355,4
7355,5
7355,10
7355,25
7355,36
7356,1
7356,3
7356,4
7356,10
7357,1
7357,3
7357,4
7357,45
7357,46
7357,47
7358,1
7358,3
7358,4
7358,6
7358,45
7358,46
7358,47
7359,1
7359,2
7359,3
7359,4
7359,5
7359,42
7360,1
7360,4
7360,5
7360,10
7360,25
7360,36
7361,1
7361,2
7361,4
7361,10
7361,31
7362,7
7362,8
7362,26
7362,27
7362,38
7363,1
7363,3
7363,4
7363,5
7363,41
7364,1
7364,2
7364,28
7364,34
7364,36
7364,37
7365,1
7365,2
7365,7
7365,8
7365,23
7365,27
7366,1
7366,2
7366,3
7366,5
7366,8
7366,10
7366,38
7367,1
7367,3
7367,4
7367,45
7367,46
7368,1
7368,2
7368,3
7368,4
7368,5
7368,10
7368,47
7369,1
7369,3
7369,4
7369,19
7369,47
7370,2
7370,4
7370,5
7370,10
7370,13
7371,1
7371,2
7371,3
7371,38
7372,1
7372,4
7372,5
7372,10
7372,36
7373,4
7373,12
7373,25
7373,36
7374,1
7374,3
7374,4
7374,5
7374,10
7375,1
7375,4
7375,5
7375,25
7375,36
7376,3
7376,4
7376,5
7376,10
7376,34
7377,1
7377,2
7377,3
7377,4
7377,5
7377,10
7378,3
7378,45
7378,46
7378,47
7379,1
7379,3
7379,4
7379,26
7379,45
7379,47
7380,1
7380,3
7380,45
7380,46
7381,2
7381,3
7381,5
7381,10
7382,1
7382,3
7382,4
7382,45
7382,46
7382,47
7383,3
7383,4
7383,12
7383,25
7384,1
7384,3
7384,4
7384,46
7384,47
7385,1
7385,2
7385,13
7385,22
7385,24
7385,33
7385,37
7386,2
7386,3
7386,5
7386,10
7387,3
7387,4
7387,45
7387,46
7388,1
7388,2
7388,8
7388,26
7388,27
7389,4
7389,19
7389,45
7389,46
7389,47
7390,1
7390,26
7390,28
7390,34
7390,36
7391,1
7391,3
7391,4
7391,45
7391,46
7391,47
7392,1
7392,2
7392,3
7392,4
7392,5
7392,10
7392,26
7393,1
7393,3
7393,4
7393,10
7393,38
7393,39
7393,45
7394,2
7394,23
7394,28
7394,34
7394,36
7395,1
7395,3
7395,4
7395,45
7395,47
7396,1
7396,3
7396,4
7396,10
7397,1
7397,2
7397,3
7397,4
7397,5
7397,14
7398,1
7398,2
7398,3
7398,4
7398,5
7398,10
7399,1
7399,2
7399,7
7399,8
7399,26
7399,27
7400,1
7400,3
7400,4
7400,10
7400,21
7400,39
7400,45
7401,1
7401,3
7401,4
7401,10
7401,39
7402,1
7402,2
7402,28
7402,34
7402,36
7402,37
7402,46
7403,1
7403,2
7403,3
7403,4
7403,5
7403,37
7404,1
7404,4
7404,46
7404,47
7405,1
7405,4
7405,5
7405,10
7405,36
7406,1
7406,3
7406,4
7406,5
7406,10
7407,1
7407,4
7407,41
7407,45
7407,46
7407,47
7408,1
7408,2
7408,4
7408,5
7408,10
7408,36
7409,1
7409,2
7409,3
7409,4
7409,5
7409,9
7409,10
7410,1
7410,3
7410,32
7410,45
7410,46
7411,3
7411,4
7411,10
7411,45
7412,1
7412,2
7412,3
7412,10
7412,25
7412,38
7413,1
7413,2
7413,3
7413,4
7413,5
7413,10
7413,18
7414,1
7414,3
7414,4
7414,12
7414,25
7414,35
7414,36
7415,1
7415,2
7415,16
7415,37
7416,1
7416,3
7416,10
7416,25
7416,38
7417,1
7417,2
7417,3
7417,4
7417,10
7418,1
7418,2
7418,10
7418,29
7418,38
7419,1
7419,3
7419,4
7419,5
7419,9
7419,10
7420,1
7420,3
7420,4
7420,12
7420,25
7420,30
7420,36
7421,1
7421,2
7421,5
7421,10
7421,15
7422,1
7422,4
7422,5
7422,10
7422,24
7423,1
7423,2
7423,3
7423,4
7423,5
7423,10
7423,34
7424,1
7424,2
7424,4
7424,5
7424,10
7424,36
7425,1
7425,3
7425,4
7425,45
7425,46
7425,47
7426,2
7426,3
7426,5
7426,10
7426,38
7426,42
7427,1
7427,2
7427,7
7427,8
7427,26
7427,42
7428,1
7428,2
7428,3
7428,4
7428,5
7428,44
7429,1
7429,2
7429,4
7429,5
7429,10
7429,18
7430,1
7430,2
7430,16
7430,22
7430,24
7430,29
7430,37
7431,1
7431,3
7431,4
7431,10
7431,45
7432,1
7432,2
7432,4
7432,5
7432,10
7432,28
7432,36
7433,1
7433,2
7433,4
7433,10
7433,36
7433,38
7434,1
7434,34
7434,36
7434,37
7435,2
7435,3
7435,4
7435,5
7436,1
7436,3
7436,4
7436,12
7436,25
7436,36
7436,41
7437,1
7437,2
7437,3
7437,4
7437,10
7438,1
7438,4
7438,45
7438,46
7438,47
7439,1
7439,3
7439,10
7439,45
7440,1
7440,2
7440,3
7440,5
7440,10
7440,38
7440,45
7441,1
7441,3
7441,4
7441,10
7442,1
7442,3
7442,4
7442,12
7442,25
7442,36
7443,1
7443,3
7443,4
7443,10
7443,17
7443,39
7443,45
7444,1
7444,3
7444,4
7444,10
7444,19
7444,39
7444,45
7445,1
7445,3
7445,4
7445,10
7445,45
7446,1
7446,2
7446,3
7446,5
7446,10
7447,1
7447,2
7447,7
7447,8
7447,26
7448,1
7448,2
7448,8
7448,26
7449,3
7449,4
7449,5
7449,10
7449,17
7450,1
7450,3
7450,4
7450,10
7450,38
7451,3
7451,4
7451,5
7451,10
7451,28
7452,1
7452,3
7452,45
7452,46
7453,1
7453,2
7453,4
7453,10
7453,36
7454,1
7454,2
7454,3
7454,10
7454,25
7454,38
7454,42
7455,3
7455,4
7455,6
7455,10
7455,45
7456,1
7456,4
7456,5
7456,10
7456,26
7457,1
7457,3
7457,4
7457,10
7457,19
7457,45
7458,2
7458,16
7458,24
7458,29
7458,37
7459,1
7459,2
7459,3
7459,4
7459,5
7460,1
7460,2
7460,8
7460,10
7460,26
7460,27
7461,1
7461,2
7461,10
7461,38
7462,1
7462,4
7462,12
7462,36
7463,2
7463,3
7463,4
7463,5
7463,10
7463,21
7464,2
7464,3
7464,10
7464,25
7464,38
7465,1
7465,3
7465,5
7465,10
7465,28
7466,1
7466,2
7466,4
7466,5
7466,36
7467,1
7467,2
7467,3
7467,30
7467,38
7468,1
7468,2
7468,7
7468,8
7468,26
7468,27
7469,1
7469,2
7469,4
7469,10
7469,26
7469,36
7470,1
7470,3
7470,4
7470,11
7470,45
7470,46
7470,47
7471,1
7471,2
7471,28
7471,34
7471,37
7472,1
7472,3
7472,4
7472,25
7472,36
7473,1
7473,2
7473,3
7473,10
7473,25
7473,38
7473,46
7474,1
7474,2
7474,3
7474,5
7474,38
7475,2
7475,16
7475,18
7475,22
7475,24
7475,33
7476,1
7476,7
7476,8
7476,26
7476,27
7477,1
7477,2
7477,34
7477,37
7477,40
7478,3
7478,4
7478,10
7478,31
7478,39
7478,45
7479,1
7479,4
7479,10
7479,39
7479,45
7480,1
7480,2
7480,7
7480,8
7480,17
7480,27
7481,1
7481,2
7481,3
7481,5
7481,10
7481,45
7482,2
7482,4
7482,5
7482,10
7482,36
7483,1
7483,2
7483,3
7483,5
7483,10
7483,34
7483,38
7484,1
7484,2
7484,7
7484,8
7484,22
7485,1
7485,2
7485,16
7485,22
7485,24
7485,32
7485,33
7485,37
7486,2
7486,28
7486,34
7486,36
7486,37
7487,1
7487,2
7487,8
7487,25
7487,38
7488,1
7488,2
7488,3
7488,4
7488,10
7488,24
7489,1
7489,2
7489,4
7489,5
7489,10
7489,32
7489,36
7490,1
7490,2
7490,10
7490,16
7490,38
7491,2
7491,7
7491,8
7491,26
7491,27
7492,1
7492,2
7492,3
7492,5
7492,10
7492,26
7493,2
7493,3
7493,25
7493,38
7494,1
7494,3
7494,5
7494,10
7494,43
7495,1
7495,2
7495,3
7495,5
7495,38
7496,1
7496,4
7496,42
7496,45
7496,47
7497,1
7497,3
7497,4
7497,45
7497,46
7497,47
7498,1
7498,2
7498,3
7498,4
7498,5
7498,35
7499,1
7499,3
7499,4
7499,8
7499,45
7499,46
7499,47
7500,1
7500,3
7500,4
7500,5
7501,1
7501,2
7501,3
7501,10
7501,25
7501,38
7502,1
7502,2
7502,5
7502,10
7502,36
7503,1
7503,2
7503,3
7503,25
7503,46
7504,1
7504,7
7504,8
7504,26
7504,27
7504,36
7505,1
7505,3
7505,4
7505,12
7506,1
7506,2
7506,10
7506,38
7506,43
7507,3
7507,4
7507,12
7507,25
7507,36
7507,41
7508,3
7508,45
7508,46
7508,47
7509,1
7509,2
7509,3
7509,10
7510,1
7510,3
7510,4
7510,45
7510,46
7510,47
7511,1
7511,2
7511,13
7511,28
7511,36
7511,37
7512,1
7512,3
7512,4
7512,10
7512,39
7512,45
7513,1
7513,2
7513,7
7513,26
7513,27
7514,1
7514,2
7514,4
7514,5
7514,10
7514,39
7515,1
7515,2
7515,3
7515,5
7515,10
7515,38
7516,1
7516,2
7516,3
7516,10
7516,25
7516,38
7517,1
7517,2
7517,3
7517,4
7517,5
7517,10
7518,1
7518,3
7518,4
7518,10
7518,39
7518,45
7519,2
7519,7
7519,8
7519,26
7519,27
7520,1
7520,3
7520,4
7520,46
7520,47
7521,1
7521,2
7521,3
7521,4
7522,1
7522,2
7522,3
7522,10
7523,2
7523,3
7523,4
7523,5
7523,21
7524,1
7524,3
7524,4
7524,10
7524,39
7524,45
7525,1
7525,2
7525,3
7525,4
7525,5
7525,10
7526,1
7526,2
7526,3
7526,4
7526,5
7526,10
7527,1
7527,3
7527,10
7527,45
7528,3
7528,4
7528,45
7528,46
7528,47
7529,1
7529,2
7529,4
7529,10
7529,23
7530,1
7530,2
7530,3
7530,4
7530,5
7530,10
7531,1
7531,3
7531,4
7531,12
7531,25
7531,32
7531,36
7532,1
7532,2
7532,3
7532,4
7532,5
7532,10
7533,1
7533,3
7533,4
7533,5
7533,10
7533,16
7534,1
7534,2
7534,28
7534,37
7534,43
7535,1
7535,2
7535,4
7535,5
7536,1
7536,3
7536,4
7536,10
7537,1
7537,2
7537,3
7537,5
7537,8
7537,10
7538,1
7538,2
7538,3
7538,4
7538,5
7538,38
7539,1
7539,2
7539,4
7539,10
7539,36
7539,41
7540,1
7540,2
7540,7
7540,8
7540,26
7540,27
7540,28
7541,1
7541,3
7541,4
7541,24
7541,46
7541,47
7542,2
7542,3
7542,4
7542,5
7542,25
7543,1
7543,3
7543,45
7543,46
7543,47
7544,1
7544,2
7544,3
7544,7
7544,10
7544,38
7545,1
7545,2
7545,3
7545,4
7545,10
7546,1
7546,2
7546,3
7546,4
7546,5
7546,10
7547,2
7547,3
7547,4
7547,5
7547,10
7547,12
7548,1
7548,3
7548,5
7548,7
7548,10
7549,1
7549,2
7549,3
7549,5
7549,10
7549,38
7550,1
7550,3
7550,4
7550,45
7550,46
7550,47
7551,2
7551,3
7551,4
7551,5
7551,10
7551,12
7552,1
7552,3
7552,4
7552,8
7552,45
7552,46
7552,47
7553,1
7553,2
7553,22
7553,33
7553,37
7554,1
7554,2
7554,3
7554,5
7554,10
7554,16
7554,38
7555,2
7555,7
7555,8
7555,26
7555,27
7555,42
7556,1
7556,3
7556,45
7556,46
7556,47
7557,1
7557,2
7557,28
7557,34
7557,36
7557,37
7558,1
7558,2
7558,8
7558,26
7558,27
7558,42
7559,1
7559,3
7559,12
7559,14
7559,25
7560,1
7560,7
7560,26
7560,27
7561,1
7561,4
7561,12
7561,36
7562,2
7562,3
7562,4
7562,5
7563,1
7563,2
7563,16
7563,22
7563,24
7563,33
7563,37
7564,2
7564,3
7564,10
7564,25
7564,41
7565,1
7565,2
7565,3
7565,4
7565,5
7565,10
7565,44
7566,2
7566,16
7566,24
7566,33
7566,37
7567,1
7567,2
7567,3
7567,4
7567,5
7567,10
7568,1
7568,2
7568,3
7568,4
7568,5
7568,10
7568,17
7569,1
7569,2
7569,5
7569,10
7569,36
7570,1
7570,2
7570,4
7570,5
7570,10
7570,36
7571,1
7571,2
7571,4
7571,5
7571,10
7571,23
7571,36
7572,1
7572,2
7572,22
7572,24
7572,37
7573,1
7573,3
7573,4
7573,45
7573,46
7573,47
7574,1
7574,2
7574,4
7574,5
7574,10
7574,36
7575,1
7575,3
7575,45
7575,46
7575,47
7576,1
7576,3
7576,4
7576,12
7576,25
7576,36
7577,1
7577,3
7577,4
7577,7
7577,45
7577,46
7577,47
7578,1
7578,2
7578,3
7578,4
7578,10
7578,37
7579,1
7579,3
7579,4
7579,32
7579,45
7579,46
7579,47
7580,1
7580,2
7580,3
7580,10
7580,25
7580,38
7581,1
7581,2
7581,10
7581,25
7581,33
7581,38
7582,1
7582,20
7582,28
7582,34
7582,36
7582,37
7583,1
7583,3
7583,4
7583,12
7583,25
7583,36
7584,1
7584,3
7584,4
7584,10
7584,39
7584,45
7585,2
7585,3
7585,10
7585,25
7586,1
7586,2
7586,28
7586,31
7586,34
7586,36
7586,37
7587,1
7587,2
7587,3
7587,10
7588,1
7588,2
7588,7
7588,8
7588,14
7588,26
7588,27
7589,1
7589,3
7589,4
7589,5
7589,10
7589,36
7590,1
7590,10
7590,12
7590,25
7590,38
7591,1
7591,3
7591,4
7591,5
7591,10
7592,1
7592,2
7592,8
7592,27
7593,1
7593,3
7593,4
7593,12
7593,25
7593,36
7594,1
7594,2
7594,3
7594,5
7594,38
7595,2
7595,4
7595,5
7595,8
7595,10
7595,36
7596,1
7596,2
7596,3
7596,5
7596,10
7596,38
7596,45
7597,1
7597,2
7597,5
7597,10
7597,20
7598,1
7598,2
7598,3
7598,4
7598,5
7598,8
7599,1
7599,2
7599,4
7599,5
7599,15
7600,1
7600,2
7600,3
7600,4
7600,5
7600,10
7600,16
7601,1
7601,4
7601,10
7601,39
7601,45
7602,1
7602,3
7602,4
7602,12
7602,15
7602,25
7602,36
7603,1
7603,2
7603,3
7603,5
7603,10
7604,1
7604,4
7604,24
7604,45
7604,46
7604,47
7605,1
7605,3
7605,5
7605,10
7605,20
7605,38
7606,2
7606,3
7606,4
7606,5
7607,1
7607,2
7607,3
7607,4
7607,10
7607,39
7607,45
7608,1
7608,3
7608,4
7608,10
7608,19
7608,45
7609,1
7609,2
7609,28
7609,34
7609,36
7609,37
7610,1
7610,3
7610,4
7610,45
7610,46
7610,47
7611,1
7611,2
7611,3
7611,4
7611,5
7611,10
7612,2
7612,16
7612,22
7612,24
7612,33
7612,39
7613,1
7613,3
7613,4
7613,36
7613,47
7614,1
7614,3
7614,4
7614,7
7614,10
7615,3
7615,4
7615,45
7615,47
7616,1
7616,2
7616,3
7616,10
7616,25
7616,38
7617,1
7617,4
7617,5
7617,10
7617,28
7618,2
7618,3
7618,10
7618,25
7618,38
7619,1
7619,2
7619,3
7619,10
7619,25
7619,38
7620,1
7620,2
7620,3
7620,4
7620,10
7621,1
7621,3
7621,4
7621,12
7621,25
7621,36
7622,1
7622,2
7622,7
7622,28
7622,34
7622,36
7623,2
7623,3
7623,4
7623,10
7623,26
7624,1
7624,2
7624,3
7624,4
7624,5
7624,20
7625,1
7625,10
7625,39
7625,45
7626,1
7626,2
7626,4
7626,5
7626,10
7626,36
7627,1
7627,3
7627,4
7627,25
7627,40
7628,1
7628,2
7628,3
7628,5
7628,10
7628,38
7629,1
7629,4
7629,5
7629,10
7629,24
7629,36
7630,2
7630,16
7630,22
7630,37
7631,1
7631,4
7631,10
7631,15
7631,39
7631,45
7632,1
7632,7
7632,8
7632,26
7633,2
7633,4
7633,10
7633,21
7633,36
7634,1
7634,3
7634,4
7634,12
7634,25
7634,36
7635,1
7635,2
7635,25
7635,28
7635,34
7635,36
7635,37
7636,2
7636,10
7636,25
7636,30
7636,38
7637,1
7637,4
7637,5
7637,10
7637,36
7638,1
7638,3
7638,4
7638,20
7638,45
7639,1
7639,2
7639,3
7639,4
7639,20
7640,1
7640,2
7640,4
7640,5
7640,10
7640,25
7640,36
7641,2
7641,3
7641,4
7641,5
7642,1
7642,4
7642,5
7642,10
7643,1
7643,4
7643,15
7643,45
7643,47
7644,2
7644,3
7644,4
7644,10
7644,38
7645,1
7645,2
7645,3
7645,10
7645,25
7645,38
7646,1
7646,2
7646,3
7646,4
7646,45
7646,47
7647,1
7647,2
7647,3
7647,10
7647,22
7647,25
7647,38
7648,3
7648,4
7648,5
7648,10
7648,23
7649,1
7649,2
7649,3
7649,4
7649,5
7649,10
7650,1
7650,2
7650,3
7650,5
7650,38
7651,1
7651,2
7651,4
7651,10
7652,1
7652,2
7652,3
7652,4
7652,5
7652,10
7653,1
7653,2
7653,3
7653,4
7653,5
7653,10
7654,3
7654,4
7654,45
7654,46
7654,47
7655,1
7655,2
7655,7
7655,8
7655,25
7655,26
7655,27
7656,2
7656,3
7656,5
7656,10
7657,3
7657,4
7657,11
7657,45
7657,46
7657,47
7658,1
7658,3
7658,4
7658,39
7658,45
7659,2
7659,3
7659,4
7659,5
7659,36
7660,1
7660,2
7660,3
7660,4
7660,5
7660,10
7660,35
7661,1
7661,3
7661,4
7661,12
7661,47
7662,3
7662,4
7662,12
7662,25
7662,31
7662,36
7663,2
7663,3
7663,4
7663,5
7664,1
7664,3
7664,4
7664,39
7664,45
7665,1
7665,2
7665,3
7665,4
7665,10
7665,13
7666,1
7666,2
7666,28
7666,34
7666,36
7666,37
7667,2
7667,3
7667,4
7667,5
7668,1
7668,2
7668,4
7668,5
7668,10
7668,15
7668,36
7669,1
7669,2
7669,3
7669,4
7669,5
7669,10
7670,1
7670,2
7670,7
7670,8
7670,26
7670,27
7670,45
7671,1
7671,4
7671,10
7671,45
7672,1
7672,2
7672,3
7672,4
7672,5
7672,10
7673,1
7673,2
7673,16
7673,37
7674,1
7674,4
7674,12
7674,25
7674,36
7675,1
7675,2
7675,16
7675,22
7675,24
7675,33
7675,37
7676,2
7676,28
7676,34
7676,36
7676,37
7677,1
7677,3
7677,26
7677,46
7677,47
7678,1
7678,2
7678,7
7678,8
7678,26
7678,27
7678,43
7679,1
7679,2
7679,22
7679,24
7679,33
7679,37
7680,1
7680,3
7680,10
7680,25
7680,32
7680,38
7681,1
7681,35
7681,45
7681,46
7681,47
7682,1
7682,2
7682,3
7682,4
7682,5
7682,10
7683,1
7683,2
7683,7
7683,8
7683,26
7683,27
7683,36
7684,1
7684,2
7684,3
7684,5
7684,38
7685,2
7685,3
7685,4
7685,10
7685,17
7686,1
7686,3
7686,4
7686,45
7686,46
7686,47
7687,1
7687,2
7687,3
7687,25
7687,28
7687,38
7688,1
7688,2
7688,3
7688,10
7688,25
7688,38
7688,39
7689,1
7689,3
7689,4
7689,5
7689,10
7689,39
7689,45
7690,1
7690,3
7690,4
7690,39
7690,45
7691,1
7691,2
7691,4
7691,10
7692,1
7692,2
7692,3
7692,5
7692,10
7692,38
7692,46
7693,1
7693,2
7693,3
7693,4
7693,5
7693,10
7694,1
7694,2
7694,3
7694,25
7694,38
7694,42
7695,1
7695,4
7695,5
7695,10
7695,26
7696,1
7696,2
7696,3
7696,4
7696,5
7696,10
7697,1
7697,3
7697,4
7697,45
7697,46
7697,47
7698,2
7698,3
7698,4
7698,5
7698,10
7698,35
7699,1
7699,2
7699,3
7699,4
7699,5
7699,10
7699,13
7700,1
7700,2
7700,16
7700,21
7700,22
7700,24
7700,33
7700,37
7701,2
7701,3
7701,5
7701,10
7701,21
7702,1
7702,28
7702,34
7702,37
7703,1
7703,2
7703,7
7703,8
7703,26
7703,27
7704,1
7704,3
7704,4
7704,10
7704,39
7704,45
7705,1
7705,2
7705,3
7705,4
7705,5
7706,1
7706,7
7706,8
7706,13
7706,26
7706,27
7707,1
7707,3
7707,25
7707,38
7708,1
7708,2
7708,3
7708,19
7708,25
7708,38
7709,1
7709,2
7709,3
7709,4
7709,12
7709,25
7709,36
7710,1
7710,2
7710,7
7710,8
7710,20
7710,26
7710,27
7711,2
7711,3
7711,5
7711,24
7711,38
7712,1
7712,3
7712,4
7712,12
7712,13
7712,36
7713,1
7713,2
7713,8
7713,28
7713,34
7713,36
7713,37
7714,1
7714,2
7714,3
7714,4
7714,5
7714,10
7714,21
7715,1
7715,4
7715,8
7715,12
7715,25
7715,36
7716,2
7716,28
7716,36
7716,37
7717,1
7717,3
7717,4
7717,10
7717,39
7717,42
7717,45
7718,1
7718,2
7718,7
7718,8
7718,26
7718,27
7719,1
7719,2
7719,3
7719,4
7719,5
7719,10
7719,15
7720,2
7720,21
7720,34
7720,36
7720,37
7721,1
7721,3
7721,4
7721,45
7721,46
7721,47
7722,1
7722,3
7722,4
7722,25
7722,36
7723,1
7723,3
7723,4
7723,21
7723,45
7723,46
7723,47
7724,1
7724,4
7724,45
7724,46
7724,47
7725,1
7725,4
7725,5
7725,10
7725,36
7726,1
7726,2
7726,7
7726,8
7726,26
7726,27
7727,1
7727,2
7727,16
7727,22
7727,23
7727,24
7727,33
7727,37
7728,2
7728,3
7728,4
7728,10
7729,1
7729,2
7729,3
7729,4
7729,10
7730,1
7730,2
7730,22
7730,24
7731,1
7731,4
7731,5
7731,10
7731,21
7732,1
7732,2
7732,28
7732,34
7732,36
7732,37
7733,1
7733,4
7733,10
7733,36
7734,1
7734,2
7734,4
7734,5
7734,36
7735,1
7735,2
7735,3
7735,4
7735,10
7736,1
7736,3
7736,27
7736,45
7736,46
7736,47
7737,1
7737,4
7737,45
7737,46
7738,1
7738,3
7738,5
7738,10
7738,41
7739,2
7739,3
7739,4
7739,5
7739,10
7740,1
7740,2
7740,3
7740,5
7740,10
7740,29
7741,3
7741,10
7741,25
7741,31
7741,38
7742,1
7742,2
7742,3
7742,4
7742,5
7742,10
7742,11
7743,2
7743,3
7743,5
7743,10
7743,38
7744,1
7744,2
7744,16
7744,22
7744,24
7744,33
7744,37
7745,1
7745,3
7745,5
7745,31
7745,38
7746,1
7746,4
7746,12
7746,23
7746,25
7747,1
7747,2
7747,3
7747,4
7747,5
7747,10
7748,1
7748,3
7748,4
7748,41
7748,45
7748,46
7748,47
7749,1
7749,2
7749,3
7749,7
7749,8
7749,26
7749,27
7750,1
7750,2
7750,22
7750,24
7750,33
7750,37
7750,42
7751,1
7751,3
7751,5
7751,10
7751,34
7751,38
7752,1
7752,3
7752,4
7752,12
7752,29
7752,36
7753,1
7753,16
7753,22
7753,24
7753,25
7753,33
7753,37
7754,1
7754,2
7754,7
7754,8
7754,26
7754,27
7755,1
7755,3
7755,4
7755,36
7756,1
7756,2
7756,3
7756,4
7756,5
7756,31
7757,1
7757,2
7757,10
7757,25
7757,32
7758,1
7758,2
7758,3
7758,4
7758,5
7758,10
7759,4
7759,10
7759,39
7759,42
7759,45
7760,1
7760,2
7760,3
7760,10
7760,25
7760,38
7761,1
7761,2
7761,3
7761,4
7761,5
7761,10
7761,16
7762,1
7762,3
7762,4
7762,10
7762,39
7762,45
7763,1
7763,2
7763,3
7763,4
7763,5
7763,10
7764,3
7764,4
7764,46
7764,47
7765,1
7765,2
7765,4
7765,5
7765,7
7765,10
7765,36
7766,1
7766,2
7766,3
7766,5
7766,10
7767,1
7767,3
7767,4
7767,10
7767,39
7767,45
7768,1
7768,2
7768,3
7768,5
7768,10
7769,1
7769,2
7769,3
7769,4
7769,5
7769,10
7769,44
7770,1
7770,2
7770,7
7770,13
7770,26
7770,27
7771,1
7771,2
7771,3
7771,10
7771,25
7771,38
7772,1
7772,3
7772,4
7772,10
7772,31
7772,45
7773,1
7773,3
7773,4
7773,15
7773,45
7773,46
7773,47
7774,2
7774,7
7774,8
7774,26
7774,27
7775,1
7775,4
7775,45
7775,46
7775,47
7776,3
7776,4
7776,10
7776,37
7776,39
7777,2
7777,7
7777,8
7777,27
7778,1
7778,2
7778,4
7778,5
7778,10
7778,36
7778,42
7779,2
7779,16
7779,24
7779,37
7780,1
7780,2
7780,3
7780,4
7780,5
7780,20
7781,1
7781,3
7781,4
7781,10
7781,39
7781,45
7782,1
7782,3
7782,4
7782,5
7782,13
7783,1
7783,3
7783,4
7783,10
7783,39
7783,45
7784,3
7784,4
7784,46
7784,47
7785,1
7785,2
7785,3
7785,4
7785,5
7785,10
7785,19
7786,1
7786,2
7786,28
7786,34
7786,36
7787,1
7787,3
7787,4
7787,39
7788,1
7788,2
7788,4
7788,5
7788,10
7788,36
7789,1
7789,2
7789,22
7789,24
7789,33
7790,1
7790,2
7790,8
7790,23
7790,27
7791,1
7791,2
7791,8
7791,26
7792,1
7792,2
7792,4
7792,10
7793,1
7793,3
7793,4
7793,25
7794,1
7794,4
7794,10
7794,36
7794,39
7795,1
7795,2
7795,4
7795,5
7795,10
7795,36
7795,40
7796,1
7796,2
7796,3
7796,4
7796,5
7796,10
7796,11
7797,1
7797,3
7797,4
7797,12
7797,25
7797,36
7798,1
7798,2
7798,28
7798,32
7798,34
7798,36
7798,37
7799,1
7799,2
7799,3
7799,10
7799,25
7799,38
7800,1
7800,2
7800,3
7800,4
7800,5
7800,10
7800,42
7801,2
7801,4
7801,5
7801,6
7801,10
7802,1
7802,2
7802,34
7802,36
7802,37
7802,44
7803,1
7803,2
7803,5
7803,6
7803,38
7804,1
7804,3
7804,4
7804,12
7804,15
7804,25
7804,36
7805,1
7805,2
7805,3
7805,5
7805,10
7806,1
7806,4
7806,5
7806,10
7807,1
7807,4
7807,5
7807,10
7808,1
7808,3
7808,4
7808,9
7808,12
7808,25
7808,36
7809,1
7809,2
7809,3
7809,4
7809,5
7809,6
7809,10
7810,1
7810,2
7810,3
7810,5
7810,10
7810,38
7811,1
7811,3
7811,4
7811,12
7811,25
7811,36
7812,1
7812,3
7812,4
7812,13
7812,45
7812,46
7812,47
7813,1
7813,2
7813,3
7813,10
7813,25
7813,38
7814,2
7814,10
7814,25
7814,38
7815,1
7815,2
7815,22
7815,24
7815,27
7815,37
7816,16
7816,22
7816,24
7816,33
7816,37
7817,1
7817,3
7817,9
7817,25
7817,36
7818,1
7818,2
7818,4
7818,5
7818,10
7819,1
7819,2
7819,7
7819,11
7819,27
7820,2
7820,4
7820,5
7820,10
7821,1
7821,2
7821,3
7821,25
7821,38
7822,1
7822,2
7822,3
7822,10
7822,25
7822,38
7823,1
7823,2
7823,10
7823,17
7823,38
7824,3
7824,4
7824,5
7824,10
7824,17
7825,4
7825,10
7825,34
7825,39
7825,45
7826,1
7826,2
7826,4
7826,5
7826,10
7826,19
7826,36
7827,1
7827,2
7827,10
7827,36
7827,38
7828,1
7828,2
7828,4
7828,5
7828,10
7828,36
7829,2
7829,3
7829,4
7829,5
7829,10
7829,47
7830,1
7830,2
7830,3
7830,5
7830,10
7830,15
7830,38
7831,1
7831,2
7831,3
7831,5
7831,10
7831,43
7832,1
7832,2
7832,3
7832,5
7832,10
7832,13
7833,1
7833,2
7833,4
7833,5
7833,10
7833,36
7834,1
7834,2
7834,3
7834,4
7834,5
7834,10
7835,7
7835,8
7835,26
7835,27
7836,1
7836,3
7836,4
7836,12
7836,25
7836,36
7837,1
7837,2
7837,4
7837,5
7837,10
7838,1
7838,2
7838,3
7838,5
7838,10
7838,38
7839,1
7839,2
7839,6
7839,7
7839,8
7839,26
7839,27
7840,1
7840,3
7840,4
7840,5
7840,10
7840,33
7841,1
7841,2
7841,5
7841,10
7842,1
7842,3
7842,4
7842,25
7842,36
7843,1
7843,2
7843,3
7843,5
7843,29
7844,1
7844,3
7844,23
7844,45
7844,46
7844,47
7845,1
7845,4
7845,5
7845,10
7846,3
7846,4
7846,12
7846,25
7846,28
7846,36
7847,3
7847,12
7847,25
7847,34
7847,36
7848,2
7848,16
7848,22
7848,33
7849,1
7849,3
7849,4
7849,45
7849,46
7849,47
7850,1
7850,2
7850,7
7850,8
7850,26
7850,27
7851,1
7851,2
7851,5
7851,10
7851,38
7852,1
7852,3
7852,4
7852,12
7852,25
7852,36
7853,1
7853,2
7853,4
7853,5
7853,10
7854,1
7854,2
7854,3
7854,5
7854,10
7854,38
7854,43
7855,1
7855,2
7855,3
7855,4
7855,5
7855,10
7856,1
7856,3
7856,4
7856,10
7856,39
7856,45
7857,1
7857,2
7857,5
7857,10
7857,36
7858,4
7858,5
7858,10
7858,36
7859,1
7859,10
7859,31
7859,39
7859,45
7860,1
7860,3
7860,10
7860,25
7860,30
7860,38
7861,1
7861,4
7861,39
7861,45
7862,2
7862,4
7862,10
7862,33
7862,36
7863,1
7863,3
7863,4
7863,12
7863,25
7863,36
7864,1
7864,3
7864,4
7864,10
7864,39
7865,1
7865,2
7865,3
7865,4
7865,5
7865,10
7865,45
7866,1
7866,3
7866,4
7866,10
7866,47
7867,3
7867,5
7867,10
7867,38
7867,41
7868,1
7868,2
7868,3
7868,5
7869,1
7869,28
7869,34
7869,36
7869,37
7870,1
7870,2
7870,4
7870,5
7870,10
7870,36
7871,3
7871,4
7871,45
7871,46
7871,47
7872,1
7872,2
7872,3
7872,10
7872,25
7872,38
7873,1
7873,2
7873,7
7873,8
7873,26
7873,27
7873,36
7874,1
7874,2
7874,36
7874,37
7875,1
7875,3
7875,4
7875,45
7875,46
7875,47
7876,1
7876,2
7876,3
7876,4
7876,5
7876,10
7877,1
7877,3
7877,7
7877,10
7877,38
7878,2
7878,16
7878,22
7878,24
7878,33
7878,37
7879,2
7879,28
7879,36
7879,37
7880,2
7880,3
7880,4
7880,10
7880,13
7881,1
7881,2
7881,3
7881,4
7881,10
7881,11
7882,1
7882,2
7882,3
7882,5
7882,10
7882,38
7883,3
7883,4
7883,5
7883,10
7883,40
7884,1
7884,2
7884,5
7884,10
7884,12
7885,1
7885,2
7885,3
7885,4
7885,5
7885,37
7886,1
7886,2
7886,7
7886,8
7886,26
7886,27
7886,37
7887,1
7887,3
7887,4
7887,30
7887,45
7887,46
7888,1
7888,10
7888,22
7888,24
7888,33
7888,37
7889,1
7889,2
7889,3
7889,4
7889,5
7889,14
7890,3
7890,4
7890,5
7890,10
7890,25
7891,1
7891,3
7891,4
7891,39
7891,46
7891,47
7892,1
7892,2
7892,3
7892,4
7892,10
7892,28
7893,2
7893,3
7893,5
7893,10
7893,42
7894,1
7894,4
7894,12
7894,25
7894,36
7894,45
7895,1
7895,2
7895,3
7895,5
7895,6
7895,10
7895,38
7896,1
7896,2
7896,4
7896,5
7896,8
7896,10
7897,2
7897,16
7897,22
7897,27
7897,33
7897,37
7898,1
7898,2
7898,10
7898,38
7898,42
7899,1
7899,2
7899,7
7899,8
7899,26
7899,27
7900,1
7900,3
7900,4
7900,45
7900,47
7901,1
7901,2
7901,7
7901,8
7901,9
7901,26
7901,27
7902,1
7902,2
7902,7
7902,8
7902,26
7902,27
7903,3
7903,4
7903,5
7903,10
7903,36
7904,1
7904,2
7904,3
7904,4
7904,5
7905,1
7905,3
7905,4
7905,12
7905,25
7905,36
7905,37
7906,1
7906,2
7906,28
7906,36
7907,1
7907,2
7907,3
7907,4
7907,5
7907,10
7907,38
7908,1
7908,3
7908,4
7908,10
7908,39
7908,45
7909,1
7909,7
7909,8
7909,26
7909,27
7910,1
7910,2
7910,16
7910,24
7910,28
7910,33
7911,3
7911,45
7911,46
7911,47
7912,1
7912,2
7912,3
7912,5
7912,10
7913,1
7913,2
7913,16
7913,22
7913,33
7913,37
7914,1
7914,7
7914,28
7914,36
7914,37
7915,1
7915,2
7915,8
7915,26
7915,27
7915,41
7916,1
7916,3
7916,4
7916,12
7916,36
7917,1
7917,3
7917,4
7917,25
7917,36
7918,1
7918,2
7918,7
7918,8
7918,26
7919,2
7919,3
7919,4
7919,10
7920,1
7920,3
7920,4
7920,45
7920,46
7920,47
7921,2
7921,4
7921,5
7921,36
7922,1
7922,2
7922,3
7922,26
7922,27
7923,1
7923,2
7923,4
7923,10
7923,39
7924,1
7924,2
7924,34
7924,36
7924,37
7925,1
7925,3
7925,19
7925,45
7925,46
7925,47
7926,1
7926,2
7926,3
7926,4
7926,5
7926,10
7927,1
7927,2
7927,3
7927,10
7927,38
7928,1
7928,3
7928,4
7928,12
7928,23
7928,25
7929,16
7929,22
7929,24
7929,33
7930,1
7930,2
7930,3
7930,4
7930,5
7930,10
7930,31
7931,1
7931,2
7931,4
7931,5
7931,10
7931,36
7932,1
7932,2
7932,7
7932,8
7932,26
7932,27
7933,2
7933,8
7933,26
7933,27
7933,29
7934,1
7934,2
7934,3
7934,38
7935,1
7935,2
7935,3
7935,5
7935,32
7936,1
7936,2
7936,3
7936,4
7936,5
7936,10
7937,1
7937,16
7937,22
7937,24
7937,33
7937,37
7937,43
7938,1
7938,3
7938,4
7938,10
7938,39
7938,45
7939,1
7939,2
7939,3
7939,4
7939,5
7939,10
7940,3
7940,4
7940,6
7940,39
7940,45
7941,1
7941,3
7941,10
7941,25
7942,1
7942,2
7942,3
7942,4
7942,5
7942,7
7942,10
7943,3
7943,4
7943,45
7943,46
7943,47
7944,1
7944,7
7944,8
7944,26
7944,37
7945,1
7945,2
7945,3
7945,4
7945,5
7945,10
7946,1
7946,3
7946,4
7946,45
7947,1
7947,2
7947,3
7947,10
7947,25
7947,38
7947,41
7948,1
7948,3
7948,4
7948,10
7948,37
7948,39
7948,45
7949,1
7949,3
7949,4
7949,36
7949,45
7949,46
7949,47
7950,1
7950,2
7950,3
7950,4
7950,5
7950,10
7951,1
7951,3
7951,4
7951,12
7951,25
7951,36
7951,47
7952,1
7952,2
7952,27
7952,28
7952,34
7952,36
7952,37
7953,1
7953,2
7953,5
7953,10
7954,1
7954,6
7954,28
7954,34
7954,36
7954,37
7955,3
7955,4
7955,33
7955,45
7955,46
7955,47
7956,1
7956,16
7956,22
7956,24
7956,33
7956,37
7957,1
7957,3
7957,5
7957,10
7957,38
7958,1
7958,2
7958,7
7958,8
7958,26
7958,32
7959,1
7959,16
7959,22
7959,24
7959,33
7959,37
7960,1
7960,2
7960,3
7960,4
7960,5
7960,10
7961,1
7961,4
7961,10
7961,37
7961,39
7961,45
7962,1
7962,10
7962,25
7962,38
7962,45
7963,1
7963,2
7963,16
7963,22
7963,24
7963,37
7964,1
7964,2
7964,4
7964,5
7964,10
7964,32
7964,36
7965,1
7965,2
7965,3
7965,5
7965,18
7966,1
7966,3
7966,4
7966,31
7966,45
7966,47
7967,1
7967,2
7967,16
7967,19
7967,22
7967,24
7967,33
7968,1
7968,2
7968,4
7968,5
7968,13
7969,1
7969,2
7969,3
7969,4
7969,5
7969,10
7969,38
7970,1
7970,2
7970,4
7970,10
7970,44
7971,1
7971,2
7971,3
7971,10
7971,14
7971,25
7971,38
7972,1
7972,16
7972,22
7972,24
7972,25
7972,33
7972,37
7973,1
7973,2
7973,3
7973,5
7973,38
7974,1
7974,2
7974,5
7974,10
7975,1
7975,3
7975,4
7975,10
7975,39
7975,45
7976,7
7976,8
7976,26
7976,27
7977,1
7977,3
7977,4
7977,12
7977,36
7977,39
7978,1
7978,2
7978,4
7978,5
7978,10
7978,36
7979,1
7979,2
7979,3
7979,4
7979,10
7979,40
7980,1
7980,2
7980,16
7980,21
7980,22
7980,37
7981,1
7981,2
7981,16
7981,22
7981,24
7981,33
7981,37
7982,1
7982,3
7982,4
7982,6
7982,12
7982,25
7982,36
7983,1
7983,3
7983,4
7983,10
7983,26
7984,1
7984,4
7984,5
7984,10
7985,1
7985,8
7985,26
7985,27
7985,33
7986,1
7986,2
7986,4
7986,5
7986,10
7986,36
7987,1
7987,3
7987,4
7987,41
7987,45
7987,46
7987,47
7988,1
7988,2
7988,3
7988,5
7988,10
7988,38
7989,1
7989,3
7989,4
7989,5
7989,10
7990,1
7990,2
7990,3
7990,4
7990,5
7990,10
7991,1
7991,2
7991,3
7991,4
7991,5
7991,10
7992,1
7992,2
7992,3
7992,5
7992,10
7992,38
7993,1
7993,2
7993,4
7993,5
7993,10
7994,1
7994,3
7994,4
7994,5
7994,10
7995,1
7995,3
7995,23
7995,45
7995,46
7995,47
7996,1
7996,2
7996,3
7996,4
7996,5
7996,10
7996,12
7997,1
7997,3
7997,5
7997,10
7997,28
7998,2
7998,3
7998,5
7998,10
7998,37
7998,38
7999,2
7999,10
7999,16
7999,25
7999,38
8000,1
8000,3
8000,4
8000,5
8000,10
8000,34
8001,1
8001,2
8001,4
8001,5
8001,20
8001,36
8002,1
8002,2
8002,3
8002,10
8002,38
8003,1
8003,4
8003,10
8003,30
8003,36
8004,2
8004,3
8004,4
8004,5
8004,10
8005,2
8005,3
8005,5
8005,10
8005,38
8006,1
8006,2
8006,3
8006,4
8006,5
8006,10
8006,20
8007,1
8007,3
8007,4
8007,12
8007,36
8008,1
8008,2
8008,16
8008,22
8008,24
8008,33
8008,37
8009,1
8009,2
8009,3
8009,4
8009,5
8009,10
8010,1
8010,3
8010,4
8010,5
8010,10
8011,1
8011,2
8011,3
8011,4
8011,5
8011,10
8011,42
8012,1
8012,3
8012,4
8012,10
8012,39
8012,45
8012,47
8013,1
8013,3
8013,4
8013,7
8013,45
8014,1
8014,3
8014,5
8014,10
8015,1
8015,3
8015,4
8015,5
8015,10
8015,27
8016,1
8016,2
8016,3
8016,4
8016,5
8016,10
8017,1
8017,3
8017,4
8017,5
8017,45
8018,1
8018,3
8018,10
8018,39
8019,1
8019,3
8019,5
8019,10
8019,21
8020,1
8020,2
8020,4
8020,5
8020,31
8021,1
8021,2
8021,3
8021,4
8021,5
8021,6
8021,10
8022,1
8022,3
8022,12
8022,25
8022,34
8023,1
8023,2
8023,7
8023,8
8023,15
8023,27
8024,1
8024,2
8024,3
8024,8
8024,10
8024,38
8025,1
8025,4
8025,18
8025,46
8025,47
8026,1
8026,2
8026,3
8026,5
8026,10
8027,2
8027,22
8027,33
8027,37
8027,40
8028,1
8028,2
8028,3
8028,5
8028,10
8029,2
8029,4
8029,5
8029,10
8030,1
8030,2
8030,7
8030,8
8030,27
8030,33
8031,1
8031,3
8031,4
8031,12
8031,36
8032,1
8032,2
8032,3
8032,4
8032,5
8032,10
8032,27
8033,1
8033,2
8033,3
8033,25
8033,34
8033,38
8034,1
8034,2
8034,16
8034,24
8034,37
8035,1
8035,2
8035,3
8035,4
8035,5
8035,10
8035,32
8036,1
8036,2
8036,3
8036,10
8036,24
8036,25
8036,38
8037,1
8037,2
8037,3
8037,4
8037,5
8038,1
8038,3
8038,35
8038,45
8038,46
8039,1
8039,2
8039,3
8039,4
8039,5
8039,10
8040,1
8040,2
8040,3
8040,4
8040,5
8040,10
8040,43
8041,1
8041,2
8041,4
8041,5
8041,36
8042,1
8042,2
8042,16
8042,22
8042,33
8042,35
8042,37
8043,1
8043,3
8043,4
8043,45
8043,46
8044,1
8044,3
8044,4
8044,12
8044,25
8044,36
8045,1
8045,3
8045,4
8045,10
8045,14
8045,39
8046,2
8046,8
8046,26
8046,27
8047,1
8047,3
8047,4
8047,12
8047,25
8047,27
8047,36
8048,1
8048,2
8048,3
8048,5
8048,10
8048,33
8049,1
8049,3
8049,4
8049,45
8049,46
8049,47
8050,1
8050,3
8050,4
8050,10
8050,29
8050,39
8051,1
8051,2
8051,3
8051,5
8051,9
8052,2
8052,3
8052,4
8052,10
8053,1
8053,2
8053,3
8053,4
8053,5
8053,10
8054,1
8054,2
8054,16
8054,22
8054,24
8054,29
8054,33
8054,37
8055,1
8055,2
8055,3
8055,4
8055,5
8055,10
8056,1
8056,4
8056,12
8056,25
8056,36
8057,1
8057,3
8057,4
8057,7
8057,46
8057,47
8058,1
8058,3
8058,4
8058,34
8058,45
8058,47
8059,1
8059,2
8059,3
8059,4
8059,5
8059,10
8060,1
8060,2
8060,28
8060,34
8060,36
8060,37
8060,44
8061,1
8061,3
8061,4
8061,45
8061,46
8061,47
8062,1
8062,3
8062,4
8062,5
8062,10
8062,43
8063,1
8063,2
8063,3
8063,4
8063,10
8064,1
8064,2
8064,3
8064,4
8064,5
8064,10
8064,42
8065,1
8065,2
8065,3
8065,10
8065,25
8065,38
8066,2
8066,3
8066,5
8066,10
8067,1
8067,4
8067,12
8067,25
8067,36
8068,1
8068,2
8068,4
8068,5
8068,10
8069,1
8069,2
8069,3
8069,4
8069,5
8070,2
8070,3
8070,4
8070,5
8070,10
8070,42
8071,1
8071,3
8071,4
8071,5
8071,10
8072,1
8072,4
8072,5
8072,36
8073,1
8073,2
8073,7
8073,12
8073,26
8074,1
8074,2
8074,16
8074,22
8074,24
8074,33
8074,37
8075,3
8075,4
8075,12
8075,25
8075,36
8076,1
8076,3
8076,10
8076,37
8076,45
8077,1
8077,3
8077,4
8077,12
8078,1
8078,2
8078,4
8078,28
8078,34
8078,36
8078,37
8079,1
8079,4
8079,46
8079,47
8080,1
8080,45
8080,46
8080,47
8081,2
8081,7
8081,8
8081,26
8081,27
8082,1
8082,28
8082,34
8082,36
8082,37
8082,47
8083,3
8083,4
8083,10
8083,39
8084,1
8084,2
8084,7
8084,16
8084,22
8084,33
8085,1
8085,2
8085,3
8085,10
8085,25
8085,26
8085,38
8086,1
8086,2
8086,3
8086,4
8086,5
8087,1
8087,2
8087,3
8087,4
8087,5
8088,1
8088,3
8088,26
8088,45
8088,47
8089,1
8089,3
8089,4
8089,45
8089,47
8090,1
8090,3
8090,4
8090,10
8090,39
8090,45
8091,1
8091,2
8091,34
8091,36
8091,37
8092,1
8092,3
8092,10
8092,25
8092,38
8093,1
8093,2
8093,10
8093,38
8094,3
8094,4
8094,12
8094,36
8095,1
8095,2
8095,4
8095,5
8095,10
8095,21
8096,2
8096,3
8096,25
8096,38
8096,43
8097,1
8097,2
8097,8
8097,28
8097,34
8097,36
8097,37
8098,1
8098,3
8098,10
8098,25
8098,28
8098,38
8099,1
8099,2
8099,4
8099,5
8099,10
8099,36
8100,1
8100,2
8100,3
8100,4
8100,5
8100,10
8101,1
8101,3
8101,4
8101,10
8101,12
8101,25
8101,36
8102,1
8102,3
8102,4
8102,45
8102,46
8102,47
8103,1
8103,2
8103,3
8103,4
8103,5
8103,10
8104,1
8104,3
8104,4
8104,12
8104,25
8104,35
8104,36
8105,1
8105,34
8105,36
8105,37
8105,43
8106,1
8106,2
8106,11
8106,28
8106,34
8106,37
8107,1
8107,4
8107,10
8107,18
8107,39
8108,1
8108,2
8108,3
8108,10
8108,38
8109,1
8109,3
8109,4
8109,45
8109,46
8109,47
8110,1
8110,2
8110,3
8110,5
8110,6
8110,10
8110,38
8111,1
8111,2
8111,4
8111,5
8111,6
8111,10
8111,36
8112,2
8112,3
8112,10
8112,25
8112,38
8113,1
8113,4
8113,12
8113,25
8113,36
8113,45
8114,1
8114,3
8114,4
8114,5
8114,10
8115,1
8115,3
8115,4
8115,45
8115,46
8115,47
8116,1
8116,3
8116,45
8116,46
8117,1
8117,3
8117,4
8117,23
8117,45
8117,47
8118,1
8118,2
8118,4
8118,10
8118,29
8119,1
8119,2
8119,5
8119,10
8119,28
8120,1
8120,2
8120,3
8120,10
8120,13
8120,25
8120,38
8121,1
8121,4
8121,39
8121,45
8122,1
8122,2
8122,28
8122,34
8122,36
8122,37
8123,1
8123,2
8123,28
8123,34
8124,1
8124,3
8124,45
8124,47
8125,1
8125,2
8125,3
8125,4
8125,5
8125,10
8126,2
8126,7
8126,8
8126,26
8126,27
8127,1
8127,2
8127,3
8127,4
8127,5
8127,10
8128,1
8128,3
8128,4
8128,12
8128,25
8128,36
8129,1
8129,2
8129,10
8129,25
8129,38
8130,1
8130,2
8130,4
8130,10
8130,41
8131,1
8131,4
8131,5
8131,10
8132,1
8132,2
8132,3
8132,14
8132,38
8133,1
8133,3
8133,4
8133,41
8133,46
8133,47
8134,1
8134,4
8134,5
8134,7
8134,10
8134,36
8135,1
8135,2
8135,7
8135,8
8135,26
8135,27
8136,1
8136,3
8136,4
8136,12
8136,36
8137,1
8137,2
8137,4
8137,10
8137,14
8138,1
8138,2
8138,4
8138,5
8138,10
8138,36
8139,1
8139,2
8139,3
8139,4
8139,5
8140,1
8140,3
8140,4
8140,7
8140,45
8140,47
8141,1
8141,2
8141,3
8141,10
8141,25
8141,38
8141,47
8142,1
8142,3
8142,4
8142,39
8142,45
8143,1
8143,2
8143,3
8143,5
8143,10
8143,14
8143,38
8144,1
8144,3
8144,4
8144,25
8144,45
8144,46
8144,47
8145,1
8145,2
8145,3
8145,5
8145,10
8146,1
8146,2
8146,7
8146,8
8146,26
8147,1
8147,2
8147,3
8147,10
8147,23
8147,38
8148,1
8148,3
8148,4
8148,12
8148,25
8148,36
8148,46
8149,1
8149,2
8149,4
8149,10
8149,22
8150,1
8150,2
8150,3
8150,25
8150,28
8150,38
8151,1
8151,3
8151,10
8151,25
8151,38
8152,1
8152,2
8152,4
8152,5
8152,23
8153,2
8153,3
8153,5
8153,10
8154,1
8154,3
8154,4
8154,24
8154,45
8154,46
8154,47
8155,1
8155,2
8155,7
8155,8
8155,26
8155,27
8156,1
8156,2
8156,5
8156,10
8156,11
8157,1
8157,3
8157,4
8157,5
8157,10
8157,36
8158,1
8158,3
8158,4
8158,12
8158,37
8159,1
8159,2
8159,4
8159,10
8159,15
8160,3
8160,4
8160,43
8160,46
8160,47
8161,1
8161,2
8161,3
8161,5
8161,10
8161,38
8162,1
8162,2
8162,3
8162,38
8163,2
8163,3
8163,5
8163,10
8163,38
8164,1
8164,2
8164,7
8164,8
8164,26
8165,1
8165,2
8165,3
8165,4
8165,10
8165,14
8166,1
8166,2
8166,3
8166,4
8166,10
8166,28
8167,1
8167,2
8167,4
8167,5
8167,10
8167,19
8167,36
8168,2
8168,3
8168,4
8168,10
8168,19
8169,1
8169,2
8169,4
8169,5
8169,10
8169,19
8169,36
8170,1
8170,3
8170,4
8170,11
8170,12
8170,36
8171,1
8171,3
8171,4
8171,42
8171,45
8171,46
8171,47
8172,2
8172,4
8172,5
8172,36
8173,1
8173,3
8173,4
8173,10
8173,39
8173,41
8173,45
8174,1
8174,2
8174,3
8174,4
8174,10
8174,24
8175,1
8175,2
8175,4
8175,5
8176,1
8176,2
8176,28
8176,34
8176,36
8176,37
8176,42
8177,1
8177,2
8177,3
8177,5
8177,6
8177,10
8177,38
8178,1
8178,3
8178,4
8178,10
8178,36
8178,45
8179,1
8179,2
8179,3
8179,10
8179,21
8179,25
8179,38
8180,1
8180,2
8180,7
8180,8
8180,20
8180,26
8180,27
8181,1
8181,2
8181,5
8181,34
8181,36
8181,37
8182,2
8182,3
8182,4
8182,5
8182,41
8183,1
8183,2
8183,4
8183,10
8183,36
8184,1
8184,2
8184,28
8184,34
8184,36
8184,37
8185,1
8185,4
8185,5
8185,10
8185,36
8186,1
8186,3
8186,4
8186,46
8186,47
8187,1
8187,2
8187,3
8187,38
8188,1
8188,2
8188,7
8188,8
8188,27
8188,37
8189,1
8189,3
8189,4
8189,22
8189,46
8189,47
8190,1
8190,2
8190,16
8190,22
8190,24
8190,33
8190,36
8190,37
8191,1
8191,3
8191,4
8191,24
8191,45
8191,46
8192,1
8192,2
8192,28
8192,34
8192,36
8192,37
8192,41
8193,2
8193,7
8193,8
8193,26
8193,27
8194,1
8194,3
8194,4
8194,10
8194,39
8194,45
8195,1
8195,3
8195,4
8195,12
8195,25
8196,1
8196,3
8196,4
8196,10
8196,39
8196,45
8197,1
8197,3
8197,5
8197,10
8197,38
8198,1
8198,4
8198,12
8198,25
8198,38
8199,2
8199,16
8199,24
8199,33
8200,1
8200,2
8200,4
8200,5
8200,10
8201,1
8201,2
8201,7
8201,8
8201,26
8201,27
8201,44
8202,1
8202,2
8202,28
8202,33
8202,34
8203,1
8203,2
8203,4
8203,5
8203,10
8204,1
8204,2
8204,7
8204,26
8204,27
8204,44
8205,1
8205,2
8205,4
8205,5
8205,10
8206,1
8206,3
8206,4
8206,10
8206,39
8206,45
8206,47
8207,1
8207,2
8207,3
8207,4
8207,5
8207,10
8207,25
8208,1
8208,2
8208,3
8208,4
8208,5
8208,10
8208,11
8209,1
8209,2
8209,4
8209,10
8209,33
8210,1
8210,3
8210,4
8210,45
8210,46
8211,3
8211,4
8211,10
8211,12
8211,25
8211,36
8212,1
8212,2
8212,3
8212,5
8212,10
8212,23
8213,1
8213,2
8213,3
8213,5
8213,10
8213,38
8214,1
8214,2
8214,3
8214,38
8214,46
8215,1
8215,2
8215,4
8215,5
8215,10
8215,21
8216,3
8216,42
8216,45
8216,46
8216,47
8217,1
8217,2
8217,4
8217,5
8217,41
8218,1
8218,2
8218,4
8218,5
8218,10
8218,36
8219,3
8219,4
8219,10
8219,39
8219,45
8220,2
8220,28
8220,34
8220,36
8220,43
8221,3
8221,12
8221,25
8221,36
8222,1
8222,2
8222,7
8222,8
8222,26
8222,27
8223,1
8223,2
8223,4
8223,5
8223,10
8224,4
8224,12
8224,25
8224,36
8225,1
8225,2
8225,16
8225,21
8225,24
8225,33
8225,37
8226,1
8226,2
8226,3
8226,4
8226,5
8226,17
8227,1
8227,3
8227,4
8227,12
8227,17
8227,25
8227,36
8228,1
8228,4
8228,12
8228,18
8228,25
8228,36
8229,1
8229,5
8229,10
8229,36
8230,1
8230,3
8230,4
8230,12
8230,13
8230,25
8231,1
8231,2
8231,23
8231,24
8231,33
8231,37
8232,1
8232,2
8232,4
8232,5
8232,10
8232,36
8232,38
8233,1
8233,2
8233,3
8233,4
8233,5
8233,10
8233,27
8234,1
8234,2
8234,3
8234,5
8234,10
8234,30
8234,38
8235,3
8235,4
8235,45
8235,46
8235,47
8236,1
8236,2
8236,4
8236,5
8236,10
8236,36
8237,1
8237,2
8237,4
8237,10
8237,30
8238,1
8238,2
8238,3
8238,4
8238,5
8238,10
8238,36
8239,1
8239,3
8239,4
8239,25
8239,36
8240,2
8240,8
8240,20
8240,26
8240,27
8241,2
8241,3
8241,4
8241,5
8242,1
8242,2
8242,28
8242,37
8242,42
8243,1
8243,2
8243,16
8243,22
8243,24
8243,33
8243,37
8244,1
8244,3
8244,12
8244,14
8244,25
8244,36
8245,1
8245,3
8245,4
8245,5
8245,10
8245,28
8246,1
8246,2
8246,3
8246,4
8246,10
8246,42
8247,1
8247,2
8247,5
8247,10
8247,38
8248,1
8248,2
8248,4
8248,5
8248,10
8248,36
8249,2
8249,3
8249,4
8249,10
8250,1
8250,4
8250,15
8250,45
8250,47
8251,1
8251,3
8251,4
8251,10
8251,45
8252,1
8252,3
8252,4
8252,10
8252,45
8252,46
8252,47
8253,1
8253,2
8253,3
8253,4
8253,5
8253,47
8254,2
8254,3
8254,14
8254,25
8254,38
8255,1
8255,3
8255,4
8255,41
8255,46
8255,47
8256,1
8256,4
8256,10
8256,15
8256,39
8256,45
8257,1
8257,2
8257,3
8257,4
8257,5
8257,10
8258,1
8258,2
8258,4
8258,5
8258,10
8258,36
8259,1
8259,3
8259,4
8259,10
8259,39
8259,45
8260,1
8260,5
8260,10
8260,11
8260,36
8261,1
8261,7
8261,8
8261,26
8262,2
8262,21
8262,28
8262,34
8262,36
8263,1
8263,2
8263,9
8263,16
8263,22
8263,24
8263,33
8263,37
8264,1
8264,3
8264,10
8264,38
8264,39
8265,1
8265,2
8265,3
8265,4
8265,5
8265,10
8266,1
8266,2
8266,4
8266,5
8266,10
8267,1
8267,2
8267,5
8267,10
8267,36
8268,1
8268,3
8268,4
8268,10
8268,12
8268,45
8269,1
8269,2
8269,16
8269,22
8269,24
8269,33
8269,37
8270,1
8270,2
8270,3
8270,5
8270,10
8270,43
8271,1
8271,3
8271,4
8271,12
8271,34
8272,1
8272,3
8272,4
8272,10
8272,22
8272,39
8272,45
8273,1
8273,3
8273,4
8273,39
8273,45
8274,1
8274,4
8274,10
8274,39
8274,45
8275,1
8275,2
8275,28
8275,34
8275,37
8276,16
8276,22
8276,33
8276,37
8277,1
8277,4
8277,46
8277,47
8278,1
8278,3
8278,46
8278,47
8279,1
8279,4
8279,36
8279,45
8279,46
8280,2
8280,3
8280,4
8280,10
8281,1
8281,2
8281,28
8281,34
8281,36
8281,37
8282,4
8282,11
8282,12
8282,25
8282,36
8283,2
8283,3
8283,5
8283,21
8283,38
8284,1
8284,2
8284,4
8284,5
8284,10
8284,36
8285,1
8285,2
8285,3
8285,10
8285,25
8285,38
8286,3
8286,10
8286,39
8286,45
8287,1
8287,2
8287,10
8287,25
8287,38
8287,44
8288,1
8288,2
8288,3
8288,5
8288,39
8289,1
8289,3
8289,4
8289,45
8289,46
8289,47
8290,2
8290,7
8290,8
8290,12
8290,26
8290,27
8291,1
8291,2
8291,5
8291,10
8292,1
8292,3
8292,4
8292,39
8292,45
8293,2
8293,28
8293,34
8293,37
8294,1
8294,2
8294,3
8294,4
8294,5
8294,10
8294,15
8295,1
8295,2
8295,3
8295,4
8295,5
8295,10
8296,1
8296,2
8296,28
8296,36
8297,1
8297,2
8297,3
8297,4
8297,5
8297,10
8297,24
8298,1
8298,2
8298,3
8298,4
8298,5
8298,9
8298,10
8299,1
8299,2
8299,28
8299,36
8299,37
8300,1
8300,3
8300,4
8300,45
8300,46
8300,47
8301,1
8301,3
8301,4
8301,36
8302,1
8302,2
8302,3
8302,4
8302,5
8302,10
8303,1
8303,2
8303,3
8303,4
8303,5
8303,10
8303,15
8304,1
8304,3
8304,4
8304,12
8304,25
8304,36
8305,2
8305,3
8305,10
8305,38
8305,43
8306,1
8306,8
8306,26
8306,27
8307,1
8307,2
8307,5
8307,10
8308,1
8308,2
8308,3
8308,5
8308,10
8308,38
8308,39
8309,1
8309,2
8309,3
8309,10
8309,25
8309,38
8310,1
8310,2
8310,4
8310,5
8310,10
8310,36
8311,1
8311,3
8311,4
8311,10
8311,39
8311,45
8312,2
8312,3
8312,4
8312,10
8313,1
8313,3
8313,10
8313,25
8313,38
8314,1
8314,2
8314,3
8314,4
8314,5
8314,10
8315,1
8315,3
8315,4
8315,25
8315,45
8315,47
8316,28
8316,34
8316,36
8316,37
8317,1
8317,2
8317,10
8317,25
8317,38
8318,1
8318,2
8318,3
8318,4
8318,5
8318,7
8318,10
8319,1
8319,2
8319,16
8319,33
8320,1
8320,2
8320,4
8320,5
8320,10
8320,34
8321,1
8321,3
8321,6
8321,10
8321,25
8322,2
8322,4
8322,5
8322,22
8322,36
8323,1
8323,3
8323,4
8323,10
8323,39
8323,45
8324,1
8324,2
8324,3
8324,4
8324,10
8324,25
8325,2
8325,15
8325,16
8325,24
8325,33
8326,2
8326,3
8326,5
8326,10
8326,28
8327,1
8327,3
8327,4
8327,25
8328,1
8328,3
8328,45
8328,46
8328,47
8329,1
8329,3
8329,4
8329,12
8329,25
8329,36
8330,1
8330,3
8330,4
8330,45
8330,46
8330,47
8331,1
8331,3
8331,4
8331,12
8331,36
8332,1
8332,2
8332,3
8332,4
8332,5
8332,10
8333,1
8333,2
8333,28
8333,34
8333,37
8334,1
8334,2
8334,3
8334,13
8334,25
8335,1
8335,3
8335,4
8335,45
8335,46
8336,2
8336,3
8336,5
8336,10
8337,2
8337,7
8337,8
8337,23
8337,26
8337,27
8338,1
8338,2
8338,3
8338,5
8338,10
8338,36
8339,3
8339,4
8339,10
8339,39
8339,45
8340,1
8340,2
8340,3
8340,4
8340,5
8340,10
8340,29
8341,1
8341,3
8341,4
8341,5
8341,10
8341,14
8342,1
8342,2
8342,4
8342,5
8342,10
8342,41
8343,2
8343,26
8343,28
8343,34
8343,36
8344,1
8344,2
8344,3
8344,5
8344,10
8344,15
8345,1
8345,2
8345,3
8345,5
8345,10
8346,1
8346,3
8346,10
8346,39
8346,45
8347,1
8347,2
8347,10
8347,25
8347,38
8348,1
8348,3
8348,23
8348,45
8348,46
8349,1
8349,2
8349,3
8349,10
8349,25
8349,38
8350,1
8350,3
8350,4
8350,10
8350,24
8350,39
8350,45
8351,1
8351,3
8351,45
8351,46
8351,47
8352,1
8352,2
8352,7
8352,8
8352,26
8353,1
8353,2
8353,16
8353,21
8353,22
8353,24
8353,33
8353,37
8354,1
8354,2
8354,3
8354,10
8354,38
8355,1
8355,2
8355,3
8355,4
8355,10
8356,3
8356,4
8356,12
8356,29
8356,36
8357,1
8357,2
8357,4
8357,10
8357,31
8358,1
8358,2
8358,3
8358,10
8358,20
8358,25
8358,38
8359,3
8359,5
8359,10
8359,38
8360,1
8360,3
8360,4
8360,46
8360,47
8361,1
8361,4
8361,45
8361,46
8362,1
8362,4
8362,12
8362,25
8363,1
8363,3
8363,45
8363,46
8363,47
8364,1
8364,3
8364,39
8364,40
8364,45
8365,1
8365,2
8365,3
8365,10
8366,2
8366,8
8366,26
8366,27
8367,1
8367,3
8367,4
8367,12
8367,25
8367,36
8368,1
8368,3
8368,5
8368,10
8368,24
8369,1
8369,2
8369,3
8369,5
8369,10
8369,38
8369,44
8370,1
8370,3
8370,10
8370,38
8371,1
8371,2
8371,3
8371,4
8371,5
8371,10
8372,2
8372,3
8372,7
8372,8
8372,27
8373,1
8373,2
8373,3
8373,4
8373,5
8373,10
8374,1
8374,2
8374,4
8374,5
8374,10
8374,16
8375,1
8375,2
8375,3
8375,10
8375,38
8376,1
8376,16
8376,22
8376,24
8376,33
8377,1
8377,3
8377,5
8377,10
8377,38
8378,1
8378,3
8378,4
8378,10
8378,17
8378,39
8378,45
8379,1
8379,2
8379,5
8379,10
8379,43
8380,1
8380,2
8380,7
8380,8
8380,15
8380,27
8381,1
8381,2
8381,3
8381,5
8381,6
8381,10
8381,38
8382,2
8382,3
8382,5
8382,10
8383,1
8383,4
8383,10
8383,39
8384,1
8384,2
8384,7
8384,8
8384,44
8385,1
8385,2
8385,17
8385,28
8385,34
8385,37
8386,1
8386,2
8386,3
8386,4
8386,5
8386,31
8387,2
8387,4
8387,10
8387,36
8388,2
8388,22
8388,28
8388,34
8388,36
8388,37
8389,1
8389,7
8389,8
8389,11
8389,26
8389,27
8390,1
8390,2
8390,4
8390,5
8390,36
8391,1
8391,2
8391,5
8391,10
8392,1
8392,2
8392,3
8392,4
8392,5
8392,6
8392,10
8393,1
8393,2
8393,4
8393,5
8393,10
8394,1
8394,2
8394,28
8394,30
8394,34
8394,36
8394,37
8395,1
8395,2
8395,11
8395,16
8395,22
8395,24
8395,33
8395,37
8396,1
8396,2
8396,3
8396,4
8396,5
8396,12
8397,2
8397,22
8397,24
8397,33
8397,37
8398,1
8398,3
8398,4
8398,10
8398,30
8399,2
8399,28
8399,34
8399,36
8399,40
8400,1
8400,2
8400,4
8400,5
8400,10
8400,36
8401,2
8401,7
8401,8
8401,27
8401,37
8402,1
8402,2
8402,34
8402,36
8402,37
8403,1
8403,2
8403,3
8403,5
8403,10
8404,1
8404,3
8404,4
8404,46
8404,47
8405,1
8405,2
8405,3
8405,10
8405,38
8406,1
8406,3
8406,4
8406,45
8406,46
8406,47
8407,1
8407,2
8407,3
8407,4
8407,5
8407,10
8408,1
8408,2
8408,3
8408,5
8409,1
8409,4
8409,5
8409,10
8409,36
8410,1
8410,2
8410,3
8410,4
8410,5
8411,3
8411,4
8411,46
8411,47
8412,1
8412,2
8412,3
8412,4
8412,5
8412,10
8412,19
8413,1
8413,2
8413,3
8413,4
8413,5
8413,10
8414,2
8414,3
8414,5
8414,10
8414,38
8415,1
8415,2
8415,3
8415,4
8415,10
8415,24
8416,1
8416,2
8416,3
8416,4
8416,10
8416,47
8417,1
8417,2
8417,4
8417,5
8417,10
8417,25
8418,1
8418,3
8418,10
8418,39
8418,45
8419,1
8419,4
8419,13
8419,45
8419,47
8420,1
8420,2
8420,16
8420,22
8420,33
8420,37
8421,1
8421,3
8421,4
8421,45
8421,46
8421,47
8422,1
8422,2
8422,3
8422,4
8422,5
8422,10
8423,1
8423,3
8423,4
8423,10
8423,39
8423,45
8424,3
8424,4
8424,45
8424,46
8424,47
8425,3
8425,4
8425,10
8425,39
8426,2
8426,4
8426,5
8426,10
8426,18
8427,1
8427,2
8427,3
8427,4
8427,5
8427,10
8428,2
8428,3
8428,4
8428,5
8428,10
8429,4
8429,5
8429,10
8429,36
8429,41
8430,1
8430,3
8430,4
8430,5
8430,10
8431,3
8431,4
8431,45
8431,46
8431,47
8432,1
8432,3
8432,4
8432,23
8432,45
8432,46
8432,47
8433,1
8433,2
8433,4
8433,5
8433,9
8433,10
8434,1
8434,2
8434,3
8434,4
8434,10
8434,16
8435,1
8435,5
8435,28
8435,34
8435,36
8435,37
8436,1
8436,2
8436,3
8436,4
8436,5
8436,10
8436,45
8437,1
8437,3
8437,4
8437,10
8437,39
8438,2
8438,3
8438,5
8438,10
8438,38
8439,1
8439,2
8439,28
8439,34
8439,36
8439,47
8440,1
8440,2
8440,3
8440,4
8440,5
8440,10
8440,23
8441,1
8441,17
8441,22
8441,24
8441,33
8442,1
8442,4
8442,5
8442,10
8442,27
8443,1
8443,2
8443,22
8443,33
8443,37
8444,1
8444,4
8444,36
8444,46
8444,47
8445,1
8445,10
8445,39
8445,45
8446,1
8446,3
8446,4
8446,12
8446,25
8447,1
8447,2
8447,16
8447,22
8447,24
8447,33
8447,37
8448,1
8448,3
8448,4
8448,12
8448,36
8449,1
8449,2
8449,4
8449,5
8449,10
8450,1
8450,4
8450,39
8450,44
8450,45
8451,1
8451,3
8451,4
8451,20
8451,45
8451,46
8451,47
8452,1
8452,2
8452,3
8452,5
8452,10
8452,38
8453,1
8453,2
8453,4
8453,10
8453,36
8454,2
8454,4
8454,5
8454,10
8454,41
8455,1
8455,45
8455,46
8455,47
8456,1
8456,3
8456,12
8456,36
8457,1
8457,2
8457,3
8457,10
8457,25
8457,31
8457,38
8458,1
8458,2
8458,7
8458,8
8458,26
8458,27
8458,30
8459,1
8459,2
8459,3
8459,5
8459,10
8459,30
8459,38
8460,1
8460,2
8460,28
8460,37
8461,1
8461,2
8461,3
8461,4
8461,5
8461,10
8462,1
8462,2
8462,7
8462,8
8462,26
8462,27
8462,47
8463,1
8463,4
8463,12
8463,36
8464,1
8464,3
8464,4
8464,45
8465,2
8465,3
8465,10
8465,38
8466,1
8466,2
8466,3
8466,4
8466,5
8466,10
8466,22
8467,1
8467,2
8467,3
8467,4
8467,5
8467,10
8468,1
8468,2
8468,10
8468,25
8468,38
8468,41
8469,1
8469,3
8469,4
8469,45
8469,46
8469,47
8470,1
8470,2
8470,3
8470,4
8470,5
8470,10
8471,2
8471,4
8471,5
8471,10
8472,2
8472,3
8472,4
8472,5
8472,10
8472,13
8473,2
8473,3
8473,4
8473,5
8473,10
8474,1
8474,2
8474,3
8474,4
8474,5
8474,10
8474,22
8475,1
8475,10
8475,34
8475,39
8475,45
8476,1
8476,3
8476,4
8476,12
8476,25
8476,34
8477,1
8477,12
8477,25
8477,36
8478,3
8478,12
8478,25
8478,36
8479,1
8479,3
8479,4
8479,10
8480,1
8480,2
8480,3
8480,4
8480,5
8480,10
8480,38
8481,1
8481,2
8481,3
8481,10
8481,25
8482,1
8482,3
8482,4
8482,10
8483,1
8483,3
8483,4
8483,45
8483,46
8483,47
8484,1
8484,3
8484,4
8484,5
8484,10
8485,1
8485,2
8485,4
8485,10
8485,43
8486,1
8486,2
8486,16
8486,20
8486,22
8486,24
8486,33
8487,1
8487,3
8487,7
8487,39
8487,45
8488,1
8488,2
8488,23
8488,34
8488,37
8489,1
8489,2
8489,5
8489,10
8490,1
8490,2
8490,4
8490,5
8490,10
8490,36
8491,1
8491,2
8491,28
8491,34
8491,36
8491,37
8491,43
8492,1
8492,2
8492,34
8492,36
8492,37
8493,1
8493,2
8493,3
8493,5
8493,10
8493,32
8494,1
8494,3
8494,4
8494,5
8494,10
8494,44
8495,7
8495,8
8495,26
8495,27
8496,1
8496,2
8496,3
8496,4
8496,5
8496,47
8497,2
8497,4
8497,5
8497,10
8497,37
8498,1
8498,3
8498,12
8498,25
8498,36
8499,1
8499,2
8499,4
8499,5
8499,24
8499,36
8500,1
8500,2
8500,4
8500,5
8500,10
8500,36
8501,1
8501,2
8501,10
8501,36
8501,38
8502,1
8502,2
8502,3
8502,10
8502,17
8502,25
8502,38
8503,2
8503,3
8503,4
8503,5
8503,10
8503,15
8504,1
8504,2
8504,3
8504,4
8505,1
8505,3
8505,4
8505,25
8505,45
8505,46
8505,47
8506,1
8506,2
8506,4
8506,5
8506,10
8506,35
8507,2
8507,3
8507,22
8507,25
8507,38
8508,1
8508,2
8508,4
8508,5
8508,36
8508,39
8509,1
8509,2
8509,3
8509,5
8510,1
8510,2
8510,11
8510,28
8510,34
8510,36
8510,37
8511,1
8511,2
8511,4
8511,5
8511,10
8511,36
8512,1
8512,2
8512,33
8512,37
8513,2
8513,16
8513,22
8513,33
8513,37
8514,3
8514,4
8514,12
8514,25
8514,36
8515,3
8515,4
8515,12
8515,25
8515,36
8516,2
8516,3
8516,4
8516,5
8516,10
8516,16
8517,1
8517,3
8517,4
8517,47
8518,1
8518,16
8518,22
8518,24
8518,30
8519,4
8519,22
8519,45
8519,46
8519,47
8520,1
8520,3
8520,4
8520,10
8520,39
8520,45
8521,1
8521,2
8521,28
8521,36
8521,37
8521,45
8522,1
8522,2
8522,3
8522,5
8522,10
8522,21
8523,1
8523,2
8523,4
8523,5
8523,10
8523,36
8524,1
8524,2
8524,8
8524,27
8524,30
8525,1
8525,2
8525,4
8525,5
8526,3
8526,5
8526,10
8526,38
8527,1
8527,2
8527,4
8527,5
8527,10
8527,36
8528,1
8528,2
8528,3
8528,4
8528,5
8528,10
8529,1
8529,2
8529,16
8529,22
8529,24
8529,33
8529,37
8530,1
8530,2
8530,8
8530,26
8531,1
8531,2
8531,3
8531,10
8532,1
8532,2
8532,4
8532,5
8532,10
8532,24
8533,1
8533,3
8533,4
8533,45
8533,46
8533,47
8534,1
8534,2
8534,3
8534,14
8534,25
8534,38
8535,1
8535,2
8535,7
8535,8
8535,13
8535,27
8536,1
8536,2
8536,3
8536,4
8536,5
8536,10
8536,38
8537,1
8537,12
8537,25
8537,36
8538,2
8538,3
8538,10
8538,38
8539,1
8539,2
8539,4
8539,5
8539,21
8539,36
8540,1
8540,3
8540,4
8540,31
8540,45
8540,46
8540,47
8541,2
8541,3
8541,4
8541,5
8541,10
8541,11
8542,2
8542,4
8542,5
8542,10
8542,44
8543,1
8543,2
8543,4
8543,10
8543,36
8544,1
8544,2
8544,3
8544,4
8544,5
8544,10
8544,17
8545,1
8545,2
8545,3
8545,4
8545,10
8545,36
8546,2
8546,4
8546,5
8546,10
8546,12
8547,1
8547,2
8547,4
8547,5
8547,15
8548,1
8548,2
8548,3
8548,4
8548,5
8548,10
8549,1
8549,2
8549,5
8549,10
8549,28
8549,36
8550,3
8550,4
8550,10
8550,34
8550,39
8550,45
8551,1
8551,2
8551,3
8551,5
8551,10
8552,1
8552,2
8552,24
8552,29
8552,33
8552,37
8553,1
8553,2
8553,3
8553,4
8553,5
8553,10
8553,13
8554,1
8554,2
8554,7
8554,26
8554,27
8554,45
8555,1
8555,2
8555,10
8555,25
8555,38
8556,1
8556,3
8556,4
8556,5
8556,10
8557,1
8557,4
8557,5
8557,10
8558,1
8558,2
8558,4
8558,5
8558,10
8558,36
8558,42
8559,1
8559,2
8559,3
8559,4
8559,5
8559,10
8560,1
8560,3
8560,6
8560,10
8560,39
8560,45
8561,1
8561,2
8561,3
8561,4
8561,14
8562,1
8562,2
8562,26
8562,27
8562,45
8563,2
8563,3
8563,25
8563,38
8564,1
8564,3
8564,4
8564,10
8564,12
8564,39
8564,45
8565,1
8565,2
8565,3
8565,4
8565,5
8565,10
8566,1
8566,5
8566,10
8566,35
8566,36
8567,1
8567,3
8567,4
8567,10
8567,35
8567,39
8567,45
8568,1
8568,2
8568,6
8568,24
8568,33
8569,1
8569,2
8569,28
8569,34
8569,37
8570,1
8570,2
8570,3
8570,5
8570,10
8570,31
8570,38
8571,1
8571,3
8571,4
8571,6
8571,12
8571,25
8571,36
8572,1
8572,2
8572,3
8572,4
8572,5
8572,41
8573,1
8573,2
8573,5
8573,10
8573,25
8573,38
8574,1
8574,2
8574,3
8574,10
8574,25
8574,33
8574,38
8575,1
8575,2
8575,3
8575,4
8575,10
8576,1
8576,4
8576,5
8576,10
8576,27
8577,4
8577,12
8577,25
8577,36
8578,1
8578,2
8578,36
8578,37
8579,1
8579,5
8579,10
8579,36
8580,1
8580,2
8580,28
8580,34
8580,36
8580,37
8581,2
8581,4
8581,5
8581,10
8581,36
8581,41
8582,1
8582,2
8582,3
8582,4
8582,5
8582,10
8583,4
8583,5
8583,10
8583,36
8584,1
8584,4
8584,25
8584,36
8585,2
8585,3
8585,4
8585,5
8586,1
8586,2
8586,3
8586,4
8586,5
8586,10
8587,3
8587,4
8587,10
8587,39
8587,45
8588,1
8588,2
8588,4
8588,10
8589,1
8589,2
8589,3
8589,4
8589,5
8589,10
8590,1
8590,2
8590,4
8590,5
8590,10
8591,1
8591,2
8591,4
8591,5
8591,8
8591,10
8591,36
8592,1
8592,2
8592,3
8592,4
8592,10
8593,1
8593,2
8593,4
8593,5
8593,10
8593,14
8593,36
8594,1
8594,2
8594,3
8594,38
8594,46
8595,1
8595,3
8595,4
8595,12
8595,25
8595,36
8596,1
8596,2
8596,4
8596,5
8596,25
8597,2
8597,16
8597,22
8597,33
8597,34
8598,1
8598,2
8598,4
8598,5
8598,10
8598,16
8599,1
8599,2
8599,7
8599,10
8599,26
8599,27
8600,1
8600,2
8600,3
8600,4
8601,1
8601,2
8601,3
8601,4
8601,5
8601,10
8601,11
8602,1
8602,2
8602,3
8602,4
8602,5
8603,1
8603,6
8603,28
8603,34
8603,36
8604,1
8604,2
8604,3
8604,4
8604,5
8604,10
8604,36
8605,1
8605,3
8605,6
8605,10
8605,25
8605,38
8606,3
8606,4
8606,5
8606,10
8607,1
8607,2
8607,3
8607,4
8607,5
8607,10
8608,2
8608,7
8608,8
8608,26
8608,27
8609,1
8609,2
8609,3
8609,10
8609,20
8609,25
8609,38
8610,1
8610,3
8610,4
8610,5
8611,1
8611,2
8611,3
8611,4
8611,5
8611,6
8611,10
8612,1
8612,2
8612,3
8612,5
8612,10
8613,1
8613,3
8613,4
8613,45
8613,46
8613,47
8614,1
8614,2
8614,3
8614,4
8614,5
8614,10
8615,1
8615,2
8615,3
8615,4
8615,5
8615,6
8615,10
8616,1
8616,2
8616,3
8616,5
8616,10
8616,38
8617,1
8617,2
8617,3
8617,4
8617,5
8617,10
8617,15
8618,1
8618,4
8618,5
8618,7
8618,10
8618,36
8619,1
8619,4
8619,5
8619,10
8619,36
8620,2
8620,3
8620,4
8620,5
8620,10
8620,35
8621,1
8621,7
8621,8
8621,19
8621,26
8622,1
8622,2
8622,3
8622,5
8622,10
8622,38
8623,1
8623,3
8623,4
8623,25
8623,32
8623,36
8624,1
8624,3
8624,4
8624,12
8624,22
8624,25
8625,1
8625,2
8625,3
8625,5
8625,10
8625,38
8626,1
8626,2
8626,34
8626,36
8626,37
8627,1
8627,3
8627,4
8627,10
8627,45
8628,2
8628,7
8628,8
8628,26
8628,27
8628,35
8629,1
8629,2
8629,28
8629,33
8629,34
8629,36
8629,37
8630,1
8630,10
8630,39
8630,45
8631,2
8631,16
8631,24
8631,37
8632,1
8632,2
8632,3
8632,4
8632,5
8632,10
8633,1
8633,2
8633,3
8633,5
8633,10
8633,41
8634,2
8634,3
8634,10
8634,38
8635,22
8635,24
8635,33
8635,37
8635,42
8636,2
8636,3
8636,5
8636,10
8636,43
8637,1
8637,4
8637,5
8637,45
8637,46
8638,1
8638,7
8638,8
8638,15
8638,26
8639,1
8639,2
8639,3
8639,4
8639,5
8639,10
8639,17
8640,1
8640,2
8640,4
8640,5
8640,10
8640,27
8641,1
8641,3
8641,4
8641,10
8641,45
8642,1
8642,2
8642,3
8642,4
8642,5
8642,10
8642,37
8643,1
8643,3
8643,4
8643,36
8644,1
8644,4
8644,12
8644,25
8644,36
8645,1
8645,2
8645,3
8645,8
8645,10
8645,25
8645,38
8646,1
8646,2
8646,4
8646,10
8647,1
8647,2
8647,11
8647,16
8647,22
8647,33
8647,37
8648,3
8648,12
8648,13
8648,25
8648,36
8649,1
8649,3
8649,4
8649,45
8649,46
8649,47
8650,1
8650,24
8650,33
8650,34
8650,37
8651,1
8651,2
8651,28
8651,34
8651,36
8651,37
8652,2
8652,3
8652,10
8652,38
8653,1
8653,2
8653,4
8653,10
8653,36
8654,1
8654,7
8654,8
8654,26
8654,27
8655,1
8655,4
8655,45
8655,46
8655,47
8656,1
8656,2
8656,3
8656,4
8656,8
8656,10
8657,1
8657,2
8657,5
8657,10
8657,36
8657,42
8658,1
8658,2
8658,4
8658,5
8658,10
8658,47
8659,1
8659,4
8659,12
8659,25
8659,36
8660,1
8660,2
8660,16
8660,22
8660,24
8660,33
8660,37
8661,1
8661,3
8661,4
8661,45
8661,46
8661,47
8662,1
8662,2
8662,4
8662,5
8662,36
8662,39
8663,1
8663,3
8663,4
8663,12
8663,25
8663,31
8663,36
8664,3
8664,4
8664,12
8664,25
8664,36
8665,1
8665,2
8665,28
8665,34
8665,36
8665,37
8666,1
8666,3
8666,4
8666,39
8666,45
8667,1
8667,2
8667,4
8667,10
8668,2
8668,4
8668,5
8668,10
8669,1
8669,3
8669,5
8669,8
8669,10
8669,38
8670,1
8670,3
8670,4
8670,5
8670,45
8670,46
8670,47
8671,1
8671,2
8671,4
8671,10
8671,32
8672,1
8672,2
8672,4
8672,5
8672,17
8672,36
8673,1
8673,16
8673,22
8673,33
8674,1
8674,2
8674,15
8674,34
8674,36
8674,37
8675,1
8675,2
8675,3
8675,5
8675,10
8675,38
8676,3
8676,4
8676,5
8676,10
8676,16
8677,1
8677,12
8677,25
8677,36
8678,2
8678,4
8678,5
8678,10
8679,1
8679,3
8679,4
8679,45
8679,46
8679,47
8680,1
8680,4
8680,5
8680,8
8680,10
8681,1
8681,3
8681,4
8681,5
8681,10
8681,30
8682,1
8682,2
8682,3
8682,4
8682,5
8682,10
8682,45
8683,1
8683,2
8683,3
8683,4
8683,5
8683,10
8683,36
8684,16
8684,22
8684,33
8684,37
8685,2
8685,3
8685,4
8685,5
8685,10
8686,1
8686,3
8686,10
8686,25
8687,1
8687,3
8687,4
8687,12
8687,27
8687,36
8688,1
8688,2
8688,24
8688,28
8688,37
8689,1
8689,2
8689,3
8689,10
8689,19
8689,38
8690,1
8690,2
8690,3
8690,4
8690,5
8690,10
8691,1
8691,2
8691,25
8691,38
8692,3
8692,4
8692,12
8692,46
8692,47
8693,1
8693,3
8693,4
8693,45
8693,46
8693,47
8694,2
8694,5
8694,10
8694,36
8695,1
8695,3
8695,4
8695,12
8695,25
8695,36
8696,1
8696,2
8696,3
8696,4
8696,10
8697,1
8697,9
8697,28
8697,36
8697,37
8698,1
8698,2
8698,3
8698,5
8698,10
8698,38
8699,1
8699,3
8699,4
8699,19
8699,39
8699,45
8700,1
8700,3
8700,4
8700,10
8700,24
8700,39
8700,45
8701,1
8701,3
8701,4
8701,27
8701,39
8701,45
8702,1
8702,3
8702,4
8702,10
8702,37
8702,39
8702,45
8703,2
8703,5
8703,10
8703,25
8703,38
8704,1
8704,3
8704,4
8704,25
8704,36
8705,1
8705,4
8705,5
8705,36
8706,3
8706,4
8706,10
8706,45
8707,2
8707,28
8707,34
8707,37
8708,1
8708,2
8708,3
8708,4
8708,5
8708,10
8708,16
8709,1
8709,2
8709,4
8709,5
8710,2
8710,3
8710,5
8710,10
8711,1
8711,2
8711,3
8711,4
8711,5
8711,10
8712,1
8712,3
8712,4
8712,10
8712,34
8712,39
8712,45
8713,1
8713,2
8713,16
8713,22
8713,24
8713,33
8713,37
8714,1
8714,7
8714,8
8714,26
8714,27
8715,1
8715,2
8715,3
8715,4
8715,5
8715,10
8715,28
8716,1
8716,3
8716,10
8716,25
8716,43
8717,1
8717,3
8717,4
8717,5
8717,10
8718,1
8718,2
8718,3
8718,10
8719,1
8719,2
8719,3
8719,4
8719,10
8720,1
8720,3
8720,4
8720,12
8721,1
8721,5
8721,10
8721,38
8722,2
8722,5
8722,10
8722,38
8723,1
8723,2
8723,3
8723,4
8723,5
8723,10
8724,1
8724,2
8724,3
8724,10
8724,25
8725,2
8725,22
8725,24
8725,25
8725,37
8726,2
8726,3
8726,5
8726,10
8726,38
8727,2
8727,3
8727,10
8727,38
8728,1
8728,2
8728,3
8728,5
8728,10
8728,38
8729,2
8729,3
8729,10
8729,25
8729,38
8730,1
8730,2
8730,3
8730,4
8730,5
8730,10
8730,15
8731,1
8731,28
8731,34
8731,37
8732,1
8732,2
8732,36
8732,37
8733,3
8733,15
8733,45
8733,46
8733,47
8734,1
8734,2
8734,34
8734,36
8734,37
8735,1
8735,2
8735,17
8735,34
8735,36
8736,1
8736,2
8736,3
8736,4
8736,5
8736,10
8737,1
8737,2
8737,3
8737,4
8737,5
8737,10
8738,1
8738,4
8738,10
8738,39
8738,45
8739,1
8739,2
8739,3
8739,4
8739,5
8739,10
8739,38
8740,2
8740,8
8740,26
8740,27
8741,1
8741,2
8741,3
8741,4
8741,35
8742,1
8742,3
8742,40
8742,45
8742,46
8743,1
8743,2
8743,3
8743,4
8743,5
8743,10
8744,3
8744,4
8744,33
8744,45
8744,46
8745,1
8745,2
8745,4
8745,5
8745,10
8745,24
8746,2
8746,3
8746,4
8746,5
8746,10
8746,25
8747,2
8747,4
8747,5
8747,36
8748,2
8748,3
8748,10
8748,26
8748,38
8749,1
8749,2
8749,10
8749,25
8749,38
8750,3
8750,4
8750,5
8750,10
8751,1
8751,3
8751,4
8751,12
8751,36
8752,2
8752,16
8752,22
8752,24
8752,33
8752,37
8753,1
8753,3
8753,4
8753,45
8753,46
8753,47
8754,1
8754,2
8754,3
8754,5
8754,29
8755,1
8755,2
8755,6
8755,22
8755,33
8755,37
8756,1
8756,3
8756,4
8756,10
8756,39
8756,40
8756,45
8757,1
8757,7
8757,8
8757,27
8758,1
8758,2
8758,7
8758,8
8758,26
8758,27
8759,1
8759,4
8759,41
8759,45
8759,47
8760,1
8760,2
8760,5
8760,10
8761,1
8761,3
8761,4
8761,12
8761,25
8761,35
8761,36
8762,1
8762,2
8762,10
8762,27
8762,36
8763,1
8763,2
8763,3
8763,4
8763,5
8763,10
8763,11
8764,1
8764,3
8764,4
8764,45
8764,46
8765,1
8765,3
8765,25
8765,36
8766,1
8766,2
8766,16
8766,22
8766,24
8766,33
8766,37
8767,1
8767,3
8767,4
8767,12
8767,25
8767,36
8768,1
8768,2
8768,25
8768,28
8768,34
8768,36
8769,1
8769,3
8769,4
8769,45
8769,46
8770,1
8770,2
8770,3
8770,5
8770,10
8770,12
8770,38
8771,1
8771,3
8771,5
8771,10
8771,21
8771,38
8772,1
8772,3
8772,12
8772,19
8772,25
8772,36
8773,1
8773,3
8773,4
8773,9
8773,45
8773,46
8773,47
8774,1
8774,2
8774,4
8774,5
8774,10
8774,36
8775,1
8775,2
8775,22
8775,24
8776,2
8776,4
8776,10
8776,21
8776,36
8777,1
8777,3
8777,10
8777,39
8778,1
8778,3
8778,4
8778,12
8778,25
8778,36
8779,1
8779,2
8779,3
8779,4
8779,5
8779,10
8780,1
8780,3
8780,4
8780,12
8780,25
8781,1
8781,2
8781,3
8781,5
8781,10
8781,38
8781,41
8782,1
8782,3
8782,12
8782,25
8782,26
8783,1
8783,2
8783,3
8783,4
8783,5
8783,7
8783,10
8784,3
8784,10
8784,13
8784,39
8784,45
8785,1
8785,3
8785,4
8785,8
8785,10
8785,39
8785,45
8786,1
8786,4
8786,17
8786,45
8786,46
8786,47
8787,1
8787,2
8787,5
8787,10
8787,34
8788,1
8788,2
8788,3
8788,5
8788,10
8789,1
8789,3
8789,4
8789,45
8789,46
8789,47
8790,1
8790,2
8790,5
8790,10
8790,36
8791,1
8791,3
8791,4
8791,5
8791,6
8791,10
8792,1
8792,2
8792,22
8792,28
8792,36
8792,37
8793,1
8793,3
8793,4
8793,10
8793,46
8794,1
8794,3
8794,4
8794,38
8794,39
8795,1
8795,2
8795,3
8795,4
8795,5
8795,10
8796,1
8796,2
8796,3
8796,4
8796,5
8796,9
8797,1
8797,3
8797,4
8797,45
8797,46
8797,47
8798,1
8798,3
8798,12
8798,36
8799,1
8799,7
8799,26
8799,27
8800,1
8800,2
8800,3
8800,5
8800,10
8800,38
8800,43
8801,1
8801,2
8801,28
8801,34
8801,36
8801,37
8802,1
8802,2
8802,5
8802,36
8803,1
8803,2
8803,3
8803,4
8803,5
8803,10
8804,1
8804,2
8804,28
8804,34
8804,36
8804,37
8804,39
8805,1
8805,2
8805,28
8805,32
8805,34
8805,36
8805,37
8806,2
8806,4
8806,5
8806,10
8806,36
8807,1
8807,3
8807,4
8807,5
8807,10
8807,22
8808,1
8808,3
8808,4
8808,12
8808,36
8809,1
8809,2
8809,7
8809,18
8809,26
8809,27
8810,1
8810,4
8810,7
8810,8
8810,27
8811,1
8811,2
8811,28
8811,34
8811,36
8811,37
8812,2
8812,28
8812,36
8812,37
8813,2
8813,3
8813,4
8813,5
8813,40
8814,1
8814,2
8814,7
8814,26
8814,34
8815,1
8815,4
8815,18
8815,45
8815,47
8816,1
8816,3
8816,10
8816,24
8816,25
8816,38
8817,1
8817,2
8817,3
8817,10
8817,31
8817,38
8818,1
8818,4
8818,5
8818,10
8818,36
8818,45
8819,1
8819,3
8819,10
8819,39
8819,45
8820,1
8820,3
8820,4
8820,10
8820,39
8820,45
8821,1
8821,2
8821,7
8821,8
8821,26
8821,27
8822,2
8822,4
8822,5
8822,10
8822,32
8823,2
8823,3
8823,4
8823,5
8823,10
8823,35
8824,1
8824,2
8824,10
8824,16
8824,38
8825,1
8825,2
8825,3
8825,4
8825,10
8825,23
8826,1
8826,3
8826,4
8826,41
8826,45
8826,46
8826,47
8827,3
8827,4
8827,9
8827,10
8827,39
8827,45
8828,1
8828,2
8828,3
8828,10
8829,1
8829,3
8829,4
8829,12
8829,25
8829,26
8829,36
8830,1
8830,2
8830,4
8830,5
8830,19
8831,4
8831,12
8831,25
8831,36
8832,1
8832,3
8832,4
8832,10
8832,39
8832,45
8833,1
8833,3
8833,4
8833,45
8833,46
8833,47
8834,1
8834,2
8834,4
8834,5
8834,45
8835,2
8835,4
8835,5
8835,36
8836,1
8836,3
8836,10
8836,25
8836,38
8836,46
8837,1
8837,2
8837,3
8837,5
8837,10
8837,22
8837,38
8838,1
8838,4
8838,12
8838,25
8838,36
8839,1
8839,2
8839,3
8839,10
8839,25
8839,38
8840,1
8840,7
8840,8
8840,26
8840,39
8841,2
8841,3
8841,5
8841,10
8841,38
8842,2
8842,3
8842,4
8842,10
8842,19
8843,1
8843,2
8843,6
8843,28
8843,34
8843,36
8843,37
8844,1
8844,3
8844,4
8844,10
8844,12
8844,25
8844,36
8845,1
8845,2
8845,3
8845,28
8845,37
8846,1
8846,2
8846,4
8846,5
8846,10
8846,14
8847,1
8847,2
8847,3
8847,4
8847,5
8847,10
8847,31
8848,1
8848,3
8848,4
8848,5
8848,10
8849,1
8849,3
8849,5
8849,10
8849,38
8849,41
8850,1
8850,2
8850,3
8850,4
8850,5
8850,17
8851,1
8851,2
8851,4
8851,5
8851,10
8851,36
8852,1
8852,2
8852,8
8852,26
8853,1
8853,2
8853,3
8853,5
8853,10
8853,38
8854,1
8854,3
8854,4
8854,5
8854,22
8855,1
8855,2
8855,14
8855,16
8855,22
8855,24
8855,37
8856,1
8856,3
8856,4
8856,10
8856,39
8856,45
8857,1
8857,3
8857,4
8857,5
8857,10
8858,1
8858,4
8858,36
8858,46
8858,47
8859,1
8859,2
8859,3
8859,4
8859,5
8859,10
8859,11
8860,1
8860,3
8860,4
8860,45
8860,46
8860,47
8861,1
8861,2
8861,3
8861,5
8861,10
8861,12
8862,1
8862,2
8862,3
8862,10
8862,13
8862,25
8862,38
8863,1
8863,3
8863,4
8863,45
8864,1
8864,3
8864,5
8864,10
8864,34
8865,1
8865,2
8865,3
8865,26
8865,38
8866,1
8866,4
8866,12
8866,25
8867,1
8867,2
8867,5
8867,10
8868,1
8868,3
8868,4
8868,16
8868,45
8868,46
8868,47
8869,1
8869,3
8869,4
8869,45
8869,46
8869,47
8870,1
8870,2
8870,3
8870,5
8870,35
8871,2
8871,3
8871,5
8871,10
8872,1
8872,10
8872,16
8872,22
8872,24
8872,33
8872,37
8873,1
8873,2
8873,3
8873,10
8874,1
8874,3
8874,4
8874,45
8874,46
8874,47
8875,2
8875,3
8875,5
8875,10
8875,28
8876,1
8876,2
8876,3
8876,10
8876,25
8876,38
8877,1
8877,2
8877,7
8877,8
8877,26
8877,27
8877,46
8878,1
8878,3
8878,4
8878,36
8879,2
8879,3
8879,4
8879,10
8879,40
8880,2
8880,3
8880,4
8880,5
8880,41
8881,2
8881,21
8881,22
8881,24
8881,37
8882,1
8882,3
8882,4
8882,5
8882,10
8883,1
8883,3
8883,4
8883,12
8883,25
8883,36
8884,21
8884,28
8884,34
8884,36
8884,37
8885,2
8885,3
8885,45
8885,46
8885,47
8886,1
8886,2
8886,3
8886,4
8886,5
8886,10
8887,1
8887,2
8887,3
8887,5
8887,10
8887,21
8887,38
8888,1
8888,3
8888,4
8888,25
8888,45
8888,46
8888,47
8889,1
8889,3
8889,4
8889,12
8889,36
8890,1
8890,2
8890,16
8890,22
8890,24
8890,33
8890,37
8891,1
8891,2
8891,4
8891,5
8891,18
8891,36
8892,1
8892,2
8892,3
8892,5
8892,7
8892,10
8892,38
8893,1
8893,3
8893,4
8893,39
8893,45
8894,1
8894,2
8894,3
8894,4
8894,5
8894,10
8895,1
8895,3
8895,39
8895,45
8896,1
8896,2
8896,3
8896,10
8896,25
8896,38
8897,1
8897,3
8897,4
8897,31
8897,45
8897,46
8897,47
8898,1
8898,3
8898,5
8898,10
8898,38
8899,1
8899,2
8899,3
8899,5
8899,10
8900,1
8900,2
8900,34
8900,37
8901,1
8901,2
8901,7
8901,26
8901,28
8902,1
8902,2
8902,3
8902,4
8902,5
8902,10
8902,46
8903,1
8903,2
8903,7
8903,26
8903,27
8904,1
8904,3
8904,4
8904,45
8904,47
8905,1
8905,2
8905,16
8905,22
8905,24
8905,30
8905,33
8905,37
8906,1
8906,2
8906,4
8906,5
8906,10
8906,43
8907,1
8907,3
8907,4
8907,5
8907,10
8908,1
8908,3
8908,4
8908,39
8908,45
8909,1
8909,3
8909,4
8909,10
8909,34
8909,39
8909,45
8910,2
8910,3
8910,4
8910,5
8910,10
8911,1
8911,4
8911,10
8911,37
8911,45
8912,1
8912,3
8912,10
8912,45
8913,1
8913,10
8913,25
8913,38
8914,1
8914,2
8914,3
8914,10
8915,1
8915,2
8915,16
8915,24
8915,33
8916,1
8916,3
8916,4
8916,10
8916,25
8917,1
8917,2
8917,7
8917,8
8917,26
8918,1
8918,3
8918,5
8918,10
8919,1
8919,2
8919,3
8919,4
8920,1
8920,2
8920,3
8920,10
8920,38
8921,1
8921,3
8921,4
8921,45
8921,46
8921,47
8922,1
8922,2
8922,4
8922,5
8923,1
8923,3
8923,12
8923,21
8923,36
8924,2
8924,28
8924,36
8924,37
8925,1
8925,2
8925,16
8925,20
8925,22
8925,33
8925,37
8926,2
8926,3
8926,4
8926,5
8926,10
8926,39
8927,1
8927,2
8927,3
8927,10
8927,25
8927,35
8927,38
8928,2
8928,5
8928,10
8928,25
8928,36
8929,1
8929,2
8929,3
8929,4
8929,5
8929,23
8930,3
8930,4
8930,45
8930,46
8930,47
8931,1
8931,2
8931,7
8931,26
8931,40
8932,1
8932,2
8932,3
8932,4
8932,19
8933,1
8933,2
8933,4
8933,10
8933,36
8933,41
8934,3
8934,10
8934,25
8934,31
8934,38
8935,1
8935,4
8935,45
8935,46
8936,3
8936,4
8936,45
8936,46
8936,47
8937,1
8937,2
8937,3
8937,4
8937,5
8937,10
8937,38
8938,2
8938,7
8938,8
8938,27
8939,1
8939,2
8939,5
8939,38
8940,1
8940,2
8940,3
8940,10
8940,25
8940,38
8940,42
8941,3
8941,4
8941,5
8941,10
8942,1
8942,16
8942,22
8942,24
8942,33
8942,37
8943,1
8943,3
8943,4
8943,12
8943,25
8943,36
8944,1
8944,2
8944,3
8944,5
8944,10
8945,1
8945,2
8945,28
8945,36
8945,37
8946,2
8946,3
8946,4
8946,10
8947,1
8947,2
8947,4
8947,5
8947,10
8948,2
8948,7
8948,34
8948,36
8948,37
8949,1
8949,3
8949,39
8949,45
8950,1
8950,2
8950,24
8950,28
8950,34
8950,36
8950,37
8951,1
8951,2
8951,3
8951,4
8951,5
8951,10
8952,1
8952,2
8952,3
8952,5
8952,10
8953,1
8953,2
8953,25
8953,38
8954,1
8954,2
8954,28
8954,34
8954,37
8955,1
8955,2
8955,7
8955,8
8955,26
8955,27
8956,3
8956,12
8956,25
8956,36
8957,1
8957,3
8957,4
8957,5
8957,10
8958,1
8958,3
8958,4
8958,45
8958,46
8958,47
8959,1
8959,2
8959,4
8959,5
8959,10
8959,36
8959,42
8960,1
8960,3
8960,4
8960,17
8960,45
8960,46
8961,1
8961,3
8961,30
8961,46
8961,47
8962,1
8962,4
8962,10
8962,23
8962,39
8962,45
8963,1
8963,2
8963,7
8963,8
8963,26
8963,27
8964,1
8964,3
8964,4
8964,12
8964,25
8964,34
8964,36
8965,2
8965,3
8965,4
8965,10
8966,3
8966,4
8966,41
8966,45
8966,46
8966,47
8967,1
8967,3
8967,12
8967,24
8967,25
8967,36
8968,1
8968,3
8968,4
8968,9
8968,46
8968,47
8969,1
8969,3
8969,4
8969,12
8969,25
8969,36
8970,1
8970,3
8970,4
8970,45
8970,46
8970,47
8971,1
8971,2
8971,3
8971,10
8971,13
8971,25
8971,38
8972,3
8972,4
8972,5
8972,12
8972,36
8973,1
8973,2
8973,3
8973,4
8973,10
8973,28
8974,1
8974,2
8974,4
8974,36
8975,1
8975,2
8975,3
8975,4
8975,5
8975,10
8975,45
8976,1
8976,3
8976,4
8976,12
8976,25
8976,36
8976,39
8977,1
8977,2
8977,4
8977,5
8977,10
8977,36
8978,1
8978,2
8978,4
8978,5
8978,10
8978,45
8979,3
8979,4
8979,5
8979,10
8979,38
8980,1
8980,2
8980,7
8980,8
8980,27
8981,1
8981,3
8981,4
8981,20
8981,45
8981,46
8981,47
8982,1
8982,2
8982,22
8982,24
8982,33
8982,45
8983,1
8983,3
8983,4
8983,39
8983,45
8984,2
8984,22
8984,33
8984,37
8985,1
8985,2
8985,22
8985,28
8985,36
8985,37
8986,1
8986,3
8986,12
8986,36
8986,44
8987,1
8987,3
8987,4
8987,10
8987,20
8988,1
8988,2
8988,18
8988,28
8988,34
8988,36
8988,37
8989,2
8989,3
8989,4
8989,5
8989,36
8990,1
8990,3
8990,4
8990,12
8990,25
8990,31
8990,36
8991,1
8991,3
8991,4
8991,45
8991,46
8991,47
8992,1
8992,2
8992,3
8992,10
8992,18
8992,38
8993,1
8993,2
8993,3
8993,4
8993,5
8993,10
8993,17
8994,2
8994,3
8994,21
8994,25
8994,38
8995,1
8995,2
8995,10
8995,25
8995,38
8996,1
8996,2
8996,3
8996,5
8996,10
8996,38
8997,1
8997,2
8997,8
8997,21
8997,26
8997,27
8998,1
8998,2
8998,7
8998,8
8998,26
8998,27
8998,36
8999,1
8999,2
8999,3
8999,5
8999,10
8999,38
9000,1
9000,2
9000,5
9000,10
9000,16
9000,36
9001,1
9001,7
9001,8
9001,26
9001,27
9002,2
9002,3
9002,4
9002,5
9003,1
9003,2
9003,28
9003,30
9003,34
9003,36
9003,37
9004,2
9004,26
9004,28
9004,34
9004,36
9005,1
9005,4
9005,12
9005,25
9005,35
9005,36
9006,1
9006,3
9006,4
9006,10
9006,39
9006,45
9006,46
9007,1
9007,2
9007,4
9007,5
9007,6
9007,10
9007,36
9008,1
9008,3
9008,4
9008,32
9008,46
9009,1
9009,3
9009,4
9009,6
9009,45
9009,47
9010,1
9010,2
9010,28
9010,34
9010,36
9010,37
9010,41
9011,1
9011,3
9011,4
9011,39
9011,45
9011,47
9012,1
9012,4
9012,10
9012,36
9012,44
9013,1
9013,3
9013,4
9013,10
9013,45
9013,47
9014,1
9014,3
9014,4
9014,12
9014,25
9014,36
9015,1
9015,2
9015,4
9015,5
9015,22
9016,1
9016,2
9016,3
9016,4
9016,5
9016,10
9016,16
9017,1
9017,3
9017,4
9017,10
9017,39
9017,45
9018,2
9018,4
9018,5
9018,10
9018,36
9019,1
9019,3
9019,4
9019,10
9019,21
9019,39
9020,1
9020,2
9020,3
9020,4
9020,5
9020,10
9020,12
9021,1
9021,4
9021,10
9021,37
9021,39
9022,1
9022,7
9022,16
9022,24
9022,37
9023,1
9023,2
9023,7
9023,8
9023,15
9023,26
9023,27
9024,1
9024,2
9024,3
9024,10
9024,25
9024,31
9024,38
9025,1
9025,3
9025,4
9025,10
9025,41
9026,1
9026,2
9026,4
9026,5
9027,1
9027,3
9027,12
9027,25
9027,36
9028,1
9028,2
9028,4
9028,5
9028,10
9028,36
9029,2
9029,3
9029,5
9029,10
9030,1
9030,3
9030,4
9030,25
9030,41
9031,1
9031,2
9031,3
9031,4
9031,5
9032,1
9032,2
9032,3
9032,10
9033,1
9033,2
9033,3
9033,4
9033,5
9033,10
9034,1
9034,2
9034,3
9034,4
9034,5
9034,10
9035,1
9035,2
9035,3
9035,4
9035,5
9035,10
9036,2
9036,3
9036,4
9036,5
9036,44
9037,1
9037,2
9037,5
9037,10
9037,16
9037,38
9038,1
9038,2
9038,3
9038,10
9039,1
9039,28
9039,32
9039,34
9039,37
9040,1
9040,2
9040,3
9040,4
9040,13
9041,1
9041,3
9041,4
9041,45
9041,47
9042,1
9042,3
9042,4
9042,10
9042,20
9042,39
9042,45
9043,1
9043,4
9043,38
9043,39
9043,45
9044,1
9044,2
9044,3
9044,7
9044,10
9044,25
9044,38
9045,1
9045,3
9045,4
9045,12
9045,25
9045,36
9046,1
9046,3
9046,46
9046,47
9047,1
9047,2
9047,5
9047,10
9048,2
9048,22
9048,24
9048,33
9049,1
9049,3
9049,4
9049,45
9049,46
9049,47
9050,1
9050,7
9050,26
9050,27
9050,41
9051,2
9051,28
9051,34
9051,36
9051,37
9051,41
9052,1
9052,3
9052,4
9052,31
9052,46
9052,47
9053,1
9053,2
9053,3
9053,4
9053,5
9053,10
9054,1
9054,3
9054,4
9054,27
9054,46
9054,47
9055,1
9055,2
9055,16
9055,22
9055,24
9055,33
9055,37
9056,1
9056,2
9056,3
9056,10
9056,25
9057,1
9057,4
9057,10
9057,45
9058,3
9058,4
9058,10
9058,35
9058,39
9058,45
9059,1
9059,2
9059,11
9059,22
9059,24
9059,37
9060,1
9060,3
9060,4
9060,5
9060,10
9060,42
9061,1
9061,3
9061,45
9061,46
9062,3
9062,10
9062,39
9062,45
9063,3
9063,4
9063,6
9063,10
9063,39
9064,3
9064,4
9064,10
9064,23
9064,39
9065,2
9065,3
9065,4
9065,5
9065,20
9066,1
9066,2
9066,3
9066,10
9066,25
9066,36
9066,38
9067,1
9067,3
9067,4
9067,12
9067,25
9067,36
9068,1
9068,2
9068,3
9068,4
9068,5
9068,10
9068,16
9069,2
9069,22
9069,24
9069,37
9070,1
9070,2
9070,3
9070,5
9070,10
9070,14
9070,38
9071,1
9071,2
9071,3
9071,5
9071,15
9072,1
9072,2
9072,16
9072,22
9072,23
9072,24
9072,33
9072,37
9073,1
9073,16
9073,21
9073,22
9073,33
9074,1
9074,2
9074,5
9074,10
9074,41
9075,1
9075,2
9075,16
9075,22
9075,24
9075,33
9075,37
9075,40
9076,1
9076,2
9076,10
9076,25
9076,38
9076,44
9077,1
9077,3
9077,4
9077,12
9077,20
9077,25
9078,1
9078,2
9078,3
9078,5
9078,10
9078,13
9078,38
9079,1
9079,2
9079,3
9079,4
9079,5
9079,10
9080,1
9080,2
9080,3
9080,4
9080,5
9081,4
9081,5
9081,10
9081,36
9081,41
9082,3
9082,45
9082,46
9082,47
9083,2
9083,4
9083,5
9083,10
9083,36
9083,45
9084,1
9084,2
9084,3
9084,4
9084,5
9084,10
9085,1
9085,3
9085,12
9085,25
9085,36
9085,42
9086,2
9086,3
9086,8
9086,10
9086,38
9087,1
9087,3
9087,25
9087,29
9087,36
9088,3
9088,4
9088,12
9088,36
9089,1
9089,2
9089,24
9089,33
9089,35
9090,1
9090,2
9090,3
9090,4
9090,5
9091,1
9091,2
9091,16
9091,24
9091,33
9092,1
9092,2
9092,10
9092,38
9093,1
9093,2
9093,10
9093,16
9093,22
9093,24
9093,37
9094,2
9094,3
9094,4
9094,10
9095,3
9095,4
9095,37
9095,45
9095,47
9096,1
9096,3
9096,4
9096,10
9096,39
9096,42
9096,45
9097,1
9097,2
9097,16
9097,22
9097,24
9097,33
9097,37
9098,4
9098,45
9098,46
9098,47
9099,1
9099,2
9099,3
9099,5
9099,10
9100,3
9100,12
9100,25
9100,36
9101,2
9101,5
9101,10
9101,36
9102,1
9102,2
9102,3
9102,25
9102,38
9103,1
9103,2
9103,3
9103,4
9103,5
9103,10
9103,27
9104,2
9104,3
9104,5
9104,10
9104,19
9105,1
9105,2
9105,4
9105,5
9105,10
9105,36
9106,1
9106,2
9106,28
9106,37
9107,1
9107,2
9107,3
9107,5
9107,10
9107,37
9107,38
9108,1
9108,2
9108,5
9108,10
9108,13
9109,1
9109,3
9109,4
9109,5
9109,10
9110,1
9110,22
9110,24
9110,33
9111,1
9111,2
9111,3
9111,25
9111,38
9112,1
9112,2
9112,3
9112,25
9112,38
9113,1
9113,2
9113,3
9113,10
9113,38
9114,2
9114,7
9114,8
9114,26
9114,27
9115,1
9115,2
9115,4
9115,5
9115,10
9115,36
9116,1
9116,3
9116,4
9116,46
9116,47
9117,1
9117,2
9117,7
9117,8
9117,26
9118,1
9118,3
9118,4
9118,16
9118,45
9118,47
9119,1
9119,2
9119,3
9119,4
9119,10
9120,1
9120,2
9120,3
9120,4
9120,5
9120,10
9121,1
9121,3
9121,4
9121,34
9121,45
9121,46
9122,1
9122,2
9122,28
9122,34
9122,36
9122,37
9122,38
9123,1
9123,2
9123,11
9123,16
9123,24
9123,37
9124,1
9124,2
9124,3
9124,10
9124,38
9124,42
9125,1
9125,2
9125,16
9125,22
9125,24
9125,33
9125,37
9126,1
9126,2
9126,7
9126,8
9126,24
9126,27
9127,1
9127,3
9127,4
9127,45
9127,46
9127,47
9128,1
9128,2
9128,28
9128,34
9128,36
9128,37
9129,1
9129,2
9129,4
9129,5
9129,26
9130,1
9130,3
9130,4
9130,5
9130,10
9131,4
9131,10
9131,39
9131,45
9132,1
9132,2
9132,22
9132,33
9132,37
9133,1
9133,3
9133,10
9133,43
9133,45
9134,1
9134,16
9134,22
9134,24
9134,37
9135,2
9135,3
9135,25
9135,32
9135,38
9136,3
9136,4
9136,31
9136,46
9136,47
9137,1
9137,2
9137,33
9137,34
9137,36
9137,37
9138,1
9138,2
9138,3
9138,5
9138,10
9138,37
9139,1
9139,2
9139,3
9139,4
9139,5
9139,10
9139,26
9140,1
9140,2
9140,3
9140,4
9140,5
9140,10
9140,37
9141,1
9141,2
9141,3
9141,4
9141,10
9142,1
9142,4
9142,10
9142,39
9142,45
9143,1
9143,2
9143,3
9143,4
9144,1
9144,3
9144,4
9144,25
9145,1
9145,2
9145,3
9145,4
9145,5
9145,10
9145,14
9146,1
9146,3
9146,6
9146,45
9146,46
9146,47
9147,1
9147,2
9147,3
9147,4
9147,5
9147,10
9147,38
9148,1
9148,3
9148,4
9148,14
9148,39
9148,45
9149,1
9149,4
9149,5
9149,10
9150,1
9150,3
9150,4
9150,12
9150,25
9150,34
9151,1
9151,3
9151,4
9151,45
9151,46
9151,47
9152,1
9152,2
9152,5
9152,27
9152,38
9153,1
9153,2
9153,3
9153,4
9153,5
9153,10
9153,36
9154,1
9154,2
9154,11
9154,28
9154,36
9154,37
9155,1
9155,2
9155,3
9155,4
9155,5
9155,21
9156,1
9156,3
9156,4
9156,10
9156,23
9156,39
9157,1
9157,3
9157,4
9157,21
9157,45
9157,46
9157,47
9158,1
9158,3
9158,4
9158,6
9158,12
9158,36
9159,1
9159,2
9159,3
9159,25
9159,26
9160,1
9160,34
9160,36
9160,37
9160,45
9161,1
9161,2
9161,16
9161,21
9161,22
9161,24
9161,33
9161,37
9162,1
9162,2
9162,7
9162,8
9162,16
9162,27
9163,1
9163,2
9163,28
9163,34
9163,37
9164,1
9164,2
9164,3
9164,4
9164,10
9165,1
9165,2
9165,3
9165,4
9165,5
9165,10
9165,33
9166,16
9166,22
9166,24
9166,33
9166,35
9167,1
9167,2
9167,3
9167,4
9167,5
9167,10
9167,46
9168,2
9168,4
9168,5
9168,10
9169,1
9169,3
9169,8
9169,26
9169,27
9170,1
9170,12
9170,25
9170,36
9171,1
9171,3
9171,4
9171,45
9172,1
9172,4
9172,46
9172,47
9173,1
9173,2
9173,10
9173,25
9174,1
9174,2
9174,4
9174,5
9174,10
9174,36
9175,1
9175,2
9175,3
9175,4
9175,38
9176,1
9176,3
9176,4
9176,45
9176,46
9176,47
9177,1
9177,2
9177,3
9177,17
9177,25
9177,38
9178,3
9178,5
9178,10
9178,19
9178,38
9179,1
9179,3
9179,4
9179,26
9179,45
9179,46
9179,47
9180,1
9180,3
9180,14
9180,46
9180,47
9181,1
9181,2
9181,24
9181,33
9181,37
9182,1
9182,2
9182,3
9182,4
9182,10
9182,20
9183,1
9183,3
9183,4
9183,5
9184,1
9184,2
9184,6
9184,22
9184,33
9185,1
9185,3
9185,4
9185,10
9185,39
9185,45
9186,2
9186,4
9186,5
9186,36
9187,1
9187,12
9187,16
9187,22
9187,33
9188,1
9188,2
9188,3
9188,4
9188,5
9188,10
9189,1
9189,2
9189,4
9189,5
9189,10
9189,36
9189,47
9190,1
9190,2
9190,3
9190,4
9190,26
9191,1
9191,2
9191,16
9191,22
9191,24
9191,33
9191,37
9192,1
9192,7
9192,16
9192,22
9192,33
9193,2
9193,4
9193,5
9193,10
9194,1
9194,2
9194,3
9194,10
9194,25
9194,38
9195,1
9195,2
9195,5
9195,36
9196,1
9196,2
9196,16
9196,22
9196,24
9196,33
9196,37
9197,1
9197,2
9197,10
9197,23
9197,25
9198,1
9198,2
9198,16
9198,22
9198,23
9198,24
9198,33
9198,37
9199,1
9199,3
9199,4
9199,10
9199,36
9199,45
9200,2
9200,5
9200,10
9200,36
9201,1
9201,2
9201,3
9201,4
9201,5
9201,10
9201,39
9202,1
9202,2
9202,3
9202,4
9202,5
9202,10
9202,30
9203,3
9203,4
9203,5
9203,10
9204,1
9204,4
9204,45
9204,46
9204,47
9205,1
9205,2
9205,3
9205,5
9205,8
9205,10
9206,1
9206,2
9206,3
9206,10
9206,25
9206,38
9207,2
9207,4
9207,10
9207,29
9207,36
9208,1
9208,2
9208,28
9208,34
9208,36
9208,37
9209,1
9209,2
9209,5
9209,10
9209,38
9210,1
9210,2
9210,12
9210,28
9210,34
9210,36
9210,37
9211,1
9211,2
9211,36
9211,37
9212,1
9212,2
9212,3
9212,4
9212,5
9212,10
9213,2
9213,3
9213,4
9213,10
9213,31
9214,1
9214,2
9214,14
9214,28
9214,34
9214,36
9214,37
9215,3
9215,12
9215,25
9215,36
9215,47
9216,1
9216,2
9216,3
9216,10
9217,1
9217,7
9217,8
9217,26
9217,27
9218,1
9218,2
9218,18
9218,28
9218,34
9218,36
9218,37
9219,1
9219,2
9219,3
9219,5
9219,10
9219,37
9219,38
9220,1
9220,2
9220,4
9220,5
9221,1
9221,3
9221,4
9221,10
9221,39
9221,45
9222,1
9222,4
9222,10
9222,29
9222,39
9222,45
9223,2
9223,3
9223,10
9223,38
9224,1
9224,3
9224,4
9224,8
9224,39
9224,45
9225,1
9225,2
9225,3
9225,4
9225,5
9225,10
9226,1
9226,3
9226,4
9226,19
9226,45
9226,46
9226,47
9227,2
9227,14
9227,16
9227,22
9227,24
9227,33
9227,37
9228,1
9228,2
9228,3
9228,10
9228,38
9229,3
9229,4
9229,5
9229,10
9229,41
9230,2
9230,3
9230,25
9230,38
9231,1
9231,3
9231,4
9231,39
9231,45
9232,1
9232,3
9232,4
9232,8
9232,47
9233,2
9233,3
9233,5
9233,10
9233,38
9234,1
9234,2
9234,7
9234,8
9234,16
9234,26
9234,27
9235,2
9235,4
9235,5
9235,36
9235,40
9236,1
9236,2
9236,4
9236,5
9236,10
9237,1
9237,2
9237,3
9237,4
9237,5
9237,10
9237,16
9238,1
9238,12
9238,25
9238,30
9238,36
9239,1
9239,2
9239,3
9239,5
9239,10
9240,2
9240,3
9240,5
9240,38
9241,1
9241,2
9241,3
9241,10
9241,25
9241,38
9242,1
9242,2
9242,7
9242,8
9242,26
9242,27
9243,1
9243,2
9243,4
9243,5
9243,10
9243,24
9243,36
9244,1
9244,3
9244,7
9244,8
9244,26
9245,1
9245,2
9245,4
9245,36
9246,1
9246,3
9246,4
9246,10
9246,39
9246,45
9247,1
9247,3
9247,4
9247,5
9247,10
9248,1
9248,2
9248,7
9248,8
9248,27
9249,1
9249,2
9249,3
9249,4
9249,5
9249,7
9249,10
9250,1
9250,2
9250,3
9250,4
9250,10
9250,25
9250,38
9251,1
9251,2
9251,10
9251,22
9251,38
9252,1
9252,2
9252,10
9252,25
9252,38
9253,1
9253,2
9253,15
9253,33
9253,37
9254,1
9254,4
9254,5
9254,10
9255,1
9255,2
9255,3
9255,4
9255,5
9255,10
9255,40
9256,1
9256,7
9256,8
9256,26
9256,27
9257,1
9257,2
9257,7
9257,8
9257,26
9257,27
9257,44
9258,2
9258,3
9258,5
9258,10
9258,14
9258,38
9259,2
9259,3
9259,4
9259,10
9259,25
9260,1
9260,2
9260,10
9260,25
9260,38
9261,1
9261,3
9261,4
9261,10
9262,1
9262,2
9262,3
9262,4
9262,10
9263,3
9263,4
9263,45
9263,46
9263,47
9264,1
9264,10
9264,26
9264,39
9264,45
9265,1
9265,3
9265,5
9265,10
9266,1
9266,2
9266,4
9266,10
9266,11
9267,1
9267,4
9267,5
9267,10
9268,1
9268,2
9268,26
9268,34
9268,36
9268,37
9269,1
9269,3
9269,4
9269,10
9269,33
9269,39
9269,45
9270,1
9270,3
9270,4
9270,12
9270,25
9270,36
9271,1
9271,4
9271,7
9271,8
9271,26
9272,2
9272,23
9272,28
9272,34
9272,36
9273,1
9273,3
9273,4
9273,7
9273,45
9273,46
9273,47
9274,1
9274,2
9274,3
9274,4
9274,5
9274,10
9274,32
9275,1
9275,3
9275,4
9275,45
9275,47
9276,2
9276,27
9276,28
9276,34
9276,36
9276,37
9277,1
9277,2
9277,6
9277,28
9277,34
9277,36
9277,37
9278,1
9278,3
9278,4
9278,45
9278,46
9279,1
9279,2
9279,3
9279,10
9279,25
9279,38
9280,1
9280,2
9280,3
9280,4
9280,5
9280,43
9281,1
9281,2
9281,10
9281,25
9281,27
9282,1
9282,4
9282,37
9282,45
9282,47
9283,2
9283,16
9283,24
9283,33
9284,1
9284,2
9284,7
9284,8
9284,26
9285,2
9285,3
9285,4
9285,5
9285,10
9286,1
9286,2
9286,4
9286,5
9287,1
9287,2
9287,16
9287,22
9287,24
9287,37
9288,1
9288,3
9288,4
9288,12
9288,25
9288,36
9289,1
9289,2
9289,16
9289,22
9289,24
9289,33
9289,37
9290,1
9290,3
9290,4
9290,47
9291,1
9291,2
9291,3
9291,4
9291,5
9291,10
9292,1
9292,3
9292,4
9292,7
9292,10
9292,39
9292,45
9293,1
9293,2
9293,28
9293,34
9293,36
9293,37
9294,1
9294,4
9294,42
9294,45
9294,46
9295,1
9295,2
9295,4
9295,10
9295,36
9295,40
9296,2
9296,3
9296,5
9296,10
9297,1
9297,2
9297,25
9297,38
9297,43
9298,1
9298,2
9298,7
9298,8
9298,26
9299,1
9299,2
9299,4
9299,5
9299,10
9299,47
9300,2
9300,3
9300,7
9300,10
9300,25
9300,38
9301,1
9301,3
9301,4
9301,10
9301,41
9301,45
9302,1
9302,2
9302,3
9302,10
9302,38
9303,1
9303,2
9303,3
9303,5
9303,22
9304,1
9304,3
9304,4
9304,5
9304,31
9305,1
9305,4
9305,10
9305,45
9305,46
9305,47
9306,1
9306,3
9306,10
9306,25
9306,38
9307,1
9307,3
9307,4
9307,46
9308,1
9308,2
9308,3
9308,4
9308,5
9308,10
9308,43
9309,1
9309,2
9309,4
9309,10
9310,1
9310,3
9310,4
9310,45
9310,46
9310,47
9311,1
9311,3
9311,4
9311,10
9312,1
9312,2
9312,16
9312,22
9312,24
9312,33
9312,37
9312,41
9313,1
9313,10
9313,39
9313,45
9314,1
9314,2
9314,3
9314,10
9314,25
9314,38
9315,1
9315,2
9315,4
9315,5
9315,36
9315,41
9316,1
9316,2
9316,3
9316,5
9316,10
9316,34
9316,38
9317,1
9317,2
9317,4
9317,5
9317,10
9317,25
9317,36
9318,1
9318,3
9318,10
9318,38
9319,1
9319,3
9319,4
9319,25
9319,29
9320,1
9320,2
9320,3
9320,5
9320,10
9320,11
9321,1
9321,3
9321,4
9321,12
9321,45
9321,46
9321,47
9322,1
9322,2
9322,3
9322,5
9322,10
9322,38
9323,1
9323,4
9323,5
9323,20
9323,36
9324,1
9324,4
9324,17
9324,45
9324,47
9325,1
9325,2
9325,3
9325,4
9325,5
9325,10
9326,1
9326,4
9326,5
9326,10
9326,21
9327,1
9327,2
9327,16
9327,22
9327,24
9327,37
9328,1
9328,4
9328,45
9328,46
9328,47
9329,1
9329,4
9329,5
9329,10
9330,1
9330,2
9330,28
9330,33
9330,34
9330,36
9330,37
9331,1
9331,3
9331,4
9331,5
9331,10
9332,1
9332,4
9332,45
9332,46
9333,1
9333,2
9333,5
9333,10
9334,1
9334,28
9334,34
9334,36
9334,37
9335,3
9335,4
9335,5
9335,10
9336,1
9336,2
9336,28
9336,29
9336,34
9336,36
9336,37
9337,1
9337,2
9337,3
9337,4
9337,5
9337,10
9338,1
9338,2
9338,4
9338,10
9338,17
9339,1
9339,2
9339,3
9339,4
9339,5
9339,10
9340,1
9340,2
9340,4
9340,5
9340,10
9340,36
9341,2
9341,4
9341,10
9341,36
9341,47
9342,1
9342,2
9342,16
9342,22
9342,24
9342,33
9342,37
9343,1
9343,2
9343,18
9343,28
9343,37
9344,1
9344,2
9344,3
9344,4
9344,5
9344,10
9344,41
9345,2
9345,8
9345,26
9345,27
9346,1
9346,3
9346,4
9346,12
9346,25
9346,36
9346,39
9347,1
9347,2
9347,3
9347,4
9347,10
9348,1
9348,2
9348,4
9348,5
9348,10
9348,36
9349,1
9349,3
9349,4
9349,6
9349,12
9349,25
9350,1
9350,2
9350,3
9350,4
9350,5
9350,12
9351,3
9351,4
9351,5
9351,10
9352,1
9352,2
9352,3
9352,10
9353,2
9353,3
9353,4
9353,5
9354,1
9354,2
9354,3
9354,4
9354,5
9354,10
9355,1
9355,2
9355,5
9355,36
9356,1
9356,2
9356,7
9356,8
9356,26
9356,27
9357,1
9357,2
9357,3
9357,5
9358,1
9358,2
9358,3
9358,4
9358,5
9358,10
9359,1
9359,3
9359,4
9359,5
9359,12
9359,25
9359,36
9360,2
9360,7
9360,22
9360,24
9360,33
9361,1
9361,2
9361,28
9361,32
9361,36
9362,1
9362,3
9362,10
9362,39
9363,1
9363,3
9363,4
9363,12
9363,25
9363,36
9364,3
9364,4
9364,32
9364,45
9364,46
9365,2
9365,7
9365,8
9365,26
9365,27
9366,1
9366,2
9366,4
9366,5
9366,10
9367,1
9367,3
9367,5
9367,38
9367,40
9368,2
9368,5
9368,16
9368,22
9368,24
9368,33
9368,37
9369,1
9369,2
9369,7
9369,8
9369,10
9369,26
9369,27
9370,1
9370,4
9370,10
9370,39
9371,2
9371,3
9371,5
9371,10
9371,38
9372,2
9372,7
9372,8
9372,26
9373,1
9373,3
9373,5
9373,27
9373,38
9374,1
9374,3
9374,4
9374,10
9374,12
9374,36
9375,1
9375,2
9375,16
9375,18
9375,22
9375,24
9375,33
9375,37
9376,1
9376,2
9376,3
9376,4
9376,5
9376,10
9376,11
9377,1
9377,3
9377,4
9377,10
9377,39
9377,45
9378,2
9378,15
9378,16
9378,22
9378,33
9379,1
9379,4
9379,12
9379,25
9379,36
9379,39
9380,1
9380,3
9380,4
9380,10
9380,39
9380,45
9381,1
9381,2
9381,10
9381,29
9381,38
9382,1
9382,4
9382,22
9382,46
9382,47
9383,1
9383,2
9383,7
9383,8
9383,26
9383,27
9384,1
9384,3
9384,4
9384,5
9384,19
9385,1
9385,3
9385,4
9385,10
9385,34
9385,39
9385,45
9386,1
9386,3
9386,45
9386,46
9386,47
9387,1
9387,2
9387,7
9387,8
9387,26
9387,27
9388,2
9388,3
9388,4
9388,5
9388,10
9389,2
9389,28
9389,30
9389,34
9389,36
9390,1
9390,2
9390,5
9390,10
9390,19
9391,3
9391,4
9391,12
9391,24
9391,25
9391,36
9392,2
9392,3
9392,5
9392,10
9392,41
9393,7
9393,8
9393,17
9393,26
9393,27
9394,1
9394,2
9394,4
9394,5
9394,10
9394,36
9395,1
9395,3
9395,4
9395,13
9395,45
9395,46
9395,47
9396,1
9396,2
9396,3
9396,4
9396,5
9396,10
9397,1
9397,2
9397,3
9397,4
9397,5
9397,10
9398,1
9398,2
9398,3
9398,10
9398,38
9399,1
9399,2
9399,3
9399,4
9399,5
9399,10
9399,21
9400,1
9400,3
9400,4
9400,10
9400,39
9400,41
9401,1
9401,4
9401,43
9401,45
9401,46
9401,47
9402,1
9402,3
9402,4
9402,39
9402,46
9402,47
9403,1
9403,2
9403,3
9403,4
9403,5
9403,10
9404,1
9404,2
9404,4
9404,5
9404,6
9404,10
9404,36
9405,1
9405,3
9405,5
9405,12
9405,36
9406,1
9406,2
9406,3
9406,5
9406,16
9407,1
9407,2
9407,26
9407,27
9407,28
9408,1
9408,2
9408,3
9408,4
9409,1
9409,4
9409,10
9409,39
9409,45
9410,2
9410,4
9410,5
9410,36
9411,1
9411,3
9411,4
9411,47
9412,1
9412,4
9412,5
9412,10
9412,36
9412,37
9413,1
9413,2
9413,3
9413,5
9413,10
9413,38
9414,1
9414,2
9414,16
9414,22
9414,33
9414,37
9415,1
9415,3
9415,4
9415,24
9415,46
9415,47
9416,2
9416,3
9416,5
9416,10
9416,38
9417,2
9417,28
9417,34
9417,36
9417,37
9417,39
9418,1
9418,4
9418,31
9418,45
9418,46
9418,47
9419,1
9419,2
9419,3
9419,4
9419,5
9419,10
9420,1
9420,2
9420,16
9420,22
9420,24
9420,33
9420,37
9421,1
9421,2
9421,7
9421,8
9421,9
9421,26
9421,27
9422,1
9422,3
9422,4
9422,45
9422,46
9422,47
9423,1
9423,3
9423,4
9423,11
9423,45
9423,46
9423,47
9424,1
9424,2
9424,23
9424,28
9424,34
9424,36
9424,37
9425,1
9425,2
9425,4
9425,5
9425,10
9425,36
9425,39
9426,1
9426,2
9426,5
9426,10
9426,36
9427,1
9427,2
9427,7
9427,8
9427,26
9427,27
9427,37
9428,1
9428,2
9428,3
9428,12
9428,25
9428,38
9429,1
9429,2
9429,5
9429,10
9429,37
9430,2
9430,4
9430,5
9430,10
9430,36
9431,1
9431,2
9431,4
9431,10
9432,1
9432,2
9432,7
9432,8
9432,22
9432,26
9432,27
9433,1
9433,2
9433,8
9433,11
9433,27
9434,1
9434,3
9434,46
9434,47
9435,1
9435,3
9435,4
9435,10
9435,39
9435,45
9435,46
9436,1
9436,2
9436,3
9436,4
9436,10
9437,1
9437,2
9437,3
9437,10
9437,25
9438,1
9438,2
9438,7
9438,8
9438,25
9438,26
9438,27
9439,1
9439,2
9439,3
9439,10
9439,38
9439,46
9440,1
9440,3
9440,5
9440,10
9440,11
9440,38
9441,1
9441,2
9441,8
9441,26
9442,1
9442,2
9442,3
9442,4
9442,5
9442,10
9442,47
9443,1
9443,3
9443,4
9443,27
9443,46
9443,47
9444,1
9444,3
9444,4
9444,19
9444,45
9445,1
9445,2
9445,3
9445,4
9445,5
9445,10
9445,24
9446,1
9446,4
9446,8
9446,10
9446,39
9446,45
9447,3
9447,4
9447,13
9447,45
9447,46
9447,47
9448,1
9448,3
9448,12
9448,25
9448,36
9448,40
9449,1
9449,3
9449,4
9449,45
9449,46
9449,47
9450,1
9450,3
9450,4
9450,10
9450,33
9450,45
9451,1
9451,2
9451,3
9451,4
9451,5
9451,10
9452,1
9452,2
9452,3
9452,4
9452,5
9452,10
9452,35
9453,1
9453,2
9453,3
9453,4
9453,10
9453,11
9454,3
9454,4
9454,8
9454,46
9454,47
9455,1
9455,2
9455,3
9455,4
9455,5
9455,10
9456,1
9456,12
9456,25
9456,36
9457,1
9457,2
9457,3
9457,4
9457,5
9457,25
9458,1
9458,2
9458,3
9458,10
9458,25
9458,38
9459,1
9459,3
9459,5
9459,10
9459,13
9460,1
9460,2
9460,4
9460,5
9460,9
9460,10
9460,36
9461,1
9461,2
9461,4
9461,5
9461,10
9461,26
9461,36
9462,1
9462,2
9462,18
9462,28
9462,34
9462,36
9462,37
9463,1
9463,2
9463,3
9463,4
9463,5
9463,10
9464,1
9464,2
9464,34
9464,37
9465,1
9465,3
9465,4
9465,12
9465,19
9465,25
9465,36
9466,1
9466,2
9466,3
9466,4
9466,5
9466,10
9467,1
9467,3
9467,4
9467,5
9467,10
9468,1
9468,3
9468,4
9468,10
9468,45
9468,46
9468,47
9469,1
9469,3
9469,4
9469,12
9469,16
9469,25
9469,36
9470,1
9470,3
9470,4
9470,21
9470,25
9470,36
9471,1
9471,3
9471,4
9471,5
9471,10
9471,38
9472,1
9472,2
9472,3
9472,5
9472,10
9472,38
9473,3
9473,4
9473,10
9473,39
9473,45
9474,1
9474,2
9474,3
9474,10
9474,25
9474,38
9475,1
9475,3
9475,4
9475,45
9475,46
9475,47
9476,1
9476,3
9476,4
9476,45
9476,46
9476,47
9477,1
9477,2
9477,4
9477,16
9477,22
9477,24
9477,33
9477,37
9478,1
9478,2
9478,3
9478,4
9479,1
9479,2
9479,3
9479,5
9479,7
9479,10
9479,38
9480,1
9480,2
9480,3
9480,4
9480,5
9480,10
9481,2
9481,16
9481,22
9481,24
9481,33
9482,1
9482,3
9482,4
9482,10
9482,39
9482,46
9483,1
9483,2
9483,3
9483,4
9483,5
9483,10
9483,33
9484,1
9484,4
9484,7
9484,45
9484,47
9485,1
9485,2
9485,3
9485,5
9485,10
9486,1
9486,2
9486,5
9486,10
9486,24
9487,3
9487,4
9487,10
9487,39
9487,45
9488,1
9488,2
9488,3
9488,7
9488,10
9488,25
9488,38
9489,1
9489,2
9489,3
9489,4
9489,5
9489,10
9490,1
9490,2
9490,3
9490,4
9490,5
9490,10
9490,33
9491,2
9491,3
9491,5
9491,10
9492,1
9492,2
9492,3
9492,10
9492,38
9493,1
9493,2
9493,4
9493,5
9493,36
9493,46
9494,1
9494,2
9494,4
9494,5
9494,10
9494,36
9495,1
9495,2
9495,4
9495,10
9495,44
9496,1
9496,2
9496,7
9496,12
9496,26
9496,27
9497,1
9497,2
9497,3
9497,5
9498,3
9498,4
9498,12
9498,25
9498,28
9498,36
9499,1
9499,2
9499,5
9499,10
9500,1
9500,2
9500,3
9500,4
9500,5
9500,10
9501,1
9501,2
9501,3
9501,10
9501,25
9501,38
9502,1
9502,2
9502,3
9502,5
9502,10
9502,38
9503,1
9503,3
9503,4
9503,10
9503,39
9503,45
9504,3
9504,4
9504,45
9504,47
9505,2
9505,3
9505,4
9505,5
9505,10
9506,1
9506,2
9506,28
9506,34
9506,36
9506,37
9506,46
9507,1
9507,2
9507,16
9507,24
9507,33
9507,37
9508,1
9508,2
9508,3
9508,5
9508,10
9509,16
9509,19
9509,22
9509,33
9509,37
9510,1
9510,2
9510,16
9510,33
9510,37
9510,44
9511,1
9511,2
9511,4
9511,5
9511,36
9512,1
9512,2
9512,24
9512,33
9512,37
9513,1
9513,2
9513,3
9513,4
9513,10
9514,1
9514,2
9514,3
9514,5
9514,10
9514,39
9515,1
9515,2
9515,3
9515,4
9515,5
9515,10
9516,1
9516,3
9516,4
9516,9
9516,12
9516,25
9516,36
9517,1
9517,3
9517,4
9517,10
9517,26
9517,39
9517,45
9518,1
9518,2
9518,5
9518,28
9518,38
9519,2
9519,5
9519,10
9519,38
9520,1
9520,2
9520,34
9520,36
9520,37
9521,2
9521,7
9521,8
9521,26
9521,27
9522,3
9522,4
9522,16
9522,45
9522,46
9522,47
9523,3
9523,4
9523,5
9523,10
9524,1
9524,2
9524,3
9524,4
9524,10
9524,39
9525,1
9525,2
9525,7
9525,8
9525,26
9525,27
9525,45
9526,1
9526,2
9526,3
9526,4
9526,5
9526,10
9526,38
9527,2
9527,3
9527,4
9527,5
9527,10
9528,1
9528,2
9528,16
9528,22
9528,33
9528,37
9529,1
9529,3
9529,4
9529,12
9529,45
9529,46
9529,47
9530,1
9530,2
9530,3
9530,5
9530,10
9530,15
9530,38
9531,1
9531,2
9531,28
9531,34
9531,36
9531,37
9532,1
9532,2
9532,3
9532,10
9532,25
9532,38
9533,1
9533,7
9533,8
9533,14
9533,27
9534,1
9534,2
9534,16
9534,22
9534,24
9534,33
9534,35
9534,37
9535,1
9535,2
9535,28
9535,34
9535,36
9535,37
9536,1
9536,2
9536,3
9536,10
9536,25
9536,38
9536,44
9537,1
9537,2
9537,3
9537,4
9537,5
9537,10
9538,1
9538,3
9538,4
9538,25
9538,36
9539,1
9539,2
9539,3
9539,4
9539,10
9540,1
9540,2
9540,3
9540,4
9540,5
9540,10
9541,1
9541,2
9541,3
9541,4
9541,5
9541,10
9542,1
9542,2
9542,28
9542,34
9542,36
9542,37
9543,2
9543,34
9543,36
9543,37
9544,1
9544,2
9544,28
9544,34
9544,36
9544,37
9545,1
9545,3
9545,10
9545,22
9545,25
9545,38
9546,2
9546,3
9546,5
9546,21
9546,38
9547,1
9547,2
9547,4
9547,5
9547,10
9547,28
9548,4
9548,10
9548,12
9548,25
9548,36
9549,1
9549,2
9549,4
9549,10
9549,20
9550,1
9550,2
9550,4
9550,36
9550,39
9551,1
9551,2
9551,3
9551,5
9551,10
9551,38
9552,1
9552,2
9552,3
9552,5
9552,10
9553,1
9553,2
9553,10
9553,38
9553,42
9554,1
9554,2
9554,4
9554,5
9555,1
9555,2
9555,4
9555,5
9555,10
9555,23
9556,1
9556,2
9556,3
9556,4
9556,5
9556,10
9556,16
9557,1
9557,3
9557,4
9557,12
9557,25
9557,36
9557,38
9558,3
9558,4
9558,12
9558,25
9558,36
9558,44
9559,1
9559,3
9559,5
9559,10
9559,38
9560,1
9560,3
9560,4
9560,10
9560,12
9560,25
9561,1
9561,2
9561,8
9561,26
9561,27
9561,28
9562,1
9562,2
9562,3
9562,4
9563,1
9563,2
9563,3
9563,4
9563,5
9563,10
9564,1
9564,2
9564,10
9564,36
9565,1
9565,10
9565,39
9565,45
9566,2
9566,3
9566,4
9566,5
9566,10
9567,1
9567,3
9567,4
9567,10
9567,39
9567,45
9568,1
9568,4
9568,10
9568,39
9568,45
9569,1
9569,2
9569,3
9569,25
9569,38
9570,1
9570,2
9570,3
9570,10
9570,25
9570,30
9570,38
9571,1
9571,2
9571,4
9571,10
9571,32
9572,1
9572,2
9572,28
9572,34
9572,36
9572,37
9573,1
9573,4
9573,10
9573,21
9573,36
9574,1
9574,2
9574,27
9574,28
9574,34
9574,36
9574,37
9575,3
9575,4
9575,5
9575,10
9576,1
9576,3
9576,4
9576,10
9576,24
9577,1
9577,3
9577,10
9577,25
9577,38
9578,1
9578,2
9578,3
9578,4
9578,5
9578,10
9578,25
9579,1
9579,2
9579,3
9579,4
9579,5
9579,10
9580,1
9580,2
9580,3
9580,4
9580,5
9580,40
9581,2
9581,3
9581,5
9581,38
9582,1
9582,3
9582,4
9582,5
9582,10
9582,43
9583,1
9583,2
9583,4
9583,5
9583,10
9583,36
9584,1
9584,16
9584,24
9584,33
9585,1
9585,3
9585,4
9585,12
9585,25
9585,32
9585,36
9586,1
9586,2
9586,3
9586,5
9586,10
9587,3
9587,4
9587,5
9587,10
9587,14
9588,1
9588,3
9588,4
9588,5
9588,10
9589,1
9589,16
9589,24
9589,33
9589,34
9590,1
9590,2
9590,16
9590,22
9590,24
9590,33
9590,37
9591,1
9591,2
9591,3
9591,38
9592,1
9592,2
9592,3
9592,4
9592,5
9592,10
9592,42
9593,1
9593,2
9593,3
9593,4
9593,5
9593,10
9594,1
9594,2
9594,4
9594,5
9594,19
9595,1
9595,2
9595,3
9595,10
9595,25
9595,38
9596,2
9596,3
9596,5
9596,10
9597,1
9597,2
9597,5
9597,10
9598,1
9598,3
9598,4
9598,10
9598,39
9598,45
9599,1
9599,2
9599,7
9599,8
9599,24
9599,26
9599,27
9600,1
9600,2
9600,8
9600,26
9601,1
9601,3
9601,4
9601,39
9601,41
9602,2
9602,3
9602,25
9602,38
9603,1
9603,3
9603,4
9603,10
9604,1
9604,2
9604,3
9604,4
9604,5
9604,36
9605,1
9605,2
9605,10
9605,25
9605,38
9606,1
9606,2
9606,3
9606,10
9606,19
9606,25
9606,38
9607,1
9607,2
9607,3
9607,5
9607,10
9607,37
9607,38
9608,1
9608,3
9608,4
9608,10
9608,39
9608,45
9609,1
9609,2
9609,13
9609,16
9609,22
9609,24
9609,33
9609,37
9610,1
9610,3
9610,10
9610,25
9611,1
9611,3
9611,10
9611,25
9611,35
9611,38
9612,1
9612,3
9612,4
9612,9
9612,10
9612,39
9612,45
9613,1
9613,2
9613,3
9613,4
9613,5
9613,10
9613,44
9614,1
9614,2
9614,28
9614,36
9614,37
9615,1
9615,2
9615,4
9615,5
9615,10
9615,36
9616,1
9616,2
9616,3
9616,10
9616,25
9616,38
9617,1
9617,2
9617,3
9617,4
9617,5
9617,10
9617,31
9618,1
9618,4
9618,12
9618,20
9618,25
9619,1
9619,3
9619,4
9619,10
9619,39
9619,45
9620,3
9620,4
9620,10
9620,39
9620,45
9621,1
9621,2
9621,5
9621,36
9622,1
9622,2
9622,4
9622,10
9623,1
9623,3
9623,4
9623,16
9623,45
9624,1
9624,2
9624,4
9624,5
9624,10
9624,36
9625,1
9625,2
9625,3
9625,5
9625,10
9625,36
9625,38
9626,1
9626,2
9626,7
9626,8
9626,26
9626,27
9627,1
9627,2
9627,16
9627,22
9627,24
9627,26
9627,33
9627,37
9628,7
9628,8
9628,26
9628,27
9629,1
9629,3
9629,4
9629,12
9629,13
9629,36
9630,1
9630,3
9630,10
9630,25
9630,38
9631,3
9631,4
9631,39
9631,45
9632,4
9632,45
9632,46
9632,47
9633,1
9633,2
9633,4
9633,5
9633,10
9633,12
9633,36
9634,1
9634,3
9634,4
9634,12
9634,25
9634,36
9635,1
9635,3
9635,10
9635,39
9635,45
9636,1
9636,2
9636,4
9636,5
9636,10
9637,1
9637,4
9637,5
9637,10
9637,16
9638,1
9638,3
9638,4
9638,12
9638,25
9638,36
9639,1
9639,2
9639,4
9639,5
9639,10
9639,36
9640,1
9640,2
9640,16
9640,22
9640,33
9640,37
9641,1
9641,2
9641,7
9641,8
9641,26
9641,27
9642,1
9642,2
9642,16
9642,22
9642,24
9642,33
9642,36
9642,37
9643,1
9643,3
9643,4
9643,10
9643,25
9643,36
9644,1
9644,2
9644,3
9644,4
9644,5
9644,10
9644,25
9645,1
9645,2
9645,4
9645,5
9645,10
9645,31
9645,36
9646,3
9646,4
9646,5
9646,10
9647,1
9647,2
9647,4
9647,5
9647,30
9647,36
9648,1
9648,3
9648,4
9648,45
9648,46
9649,1
9649,2
9649,4
9649,10
9650,1
9650,2
9650,28
9650,36
9650,37
9651,1
9651,2
9651,4
9651,5
9651,10
9651,38
9652,1
9652,3
9652,4
9652,9
9652,10
9652,39
9652,45
9653,2
9653,28
9653,34
9653,36
9653,37
9654,1
9654,2
9654,4
9654,5
9655,1
9655,3
9655,4
9655,25
9656,1
9656,4
9656,10
9656,39
9656,45
9657,1
9657,2
9657,3
9657,4
9657,10
9657,21
9658,1
9658,2
9658,3
9658,4
9658,5
9658,10
9658,25
9659,1
9659,28
9659,36
9659,37
9660,1
9660,4
9660,12
9660,25
9660,36
9660,40
9661,1
9661,2
9661,3
9661,4
9661,5
9661,10
9662,1
9662,3
9662,4
9662,5
9662,10
9662,43
9663,1
9663,3
9663,12
9663,25
9664,2
9664,3
9664,4
9664,10
9665,1
9665,3
9665,4
9665,36
9665,45
9665,47
9666,1
9666,3
9666,10
9666,38
9666,43
9667,2
9667,3
9667,4
9667,5
9667,10
9667,26
9668,1
9668,3
9668,4
9668,46
9668,47
9669,2
9669,3
9669,10
9669,25
9670,1
9670,2
9670,7
9670,8
9670,27
9670,43
9671,1
9671,2
9671,28
9671,34
9671,37
9672,1
9672,2
9672,3
9672,4
9672,5
9672,10
9673,1
9673,3
9673,4
9673,12
9673,36
9674,1
9674,3
9674,4
9674,45
9674,47
9675,1
9675,2
9675,3
9675,4
9675,5
9675,10
9676,1
9676,45
9676,46
9676,47
9677,1
9677,2
9677,3
9677,38
9677,43
9678,1
9678,2
9678,7
9678,20
9678,26
9678,27
9679,1
9679,3
9679,4
9679,40
9679,45
9679,46
9679,47
9680,1
9680,2
9680,4
9680,5
9680,10
9681,3
9681,4
9681,25
9681,36
9682,1
9682,2
9682,4
9682,5
9682,10
9682,12
9682,36
9683,1
9683,3
9683,4
9683,10
9683,39
9683,45
9684,1
9684,2
9684,4
9684,5
9685,1
9685,2
9685,5
9685,10
9685,32
9685,38
9686,1
9686,2
9686,4
9686,10
9687,1
9687,3
9687,4
9687,45
9687,46
9687,47
9688,1
9688,3
9688,4
9688,12
9688,25
9689,1
9689,3
9689,45
9689,46
9689,47
9690,1
9690,2
9690,3
9690,4
9690,5
9690,35
9691,1
9691,2
9691,3
9691,10
9691,25
9692,1
9692,3
9692,4
9692,12
9692,36
9693,3
9693,4
9693,10
9693,39
9693,45
9694,1
9694,2
9694,3
9694,4
9694,10
9695,1
9695,2
9695,4
9695,5
9695,10
9695,36
9696,1
9696,2
9696,3
9696,10
9696,15
9696,25
9696,38
9697,1
9697,2
9697,4
9697,5
9697,40
9698,1
9698,3
9698,4
9698,45
9698,46
9698,47
9699,1
9699,3
9699,4
9699,10
9700,1
9700,2
9700,4
9700,5
9700,10
9700,41
9701,1
9701,2
9701,3
9701,4
9701,5
9701,10
9701,43
9702,1
9702,3
9702,25
9702,36
9703,3
9703,4
9703,39
9703,45
9703,46
9703,47
9704,1
9704,4
9704,45
9704,46
9704,47
9705,1
9705,3
9705,12
9705,35
9705,36
9706,1
9706,2
9706,3
9706,4
9706,5
9707,2
9707,4
9707,5
9707,10
9707,36
9708,1
9708,2
9708,10
9708,38
9709,2
9709,3
9709,10
9709,22
9709,38
9710,1
9710,2
9710,24
9710,33
9711,1
9711,2
9711,4
9711,5
9711,7
9712,1
9712,2
9712,16
9712,33
9712,37
9713,1
9713,7
9713,8
9713,26
9713,45
9714,1
9714,3
9714,44
9714,45
9714,46
9714,47
9715,1
9715,2
9715,3
9715,10
9715,38
9716,1
9716,2
9716,3
9716,10
9717,1
9717,4
9717,45
9717,46
9718,1
9718,2
9718,6
9718,16
9718,22
9718,24
9718,33
9718,37
9719,1
9719,3
9719,4
9719,10
9719,39
9719,45
9720,1
9720,3
9720,4
9720,10
9720,39
9720,45
9721,1
9721,4
9721,14
9721,45
9721,46
9721,47
9722,1
9722,3
9722,4
9722,46
9722,47
9723,1
9723,2
9723,22
9723,33
9723,37
9723,43
9724,1
9724,2
9724,19
9724,36
9724,37
9725,2
9725,3
9725,4
9725,10
9726,1
9726,4
9726,5
9726,10
9726,36
9726,46
9727,1
9727,2
9727,3
9727,10
9727,25
9727,37
9727,38
9728,1
9728,3
9728,33
9728,45
9728,46
9728,47
9729,1
9729,2
9729,3
9729,10
9729,25
9729,38
9729,39
9730,1
9730,3
9730,4
9730,12
9730,25
9730,36
9730,47
9731,1
9731,3
9731,4
9731,12
9731,25
9731,36
9732,1
9732,2
9732,3
9732,10
9732,22
9732,25
9732,38
9733,1
9733,3
9733,6
9733,45
9733,46
9733,47
9734,1
9734,2
9734,3
9734,4
9734,5
9734,16
9735,1
9735,2
9735,4
9735,5
9735,10
9736,1
9736,2
9736,16
9736,22
9736,33
9736,37
9737,2
9737,3
9737,4
9737,5
9737,10
9738,1
9738,2
9738,4
9738,5
9738,10
9738,36
9739,1
9739,3
9739,4
9739,25
9739,36
9740,1
9740,2
9740,16
9740,22
9740,24
9740,33
9740,37
9741,1
9741,2
9741,3
9741,4
9741,5
9741,10
9741,19
9742,2
9742,28
9742,36
9742,37
9743,1
9743,2
9743,3
9743,4
9743,5
9743,10
9743,36
9744,1
9744,2
9744,3
9744,4
9744,5
9744,10
9744,42
9745,1
9745,3
9745,4
9745,45
9745,46
9745,47
9746,1
9746,3
9746,4
9746,5
9746,10
9746,23
9747,1
9747,3
9747,5
9747,10
9748,1
9748,2
9748,3
9748,4
9748,5
9749,1
9749,2
9749,3
9749,4
9749,5
9749,10
9750,1
9750,7
9750,8
9750,26
9751,1
9751,3
9751,4
9751,6
9751,45
9751,46
9751,47
9752,1
9752,2
9752,5
9752,10
9752,36
9753,1
9753,2
9753,4
9753,5
9753,10
9753,12
9753,36
9754,2
9754,7
9754,8
9754,26
9754,27
9755,1
9755,2
9755,28
9755,34
9755,36
9755,37
9756,2
9756,3
9756,5
9756,10
9757,1
9757,2
9757,3
9757,10
9757,25
9757,38
9758,1
9758,3
9758,45
9758,46
9758,47
9759,1
9759,4
9759,10
9759,45
9760,2
9760,34
9760,36
9760,37
9761,1
9761,19
9761,28
9761,34
9761,37
9762,1
9762,17
9762,28
9762,34
9762,36
9762,37
9763,1
9763,2
9763,3
9763,10
9763,28
9764,2
9764,12
9764,28
9764,34
9764,37
9765,2
9765,7
9765,8
9765,26
9765,27
9766,1
9766,28
9766,34
9766,36
9766,37
9767,1
9767,2
9767,3
9767,10
9767,38
9768,1
9768,2
9768,10
9768,25
9768,38
9768,39
9769,2
9769,3
9769,4
9769,5
9769,10
9770,2
9770,4
9770,7
9770,8
9770,26
9770,27
9771,28
9771,34
9771,36
9771,37
9772,1
9772,2
9772,3
9772,4
9772,5
9772,10
9773,1
9773,3
9773,4
9773,25
9773,39
9773,45
9774,1
9774,2
9774,10
9774,25
9775,1
9775,2
9775,4
9775,5
9775,10
9775,36
9776,1
9776,5
9776,10
9776,38
9777,1
9777,2
9777,5
9777,10
9777,33
9778,1
9778,2
9778,3
9778,5
9778,10
9778,38
9779,1
9779,2
9779,36
9779,37
9780,1
9780,2
9780,3
9780,25
9781,3
9781,4
9781,5
9781,10
9781,18
9782,1
9782,3
9782,4
9782,25
9782,45
9783,3
9783,4
9783,10
9783,39
9783,45
9784,1
9784,2
9784,3
9784,4
9784,5
9784,10
9784,16
9785,1
9785,2
9785,3
9785,4
9785,5
9785,10
9785,36
9786,1
9786,3
9786,4
9786,5
9786,10
9786,12
9787,1
9787,4
9787,39
9787,43
9787,45
9788,1
9788,2
9788,16
9788,22
9788,24
9788,33
9788,36
9788,37
9789,2
9789,3
9789,25
9789,38
9790,1
9790,12
9790,25
9790,31
9790,36
9791,1
9791,2
9791,28
9791,34
9791,36
9791,37
9792,1
9792,2
9792,3
9792,10
9792,21
9792,38
9793,1
9793,2
9793,3
9793,5
9793,10
9793,38
9794,1
9794,34
9794,36
9794,37
9794,42
9795,1
9795,2
9795,3
9795,4
9795,5
9796,1
9796,2
9796,3
9796,4
9796,5
9796,10
9797,1
9797,2
9797,3
9797,4
9797,5
9797,45
9798,1
9798,4
9798,10
9798,39
9799,1
9799,2
9799,3
9799,10
9799,25
9799,38
9800,1
9800,3
9800,10
9800,25
9801,1
9801,2
9801,3
9801,10
9801,28
9802,1
9802,2
9802,16
9802,24
9802,33
9802,37
9802,40
9803,1
9803,3
9803,4
9803,25
9803,45
9804,1
9804,2
9804,3
9804,4
9804,5
9804,10
9804,18
9805,1
9805,3
9805,4
9805,12
9805,25
9806,1
9806,2
9806,5
9806,10
9806,20
9806,36
9807,1
9807,3
9807,4
9807,10
9807,24
9807,39
9807,45
9808,1
9808,2
9808,3
9808,4
9808,5
9808,10
9808,45
9809,1
9809,3
9809,4
9809,5
9809,39
9810,2
9810,3
9810,5
9810,10
9810,30
9811,3
9811,12
9811,25
9811,36
9812,1
9812,2
9812,4
9812,5
9812,10
9812,13
9812,36
9813,1
9813,2
9813,3
9813,10
9813,25
9814,1
9814,3
9814,4
9814,45
9814,46
9814,47
9815,1
9815,2
9815,16
9815,22
9815,24
9815,33
9815,37
9816,1
9816,3
9816,25
9816,38
9817,2
9817,3
9817,4
9817,5
9817,10
9818,1
9818,2
9818,3
9818,4
9818,5
9818,10
9818,45
9819,1
9819,2
9819,4
9819,5
9819,10
9819,17
9820,1
9820,4
9820,10
9820,20
9820,39
9821,1
9821,2
9821,3
9821,4
9821,5
9821,7
9821,10
9822,1
9822,7
9822,8
9822,18
9822,26
9822,27
9823,2
9823,3
9823,5
9823,10
9824,1
9824,2
9824,28
9824,34
9824,36
9824,37
9825,1
9825,3
9825,45
9825,46
9825,47
9826,1
9826,3
9826,4
9826,12
9826,25
9826,36
9827,1
9827,2
9827,3
9827,10
9827,38
9828,2
9828,3
9828,16
9828,25
9828,38
9829,1
9829,2
9829,3
9829,5
9829,10
9829,38
9830,1
9830,2
9830,3
9830,5
9830,10
9830,38
9831,2
9831,3
9831,10
9831,25
9831,38
9832,1
9832,2
9832,4
9832,5
9832,8
9832,10
9832,36
9833,2
9833,3
9833,5
9833,38
9834,1
9834,3
9834,6
9834,10
9834,39
9834,45
9835,1
9835,2
9835,3
9835,4
9835,5
9835,10
9835,15
9836,1
9836,2
9836,4
9836,10
9837,1
9837,2
9837,10
9837,25
9837,38
9838,1
9838,2
9838,6
9838,7
9838,8
9838,27
9839,1
9839,2
9839,4
9839,10
9840,3
9840,4
9840,41
9840,45
9840,46
9841,1
9841,2
9841,4
9841,5
9841,28
9842,1
9842,2
9842,4
9842,5
9843,1
9843,2
9843,3
9843,4
9843,5
9843,10
9844,1
9844,2
9844,28
9844,29
9844,34
9844,36
9844,37
9845,1
9845,2
9845,3
9845,4
9845,5
9846,1
9846,7
9846,26
9846,27
9847,1
9847,4
9847,17
9847,45
9847,46
9847,47
9848,1
9848,3
9848,4
9848,5
9848,10
9849,1
9849,2
9849,3
9849,10
9850,1
9850,2
9850,3
9850,12
9850,25
9851,1
9851,2
9851,25
9851,38
9852,1
9852,4
9852,5
9852,10
9852,13
9853,3
9853,4
9853,45
9853,46
9853,47
9854,1
9854,3
9854,4
9854,15
9854,45
9854,46
9854,47
9855,1
9855,2
9855,4
9855,5
9855,10
9855,36
9856,1
9856,28
9856,34
9856,37
9857,1
9857,3
9857,4
9857,12
9857,25
9857,36
9858,1
9858,16
9858,22
9858,24
9858,33
9859,1
9859,2
9859,3
9859,10
9859,28
9860,1
9860,2
9860,3
9860,10
9860,25
9860,27
9860,38
9861,1
9861,2
9861,3
9861,10
9861,14
9861,25
9861,38
9862,1
9862,3
9862,12
9862,36
9863,1
9863,2
9863,3
9863,45
9863,46
9864,1
9864,8
9864,26
9864,27
9865,2
9865,3
9865,4
9865,5
9865,10
9866,1
9866,2
9866,3
9866,5
9866,10
9867,1
9867,2
9867,4
9867,5
9867,10
9867,36
9868,1
9868,2
9868,3
9868,4
9868,5
9868,10
9869,1
9869,3
9869,12
9869,25
9869,36
9870,1
9870,2
9870,8
9870,26
9870,27
9870,41
9871,7
9871,8
9871,26
9871,27
9872,1
9872,2
9872,4
9872,5
9872,12
9873,1
9873,3
9873,5
9873,10
9874,1
9874,2
9874,22
9874,33
9874,37
9875,1
9875,3
9875,4
9875,45
9875,46
9875,47
9876,1
9876,2
9876,3
9876,4
9876,36
9877,1
9877,4
9877,5
9877,7
9877,10
9878,4
9878,17
9878,45
9878,46
9878,47
9879,2
9879,3
9879,4
9879,5
9879,10
9879,47
9880,1
9880,4
9880,5
9880,10
9880,36
9881,1
9881,2
9881,4
9881,5
9881,10
9881,23
9882,1
9882,2
9882,4
9882,5
9882,10
9882,27
9882,36
9883,1
9883,2
9883,8
9883,26
9883,27
9884,3
9884,4
9884,12
9884,25
9884,36
9884,37
9885,1
9885,2
9885,17
9885,28
9885,34
9885,36
9885,37
9886,1
9886,2
9886,7
9886,8
9886,26
9886,27
9887,1
9887,4
9887,5
9887,7
9887,10
9887,36
9888,1
9888,3
9888,4
9888,12
9888,25
9888,36
9889,1
9889,28
9889,34
9889,36
9889,37
9890,1
9890,2
9890,3
9890,10
9890,25
9890,36
9890,38
9891,2
9891,4
9891,5
9891,10
9892,2
9892,4
9892,10
9892,16
9892,36
9893,2
9893,3
9893,5
9893,10
9894,1
9894,2
9894,28
9894,34
9894,35
9894,36
9894,37
9895,1
9895,3
9895,4
9895,12
9895,36
9896,4
9896,10
9896,39
9896,45
9897,1
9897,3
9897,4
9897,5
9897,10
9898,3
9898,4
9898,5
9898,10
9898,18
9899,1
9899,3
9899,4
9899,5
9899,6
9899,10
9900,1
9900,2
9900,28
9900,34
9900,36
9900,37
9901,1
9901,2
9901,3
9901,4
9901,5
9901,10
9902,1
9902,3
9902,4
9902,45
9902,46
9902,47
9903,1
9903,2
9903,5
9903,10
9903,21
9904,1
9904,2
9904,3
9904,4
9904,5
9904,10
9904,26
9905,1
9905,2
9905,3
9905,4
9905,10
9906,1
9906,2
9906,3
9906,4
9906,5
9906,10
9907,1
9907,3
9907,4
9907,45
9907,46
9907,47
9908,1
9908,2
9908,4
9908,5
9908,10
9908,36
9909,2
9909,8
9909,26
9909,27
9910,1
9910,2
9910,3
9910,5
9910,10
9911,1
9911,2
9911,10
9911,19
9911,25
9912,1
9912,3
9912,4
9912,20
9912,39
9912,45
9913,1
9913,2
9913,4
9913,5
9913,10
9913,36
9914,1
9914,3
9914,4
9914,33
9914,39
9914,45
9915,1
9915,2
9915,7
9915,8
9915,26
9915,27
9916,1
9916,2
9916,3
9916,10
9917,1
9917,2
9917,7
9917,26
9917,27
9917,28
9918,1
9918,2
9918,3
9918,5
9918,10
9918,42
9919,1
9919,2
9919,5
9919,8
9919,10
9920,2
9920,7
9920,8
9920,27
9921,1
9921,3
9921,4
9921,5
9921,10
9921,35
9922,2
9922,3
9922,4
9922,10
9922,14
9923,1
9923,4
9923,10
9923,36
9924,2
9924,28
9924,34
9924,37
9925,1
9925,3
9925,4
9925,45
9925,46
9925,47
9926,1
9926,3
9926,10
9926,39
9926,45
9927,1
9927,3
9927,4
9927,6
9927,25
9927,36
9928,1
9928,2
9928,5
9928,10
9929,2
9929,3
9929,10
9929,25
9929,38
9930,1
9930,2
9930,9
9930,10
9930,38
9931,1
9931,2
9931,7
9931,8
9931,26
9931,27
9932,2
9932,3
9932,4
9932,5
9932,10
9933,1
9933,3
9933,4
9933,43
9933,47
9934,1
9934,2
9934,3
9934,10
9934,11
9934,25
9934,38
9935,1
9935,3
9935,4
9935,5
9935,8
9935,10
9936,1
9936,2
9936,4
9936,5
9936,10
9936,14
9936,36
9937,1
9937,3
9937,4
9937,39
9937,45
9938,1
9938,2
9938,3
9938,10
9938,25
9938,38
9938,42
9939,1
9939,3
9939,4
9939,12
9939,36
9940,1
9940,2
9940,24
9940,37
9941,1
9941,3
9941,4
9941,12
9941,25
9941,36
9942,1
9942,2
9942,3
9942,10
9942,25
9942,38
9943,1
9943,2
9943,7
9943,26
9944,3
9944,4
9944,12
9944,25
9944,36
9945,1
9945,7
9945,8
9945,26
9945,27
9945,45
9946,1
9946,3
9946,5
9946,38
9947,1
9947,2
9947,7
9947,8
9947,26
9947,27
9948,1
9948,3
9948,39
9948,45
9948,46
9948,47
9949,2
9949,4
9949,5
9949,10
9949,26
9950,1
9950,2
9950,3
9950,4
9950,5
9951,1
9951,3
9951,4
9951,12
9951,36
9952,1
9952,2
9952,4
9952,5
9952,10
9952,36
9953,1
9953,3
9953,4
9953,25
9953,36
9954,1
9954,3
9954,10
9954,25
9955,1
9955,2
9955,28
9955,33
9955,34
9955,36
9955,37
9956,1
9956,2
9956,3
9956,4
9956,5
9956,10
9957,1
9957,2
9957,3
9957,4
9957,10
9957,20
9958,1
9958,3
9958,4
9958,5
9958,35
9959,1
9959,2
9959,5
9959,10
9959,38
9960,1
9960,2
9960,3
9960,5
9960,13
9961,2
9961,3
9961,5
9961,10
9962,1
9962,2
9962,3
9962,4
9962,5
9962,42
9963,1
9963,2
9963,3
9963,4
9963,5
9963,10
9963,46
9964,1
9964,2
9964,28
9964,34
9964,36
9964,37
9965,1
9965,2
9965,3
9965,4
9965,5
9965,10
9966,1
9966,2
9966,3
9966,10
9966,25
9966,38
9967,1
9967,3
9967,4
9967,10
9967,15
9967,39
9967,45
9968,1
9968,2
9968,4
9968,10
9969,1
9969,3
9969,12
9969,25
9969,36
9970,1
9970,2
9970,4
9970,5
9970,10
9970,29
9970,36
9971,1
9971,2
9971,4
9971,5
9971,10
9971,36
9972,3
9972,4
9972,5
9972,10
9972,39
9973,1
9973,2
9973,5
9973,10
9973,38
9974,1
9974,2
9974,3
9974,4
9974,5
9974,10
9975,1
9975,2
9975,16
9975,24
9975,36
9975,37
9976,1
9976,34
9976,36
9976,37
9977,3
9977,4
9977,13
9977,46
9977,47
9978,1
9978,4
9978,5
9978,10
9978,29
9978,36
9979,1
9979,4
9979,5
9979,10
9980,2
9980,3
9980,10
9980,25
9980,38
9981,1
9981,3
9981,4
9981,26
9981,47
9982,1
9982,3
9982,4
9982,12
9982,20
9982,25
9982,36
9983,1
9983,4
9983,46
9983,47
9984,1
9984,2
9984,4
9984,5
9984,10
9984,36
9985,1
9985,2
9985,3
9985,4
9985,5
9985,10
9986,1
9986,2
9986,5
9986,10
9986,31
9987,1
9987,4
9987,42
9987,45
9987,46
9987,47
9988,1
9988,2
9988,3
9988,4
9988,5
9988,10
9988,23
9989,1
9989,2
9989,3
9989,4
9989,5
9989,10
9990,1
9990,7
9990,8
9990,27
9991,2
9991,3
9991,4
9991,5
9991,10
9992,1
9992,3
9992,4
9992,37
9992,45
9992,47
9993,2
9993,3
9993,4
9993,5
9993,41
9994,1
9994,7
9994,8
9994,9
9994,26
9994,27
9995,1
9995,3
9995,4
9995,5
9995,10
9995,36
9996,1
9996,2
9996,4
9996,5
9996,10
9996,18
9997,1
9997,2
9997,4
9997,5
9997,10
9997,36
9998,1
9998,3
9998,4
9998,12
9998,36
9998,44
9999,1
9999,2
9999,5
9999,10
10000,1
10000,2
10000,7
10000,8
10000,26
10000,27
